week_date,REGION,COUNTRY,ADMIN1,EVENT_TYPE,SUB_EVENT_TYPE,EVENTS,FATALITIES,POPULATION_EXPOSURE,DISORDER_TYPE,ID,CENTROID_LATITUDE,CENTROID_LONGITUDE
2020-12-26,Middle Africa,Cameroon,Adamaoua,Battles,Armed clash,1,0,13508,Political violence,3753,7.0781,13.218
2021-01-23,Middle Africa,Cameroon,Adamaoua,Battles,Armed clash,1,1,1048,Political violence,3753,7.0781,13.218
2022-04-16,Middle Africa,Cameroon,Adamaoua,Battles,Armed clash,1,2,14895,Political violence,3753,7.0781,13.218
2022-08-06,Middle Africa,Cameroon,Adamaoua,Battles,Armed clash,1,1,2439,Political violence,3753,7.0781,13.218
2023-03-04,Middle Africa,Cameroon,Adamaoua,Battles,Armed clash,1,2,259073,Political violence,3753,7.0781,13.218
2023-07-01,Middle Africa,Cameroon,Adamaoua,Battles,Armed clash,1,0,1098,Political violence,3753,7.0781,13.218
2024-01-06,Middle Africa,Cameroon,Adamaoua,Battles,Armed clash,1,0,20198,Political violence,3753,7.0781,13.218
2021-05-22,Middle Africa,Cameroon,Adamaoua,Protests,Peaceful protest,1,0,26784,Demonstrations,3753,7.0781,13.218
2025-10-25,Middle Africa,Cameroon,Adamaoua,Protests,Peaceful protest,1,0,30915,Demonstrations,3753,7.0781,13.218
2025-11-29,Middle Africa,Cameroon,Adamaoua,Protests,Protest with intervention,1,0,23,Demonstrations,3753,7.0781,13.218
2025-11-01,Middle Africa,Cameroon,Adamaoua,Riots,Mob violence,2,0,44372,Political violence,3753,7.0781,13.218
2025-12-27,Middle Africa,Cameroon,Adamaoua,Riots,Mob violence,1,0,111925,Political violence,3753,7.0781,13.218
2020-02-08,Middle Africa,Cameroon,Adamaoua,Riots,Violent demonstration,1,0,38002,Demonstrations,3753,7.0781,13.218
2020-03-14,Middle Africa,Cameroon,Adamaoua,Riots,Violent demonstration,1,1,97828,Demonstrations,3753,7.0781,13.218
2025-10-18,Middle Africa,Cameroon,Adamaoua,Riots,Violent demonstration,1,0,111925,Demonstrations,3753,7.0781,13.218
2022-09-17,Middle Africa,Cameroon,Adamaoua,Strategic developments,Arrests,1,0,,Strategic developments,3753,7.0781,13.218
2022-05-28,Middle Africa,Cameroon,Adamaoua,Strategic developments,Disrupted weapons use,1,0,,Strategic developments,3753,7.0781,13.218
2024-10-26,Middle Africa,Cameroon,Adamaoua,Strategic developments,Disrupted weapons use,1,0,,Strategic developments,3753,7.0781,13.218
2020-11-21,Middle Africa,Cameroon,Adamaoua,Strategic developments,Headquarters or base established,1,0,,Strategic developments,3753,7.0781,13.218
2023-03-18,Middle Africa,Cameroon,Adamaoua,Strategic developments,Looting/property destruction,1,0,,Strategic developments,3753,7.0781,13.218
2023-09-16,Middle Africa,Cameroon,Adamaoua,Strategic developments,Looting/property destruction,1,0,,Strategic developments,3753,7.0781,13.218
2023-09-23,Middle Africa,Cameroon,Adamaoua,Strategic developments,Looting/property destruction,1,0,,Strategic developments,3753,7.0781,13.218
2024-02-24,Middle Africa,Cameroon,Adamaoua,Violence against civilians,Abduction/forced disappearance,1,0,15137,Political violence,3753,7.0781,13.218
2025-03-08,Middle Africa,Cameroon,Adamaoua,Violence against civilians,Abduction/forced disappearance,1,0,4,Political violence,3753,7.0781,13.218
2025-08-23,Middle Africa,Cameroon,Adamaoua,Violence against civilians,Abduction/forced disappearance,1,0,383,Political violence,3753,7.0781,13.218
2025-08-30,Middle Africa,Cameroon,Adamaoua,Violence against civilians,Abduction/forced disappearance,1,0,14764,Political violence,3753,7.0781,13.218
2025-11-08,Middle Africa,Cameroon,Adamaoua,Violence against civilians,Abduction/forced disappearance,2,0,112999,Political violence,3753,7.0781,13.218
2026-03-14,Middle Africa,Cameroon,Adamaoua,Violence against civilians,Abduction/forced disappearance,1,0,18031,Political violence,3753,7.0781,13.218
2020-09-26,Middle Africa,Cameroon,Adamaoua,Violence against civilians,Attack,1,1,44515,Political violence,3753,7.0781,13.218
2022-06-11,Middle Africa,Cameroon,Adamaoua,Violence against civilians,Attack,1,7,1333,Political violence,3753,7.0781,13.218
2022-08-20,Middle Africa,Cameroon,Adamaoua,Violence against civilians,Attack,1,1,1073,Political violence,3753,7.0781,13.218
2022-12-24,Middle Africa,Cameroon,Adamaoua,Violence against civilians,Attack,1,1,251642,Political violence,3753,7.0781,13.218
2023-06-10,Middle Africa,Cameroon,Adamaoua,Violence against civilians,Attack,2,2,1098,Political violence,3753,7.0781,13.218
2023-08-19,Middle Africa,Cameroon,Adamaoua,Violence against civilians,Attack,1,0,362,Political violence,3753,7.0781,13.218
2023-09-23,Middle Africa,Cameroon,Adamaoua,Violence against civilians,Attack,1,0,362,Political violence,3753,7.0781,13.218
2024-02-10,Middle Africa,Cameroon,Adamaoua,Violence against civilians,Attack,1,0,373,Political violence,3753,7.0781,13.218
2025-11-15,Middle Africa,Cameroon,Adamaoua,Violence against civilians,Attack,1,1,6344,Political violence,3753,7.0781,13.218
2025-11-29,Middle Africa,Cameroon,Adamaoua,Violence against civilians,Attack,1,0,77210,Political violence,3753,7.0781,13.218
2025-12-06,Middle Africa,Cameroon,Adamaoua,Violence against civilians,Attack,1,1,161,Political violence,3753,7.0781,13.218
2025-12-27,Middle Africa,Cameroon,Adamaoua,Violence against civilians,Attack,1,1,274487,Political violence,3753,7.0781,13.218
2021-10-09,Middle Africa,Cameroon,Centre,Battles,Armed clash,1,17,75631,Political violence,3748,4.6837,11.854
2022-06-04,Middle Africa,Cameroon,Centre,Battles,Armed clash,1,0,1394809,Political violence,3748,4.6837,11.854
2022-07-30,Middle Africa,Cameroon,Centre,Battles,Armed clash,1,1,1394809,Political violence,3748,4.6837,11.854
2022-09-10,Middle Africa,Cameroon,Centre,Battles,Armed clash,1,0,1394809,Political violence,3748,4.6837,11.854
2023-09-09,Middle Africa,Cameroon,Centre,Battles,Armed clash,1,1,1469776,Political violence,3748,4.6837,11.854
2024-03-09,Middle Africa,Cameroon,Centre,Battles,Armed clash,1,1,128,Political violence,3748,4.6837,11.854
2020-06-20,Middle Africa,Cameroon,Centre,Explosions/Remote violence,Remote explosive/landmine/IED,1,0,1341899,Political violence,3748,4.6837,11.854
2020-06-27,Middle Africa,Cameroon,Centre,Explosions/Remote violence,Remote explosive/landmine/IED,1,0,1341899,Political violence,3748,4.6837,11.854
2020-08-08,Middle Africa,Cameroon,Centre,Explosions/Remote violence,Remote explosive/landmine/IED,1,0,1341899,Political violence,3748,4.6837,11.854
2020-10-31,Middle Africa,Cameroon,Centre,Explosions/Remote violence,Remote explosive/landmine/IED,1,0,1341899,Political violence,3748,4.6837,11.854
2021-11-13,Middle Africa,Cameroon,Centre,Explosions/Remote violence,Remote explosive/landmine/IED,1,0,1353386,Political violence,3748,4.6837,11.854
2022-02-19,Middle Africa,Cameroon,Centre,Explosions/Remote violence,Remote explosive/landmine/IED,1,0,1394809,Political violence,3748,4.6837,11.854
2022-07-02,Middle Africa,Cameroon,Centre,Explosions/Remote violence,Remote explosive/landmine/IED,1,0,1394809,Political violence,3748,4.6837,11.854
2022-07-09,Middle Africa,Cameroon,Centre,Explosions/Remote violence,Remote explosive/landmine/IED,1,0,1394809,Political violence,3748,4.6837,11.854
2020-01-25,Middle Africa,Cameroon,Centre,Protests,Excessive force against protesters,1,1,55645,Political violence; Demonstrations,3748,4.6837,11.854
2024-03-16,Middle Africa,Cameroon,Centre,Protests,Excessive force against protesters,1,0,63450,Political violence; Demonstrations,3748,4.6837,11.854
2020-01-04,Middle Africa,Cameroon,Centre,Protests,Peaceful protest,1,0,6458,Demonstrations,3748,4.6837,11.854
2020-01-11,Middle Africa,Cameroon,Centre,Protests,Peaceful protest,3,0,64962,Demonstrations,3748,4.6837,11.854
2020-01-18,Middle Africa,Cameroon,Centre,Protests,Peaceful protest,1,0,55645,Demonstrations,3748,4.6837,11.854
2020-02-01,Middle Africa,Cameroon,Centre,Protests,Peaceful protest,1,0,55645,Demonstrations,3748,4.6837,11.854
2020-02-15,Middle Africa,Cameroon,Centre,Protests,Peaceful protest,1,0,59,Demonstrations,3748,4.6837,11.854
2020-02-22,Middle Africa,Cameroon,Centre,Protests,Peaceful protest,1,0,55645,Demonstrations,3748,4.6837,11.854
2020-03-28,Middle Africa,Cameroon,Centre,Protests,Peaceful protest,1,0,55645,Demonstrations,3748,4.6837,11.854
2020-04-11,Middle Africa,Cameroon,Centre,Protests,Peaceful protest,1,0,55645,Demonstrations,3748,4.6837,11.854
2020-05-02,Middle Africa,Cameroon,Centre,Protests,Peaceful protest,3,0,55645,Demonstrations,3748,4.6837,11.854
2020-05-23,Middle Africa,Cameroon,Centre,Protests,Peaceful protest,1,0,55645,Demonstrations,3748,4.6837,11.854
2020-05-30,Middle Africa,Cameroon,Centre,Protests,Peaceful protest,1,0,55645,Demonstrations,3748,4.6837,11.854
2020-06-06,Middle Africa,Cameroon,Centre,Protests,Peaceful protest,2,0,55645,Demonstrations,3748,4.6837,11.854
2020-06-13,Middle Africa,Cameroon,Centre,Protests,Peaceful protest,2,0,55645,Demonstrations,3748,4.6837,11.854
2020-07-11,Middle Africa,Cameroon,Centre,Protests,Peaceful protest,1,0,,Demonstrations,3748,4.6837,11.854
2020-08-15,Middle Africa,Cameroon,Centre,Protests,Peaceful protest,1,0,55645,Demonstrations,3748,4.6837,11.854
2020-08-29,Middle Africa,Cameroon,Centre,Protests,Peaceful protest,2,0,55645,Demonstrations,3748,4.6837,11.854
2020-09-12,Middle Africa,Cameroon,Centre,Protests,Peaceful protest,2,0,3273,Demonstrations,3748,4.6837,11.854
2020-09-19,Middle Africa,Cameroon,Centre,Protests,Peaceful protest,1,0,55645,Demonstrations,3748,4.6837,11.854
2020-10-03,Middle Africa,Cameroon,Centre,Protests,Peaceful protest,1,0,55645,Demonstrations,3748,4.6837,11.854
2020-10-24,Middle Africa,Cameroon,Centre,Protests,Peaceful protest,2,0,55645,Demonstrations,3748,4.6837,11.854
2020-10-31,Middle Africa,Cameroon,Centre,Protests,Peaceful protest,1,0,55645,Demonstrations,3748,4.6837,11.854
2020-11-14,Middle Africa,Cameroon,Centre,Protests,Peaceful protest,1,0,55645,Demonstrations,3748,4.6837,11.854
2020-11-28,Middle Africa,Cameroon,Centre,Protests,Peaceful protest,1,0,404,Demonstrations,3748,4.6837,11.854
2021-02-13,Middle Africa,Cameroon,Centre,Protests,Peaceful protest,1,0,57456,Demonstrations,3748,4.6837,11.854
2021-04-03,Middle Africa,Cameroon,Centre,Protests,Peaceful protest,1,0,57456,Demonstrations,3748,4.6837,11.854
2021-05-01,Middle Africa,Cameroon,Centre,Protests,Peaceful protest,1,0,57456,Demonstrations,3748,4.6837,11.854
2021-05-29,Middle Africa,Cameroon,Centre,Protests,Peaceful protest,1,0,57456,Demonstrations,3748,4.6837,11.854
2021-06-05,Middle Africa,Cameroon,Centre,Protests,Peaceful protest,2,0,57456,Demonstrations,3748,4.6837,11.854
2021-06-26,Middle Africa,Cameroon,Centre,Protests,Peaceful protest,1,0,6402,Demonstrations,3748,4.6837,11.854
2021-07-31,Middle Africa,Cameroon,Centre,Protests,Peaceful protest,1,0,57456,Demonstrations,3748,4.6837,11.854
2021-08-07,Middle Africa,Cameroon,Centre,Protests,Peaceful protest,1,0,57456,Demonstrations,3748,4.6837,11.854
2021-08-14,Middle Africa,Cameroon,Centre,Protests,Peaceful protest,1,0,57456,Demonstrations,3748,4.6837,11.854
2021-09-18,Middle Africa,Cameroon,Centre,Protests,Peaceful protest,1,0,57456,Demonstrations,3748,4.6837,11.854
2021-10-09,Middle Africa,Cameroon,Centre,Protests,Peaceful protest,1,0,57456,Demonstrations,3748,4.6837,11.854
2021-10-16,Middle Africa,Cameroon,Centre,Protests,Peaceful protest,1,0,57456,Demonstrations,3748,4.6837,11.854
2021-10-23,Middle Africa,Cameroon,Centre,Protests,Peaceful protest,2,0,65232,Demonstrations,3748,4.6837,11.854
2021-12-04,Middle Africa,Cameroon,Centre,Protests,Peaceful protest,1,0,57456,Demonstrations,3748,4.6837,11.854
2022-01-22,Middle Africa,Cameroon,Centre,Protests,Peaceful protest,1,0,59379,Demonstrations,3748,4.6837,11.854
2022-02-19,Middle Africa,Cameroon,Centre,Protests,Peaceful protest,1,0,59379,Demonstrations,3748,4.6837,11.854
2022-06-04,Middle Africa,Cameroon,Centre,Protests,Peaceful protest,1,0,59379,Demonstrations,3748,4.6837,11.854
2022-06-25,Middle Africa,Cameroon,Centre,Protests,Peaceful protest,1,0,59379,Demonstrations,3748,4.6837,11.854
2022-07-02,Middle Africa,Cameroon,Centre,Protests,Peaceful protest,1,0,59379,Demonstrations,3748,4.6837,11.854
2022-08-06,Middle Africa,Cameroon,Centre,Protests,Peaceful protest,1,0,636,Demonstrations,3748,4.6837,11.854
2022-09-17,Middle Africa,Cameroon,Centre,Protests,Peaceful protest,1,0,59379,Demonstrations,3748,4.6837,11.854
2022-10-08,Middle Africa,Cameroon,Centre,Protests,Peaceful protest,1,0,59379,Demonstrations,3748,4.6837,11.854
2022-10-22,Middle Africa,Cameroon,Centre,Protests,Peaceful protest,1,0,59379,Demonstrations,3748,4.6837,11.854
2023-02-25,Middle Africa,Cameroon,Centre,Protests,Peaceful protest,1,0,18863,Demonstrations,3748,4.6837,11.854
2023-04-15,Middle Africa,Cameroon,Centre,Protests,Peaceful protest,1,0,61401,Demonstrations,3748,4.6837,11.854
2023-05-06,Middle Africa,Cameroon,Centre,Protests,Peaceful protest,1,0,61401,Demonstrations,3748,4.6837,11.854
2023-06-17,Middle Africa,Cameroon,Centre,Protests,Peaceful protest,1,0,61401,Demonstrations,3748,4.6837,11.854
2023-12-16,Middle Africa,Cameroon,Centre,Protests,Peaceful protest,1,0,61401,Demonstrations,3748,4.6837,11.854
2024-04-13,Middle Africa,Cameroon,Centre,Protests,Peaceful protest,1,0,63450,Demonstrations,3748,4.6837,11.854
2024-07-06,Middle Africa,Cameroon,Centre,Protests,Peaceful protest,1,0,63450,Demonstrations,3748,4.6837,11.854
2024-08-17,Middle Africa,Cameroon,Centre,Protests,Peaceful protest,1,0,63450,Demonstrations,3748,4.6837,11.854
2024-11-23,Middle Africa,Cameroon,Centre,Protests,Peaceful protest,1,0,63450,Demonstrations,3748,4.6837,11.854
2024-12-07,Middle Africa,Cameroon,Centre,Protests,Peaceful protest,1,0,63450,Demonstrations,3748,4.6837,11.854
2025-02-22,Middle Africa,Cameroon,Centre,Protests,Peaceful protest,1,0,65542,Demonstrations,3748,4.6837,11.854
2025-03-01,Middle Africa,Cameroon,Centre,Protests,Peaceful protest,1,0,65542,Demonstrations,3748,4.6837,11.854
2025-03-29,Middle Africa,Cameroon,Centre,Protests,Peaceful protest,3,0,65542,Demonstrations,3748,4.6837,11.854
2025-05-24,Middle Africa,Cameroon,Centre,Protests,Peaceful protest,1,0,65542,Demonstrations,3748,4.6837,11.854
2025-09-27,Middle Africa,Cameroon,Centre,Protests,Peaceful protest,1,0,65542,Demonstrations,3748,4.6837,11.854
2025-10-18,Middle Africa,Cameroon,Centre,Protests,Peaceful protest,1,0,65542,Demonstrations,3748,4.6837,11.854
2025-11-01,Middle Africa,Cameroon,Centre,Protests,Peaceful protest,1,0,65542,Demonstrations,3748,4.6837,11.854
2025-11-08,Middle Africa,Cameroon,Centre,Protests,Peaceful protest,1,0,65542,Demonstrations,3748,4.6837,11.854
2026-07-11,Middle Africa,Cameroon,Centre,Protests,Peaceful protest,1,0,67703,Demonstrations,3748,4.6837,11.854
2020-04-25,Middle Africa,Cameroon,Centre,Protests,Protest with intervention,1,0,55645,Demonstrations,3748,4.6837,11.854
2020-08-22,Middle Africa,Cameroon,Centre,Protests,Protest with intervention,1,0,55645,Demonstrations,3748,4.6837,11.854
2020-09-19,Middle Africa,Cameroon,Centre,Protests,Protest with intervention,1,0,55645,Demonstrations,3748,4.6837,11.854
2020-10-24,Middle Africa,Cameroon,Centre,Protests,Protest with intervention,1,0,55645,Demonstrations,3748,4.6837,11.854
2020-11-21,Middle Africa,Cameroon,Centre,Protests,Protest with intervention,1,0,55645,Demonstrations,3748,4.6837,11.854
2021-01-16,Middle Africa,Cameroon,Centre,Protests,Protest with intervention,1,0,57456,Demonstrations,3748,4.6837,11.854
2021-01-23,Middle Africa,Cameroon,Centre,Protests,Protest with intervention,1,0,128,Demonstrations,3748,4.6837,11.854
2022-04-16,Middle Africa,Cameroon,Centre,Protests,Protest with intervention,1,0,59379,Demonstrations,3748,4.6837,11.854
2022-06-25,Middle Africa,Cameroon,Centre,Protests,Protest with intervention,1,0,59379,Demonstrations,3748,4.6837,11.854
2022-07-16,Middle Africa,Cameroon,Centre,Protests,Protest with intervention,1,0,59379,Demonstrations,3748,4.6837,11.854
2023-02-25,Middle Africa,Cameroon,Centre,Protests,Protest with intervention,1,0,61401,Demonstrations,3748,4.6837,11.854
2023-06-03,Middle Africa,Cameroon,Centre,Protests,Protest with intervention,1,0,61401,Demonstrations,3748,4.6837,11.854
2026-05-23,Middle Africa,Cameroon,Centre,Protests,Protest with intervention,1,0,65010,Demonstrations,3748,4.6837,11.854
2020-02-29,Middle Africa,Cameroon,Centre,Riots,Mob violence,1,0,272297,Political violence,3748,4.6837,11.854
2020-04-18,Middle Africa,Cameroon,Centre,Riots,Mob violence,1,0,272297,Political violence,3748,4.6837,11.854
2020-10-10,Middle Africa,Cameroon,Centre,Riots,Mob violence,1,0,272297,Political violence,3748,4.6837,11.854
2020-10-24,Middle Africa,Cameroon,Centre,Riots,Mob violence,1,1,272297,Political violence,3748,4.6837,11.854
2020-11-21,Middle Africa,Cameroon,Centre,Riots,Mob violence,1,1,272297,Political violence,3748,4.6837,11.854
2020-12-05,Middle Africa,Cameroon,Centre,Riots,Mob violence,1,0,272297,Political violence,3748,4.6837,11.854
2020-12-26,Middle Africa,Cameroon,Centre,Riots,Mob violence,1,1,272297,Political violence,3748,4.6837,11.854
2021-01-09,Middle Africa,Cameroon,Centre,Riots,Mob violence,1,0,281033,Political violence,3748,4.6837,11.854
2021-01-16,Middle Africa,Cameroon,Centre,Riots,Mob violence,1,0,281033,Political violence,3748,4.6837,11.854
2021-01-30,Middle Africa,Cameroon,Centre,Riots,Mob violence,1,0,281033,Political violence,3748,4.6837,11.854
2021-02-06,Middle Africa,Cameroon,Centre,Riots,Mob violence,1,0,281033,Political violence,3748,4.6837,11.854
2021-02-27,Middle Africa,Cameroon,Centre,Riots,Mob violence,1,0,281033,Political violence,3748,4.6837,11.854
2021-04-24,Middle Africa,Cameroon,Centre,Riots,Mob violence,1,1,20521,Political violence,3748,4.6837,11.854
2021-05-15,Middle Africa,Cameroon,Centre,Riots,Mob violence,1,1,281033,Political violence,3748,4.6837,11.854
2021-06-12,Middle Africa,Cameroon,Centre,Riots,Mob violence,1,0,281033,Political violence,3748,4.6837,11.854
2021-09-18,Middle Africa,Cameroon,Centre,Riots,Mob violence,1,0,281033,Political violence,3748,4.6837,11.854
2021-10-02,Middle Africa,Cameroon,Centre,Riots,Mob violence,1,1,1851,Political violence,3748,4.6837,11.854
2021-11-13,Middle Africa,Cameroon,Centre,Riots,Mob violence,1,0,281033,Political violence,3748,4.6837,11.854
2021-12-25,Middle Africa,Cameroon,Centre,Riots,Mob violence,1,0,281033,Political violence,3748,4.6837,11.854
2022-02-19,Middle Africa,Cameroon,Centre,Riots,Mob violence,1,0,453,Political violence,3748,4.6837,11.854
2022-03-05,Middle Africa,Cameroon,Centre,Riots,Mob violence,1,0,289961,Political violence,3748,4.6837,11.854
2022-06-18,Middle Africa,Cameroon,Centre,Riots,Mob violence,1,0,289961,Political violence,3748,4.6837,11.854
2022-07-02,Middle Africa,Cameroon,Centre,Riots,Mob violence,1,1,289961,Political violence,3748,4.6837,11.854
2022-08-13,Middle Africa,Cameroon,Centre,Riots,Mob violence,1,0,289961,Political violence,3748,4.6837,11.854
2022-08-27,Middle Africa,Cameroon,Centre,Riots,Mob violence,2,2,289961,Political violence,3748,4.6837,11.854
2022-11-19,Middle Africa,Cameroon,Centre,Riots,Mob violence,1,0,289961,Political violence,3748,4.6837,11.854
2022-11-26,Middle Africa,Cameroon,Centre,Riots,Mob violence,1,1,289961,Political violence,3748,4.6837,11.854
2023-02-25,Middle Africa,Cameroon,Centre,Riots,Mob violence,1,0,299251,Political violence,3748,4.6837,11.854
2023-03-18,Middle Africa,Cameroon,Centre,Riots,Mob violence,1,0,299251,Political violence,3748,4.6837,11.854
2023-04-01,Middle Africa,Cameroon,Centre,Riots,Mob violence,1,0,299251,Political violence,3748,4.6837,11.854
2023-04-08,Middle Africa,Cameroon,Centre,Riots,Mob violence,1,1,299251,Political violence,3748,4.6837,11.854
2023-05-06,Middle Africa,Cameroon,Centre,Riots,Mob violence,2,0,299251,Political violence,3748,4.6837,11.854
2023-05-13,Middle Africa,Cameroon,Centre,Riots,Mob violence,1,1,299251,Political violence,3748,4.6837,11.854
2023-06-10,Middle Africa,Cameroon,Centre,Riots,Mob violence,1,0,299251,Political violence,3748,4.6837,11.854
2023-08-12,Middle Africa,Cameroon,Centre,Riots,Mob violence,1,0,299251,Political violence,3748,4.6837,11.854
2023-09-23,Middle Africa,Cameroon,Centre,Riots,Mob violence,1,0,299251,Political violence,3748,4.6837,11.854
2023-10-28,Middle Africa,Cameroon,Centre,Riots,Mob violence,1,1,1157,Political violence,3748,4.6837,11.854
2023-12-02,Middle Africa,Cameroon,Centre,Riots,Mob violence,2,2,318922,Political violence,3748,4.6837,11.854
2023-12-16,Middle Africa,Cameroon,Centre,Riots,Mob violence,1,2,10456,Political violence,3748,4.6837,11.854
2023-12-23,Middle Africa,Cameroon,Centre,Riots,Mob violence,1,1,299251,Political violence,3748,4.6837,11.854
2024-01-20,Middle Africa,Cameroon,Centre,Riots,Mob violence,2,2,308701,Political violence,3748,4.6837,11.854
2024-01-27,Middle Africa,Cameroon,Centre,Riots,Mob violence,1,0,2398,Political violence,3748,4.6837,11.854
2024-06-01,Middle Africa,Cameroon,Centre,Riots,Mob violence,1,1,308701,Political violence,3748,4.6837,11.854
2025-06-07,Middle Africa,Cameroon,Centre,Riots,Mob violence,1,0,185,Political violence,3748,4.6837,11.854
2026-01-03,Middle Africa,Cameroon,Centre,Riots,Mob violence,1,1,328111,Political violence,3748,4.6837,11.854
2026-03-14,Middle Africa,Cameroon,Centre,Riots,Mob violence,1,0,328111,Political violence,3748,4.6837,11.854
2026-06-06,Middle Africa,Cameroon,Centre,Riots,Mob violence,1,0,21754,Political violence,3748,4.6837,11.854
2026-06-13,Middle Africa,Cameroon,Centre,Riots,Mob violence,1,0,1396,Political violence,3748,4.6837,11.854
2020-07-11,Middle Africa,Cameroon,Centre,Riots,Violent demonstration,1,0,272297,Demonstrations,3748,4.6837,11.854
2021-04-24,Middle Africa,Cameroon,Centre,Riots,Violent demonstration,1,0,281033,Demonstrations,3748,4.6837,11.854
2021-09-18,Middle Africa,Cameroon,Centre,Riots,Violent demonstration,1,0,281033,Demonstrations,3748,4.6837,11.854
2022-02-19,Middle Africa,Cameroon,Centre,Riots,Violent demonstration,1,0,453,Demonstrations,3748,4.6837,11.854
2025-02-01,Middle Africa,Cameroon,Centre,Riots,Violent demonstration,1,1,490,Demonstrations,3748,4.6837,11.854
2025-10-25,Middle Africa,Cameroon,Centre,Riots,Violent demonstration,4,6,318289,Demonstrations,3748,4.6837,11.854
2020-06-27,Middle Africa,Cameroon,Centre,Strategic developments,Arrests,1,0,,Strategic developments,3748,4.6837,11.854
2020-09-19,Middle Africa,Cameroon,Centre,Strategic developments,Arrests,1,0,,Strategic developments,3748,4.6837,11.854
2021-10-09,Middle Africa,Cameroon,Centre,Strategic developments,Arrests,1,0,,Strategic developments,3748,4.6837,11.854
2022-12-24,Middle Africa,Cameroon,Centre,Strategic developments,Arrests,1,0,,Strategic developments,3748,4.6837,11.854
2025-07-05,Middle Africa,Cameroon,Centre,Strategic developments,Arrests,1,0,,Strategic developments,3748,4.6837,11.854
2020-08-15,Middle Africa,Cameroon,Centre,Strategic developments,Disrupted weapons use,1,0,,Strategic developments,3748,4.6837,11.854
2022-07-23,Middle Africa,Cameroon,Centre,Strategic developments,Disrupted weapons use,1,0,,Strategic developments,3748,4.6837,11.854
2020-01-18,Middle Africa,Cameroon,Centre,Strategic developments,Looting/property destruction,1,0,,Strategic developments,3748,4.6837,11.854
2020-09-19,Middle Africa,Cameroon,Centre,Strategic developments,Looting/property destruction,1,0,,Strategic developments,3748,4.6837,11.854
2021-12-04,Middle Africa,Cameroon,Centre,Strategic developments,Looting/property destruction,1,0,,Strategic developments,3748,4.6837,11.854
2022-04-02,Middle Africa,Cameroon,Centre,Strategic developments,Looting/property destruction,1,0,,Strategic developments,3748,4.6837,11.854
2022-09-10,Middle Africa,Cameroon,Centre,Strategic developments,Looting/property destruction,1,0,,Strategic developments,3748,4.6837,11.854
2023-11-25,Middle Africa,Cameroon,Centre,Strategic developments,Looting/property destruction,1,0,,Strategic developments,3748,4.6837,11.854
2023-12-16,Middle Africa,Cameroon,Centre,Strategic developments,Looting/property destruction,1,0,,Strategic developments,3748,4.6837,11.854
2024-02-17,Middle Africa,Cameroon,Centre,Strategic developments,Looting/property destruction,1,0,,Strategic developments,3748,4.6837,11.854
2025-09-20,Middle Africa,Cameroon,Centre,Strategic developments,Looting/property destruction,1,0,,Strategic developments,3748,4.6837,11.854
2022-06-04,Middle Africa,Cameroon,Centre,Strategic developments,Other,1,0,,Strategic developments,3748,4.6837,11.854
2022-11-12,Middle Africa,Cameroon,Centre,Strategic developments,Other,1,1,,Strategic developments,3748,4.6837,11.854
2023-06-17,Middle Africa,Cameroon,Centre,Strategic developments,Other,1,0,,Strategic developments,3748,4.6837,11.854
2024-03-16,Middle Africa,Cameroon,Centre,Strategic developments,Other,1,0,,Strategic developments,3748,4.6837,11.854
2024-07-06,Middle Africa,Cameroon,Centre,Strategic developments,Other,1,0,,Strategic developments,3748,4.6837,11.854
2025-01-04,Middle Africa,Cameroon,Centre,Strategic developments,Other,1,0,,Strategic developments,3748,4.6837,11.854
2025-11-01,Middle Africa,Cameroon,Centre,Strategic developments,Other,1,0,,Strategic developments,3748,4.6837,11.854
2025-11-29,Middle Africa,Cameroon,Centre,Strategic developments,Other,1,0,,Strategic developments,3748,4.6837,11.854
2023-01-14,Middle Africa,Cameroon,Centre,Violence against civilians,Abduction/forced disappearance,1,0,299251,Political violence,3748,4.6837,11.854
2023-03-11,Middle Africa,Cameroon,Centre,Violence against civilians,Abduction/forced disappearance,1,0,1314,Political violence,3748,4.6837,11.854
2025-09-27,Middle Africa,Cameroon,Centre,Violence against civilians,Abduction/forced disappearance,1,0,318289,Political violence,3748,4.6837,11.854
2020-01-18,Middle Africa,Cameroon,Centre,Violence against civilians,Attack,2,0,287649,Political violence,3748,4.6837,11.854
2020-02-01,Middle Africa,Cameroon,Centre,Violence against civilians,Attack,1,1,1176,Political violence,3748,4.6837,11.854
2020-04-04,Middle Africa,Cameroon,Centre,Violence against civilians,Attack,1,1,73129,Political violence,3748,4.6837,11.854
2020-11-14,Middle Africa,Cameroon,Centre,Violence against civilians,Attack,1,1,1341899,Political violence,3748,4.6837,11.854
2020-12-12,Middle Africa,Cameroon,Centre,Violence against civilians,Attack,1,0,272297,Political violence,3748,4.6837,11.854
2021-02-27,Middle Africa,Cameroon,Centre,Violence against civilians,Attack,1,0,281033,Political violence,3748,4.6837,11.854
2021-03-27,Middle Africa,Cameroon,Centre,Violence against civilians,Attack,1,0,281033,Political violence,3748,4.6837,11.854
2021-07-03,Middle Africa,Cameroon,Centre,Violence against civilians,Attack,1,0,281033,Political violence,3748,4.6837,11.854
2021-09-11,Middle Africa,Cameroon,Centre,Violence against civilians,Attack,1,0,281033,Political violence,3748,4.6837,11.854
2021-10-16,Middle Africa,Cameroon,Centre,Violence against civilians,Attack,1,2,1353386,Political violence,3748,4.6837,11.854
2021-11-06,Middle Africa,Cameroon,Centre,Violence against civilians,Attack,1,1,1353386,Political violence,3748,4.6837,11.854
2022-04-02,Middle Africa,Cameroon,Centre,Violence against civilians,Attack,1,1,2682,Political violence,3748,4.6837,11.854
2022-04-30,Middle Africa,Cameroon,Centre,Violence against civilians,Attack,1,0,289961,Political violence,3748,4.6837,11.854
2022-06-11,Middle Africa,Cameroon,Centre,Violence against civilians,Attack,1,0,289961,Political violence,3748,4.6837,11.854
2022-08-06,Middle Africa,Cameroon,Centre,Violence against civilians,Attack,1,0,55114,Political violence,3748,4.6837,11.854
2022-11-05,Middle Africa,Cameroon,Centre,Violence against civilians,Attack,1,0,289961,Political violence,3748,4.6837,11.854
2022-11-12,Middle Africa,Cameroon,Centre,Violence against civilians,Attack,1,0,289961,Political violence,3748,4.6837,11.854
2023-01-21,Middle Africa,Cameroon,Centre,Violence against civilians,Attack,1,1,1469776,Political violence,3748,4.6837,11.854
2023-01-28,Middle Africa,Cameroon,Centre,Violence against civilians,Attack,1,1,1469776,Political violence,3748,4.6837,11.854
2023-02-04,Middle Africa,Cameroon,Centre,Violence against civilians,Attack,1,0,299251,Political violence,3748,4.6837,11.854
2023-02-18,Middle Africa,Cameroon,Centre,Violence against civilians,Attack,1,0,299251,Political violence,3748,4.6837,11.854
2023-02-25,Middle Africa,Cameroon,Centre,Violence against civilians,Attack,1,1,27107,Political violence,3748,4.6837,11.854
2023-03-11,Middle Africa,Cameroon,Centre,Violence against civilians,Attack,1,1,1469776,Political violence,3748,4.6837,11.854
2023-04-15,Middle Africa,Cameroon,Centre,Violence against civilians,Attack,1,1,1469776,Political violence,3748,4.6837,11.854
2023-05-27,Middle Africa,Cameroon,Centre,Violence against civilians,Attack,1,1,1469776,Political violence,3748,4.6837,11.854
2023-06-03,Middle Africa,Cameroon,Centre,Violence against civilians,Attack,1,0,299251,Political violence,3748,4.6837,11.854
2023-07-22,Middle Africa,Cameroon,Centre,Violence against civilians,Attack,1,0,17873,Political violence,3748,4.6837,11.854
2023-08-05,Middle Africa,Cameroon,Centre,Violence against civilians,Attack,1,1,1469776,Political violence,3748,4.6837,11.854
2023-09-02,Middle Africa,Cameroon,Centre,Violence against civilians,Attack,1,1,1469776,Political violence,3748,4.6837,11.854
2023-12-09,Middle Africa,Cameroon,Centre,Violence against civilians,Attack,1,1,1469511,Political violence,3748,4.6837,11.854
2023-12-30,Middle Africa,Cameroon,Centre,Violence against civilians,Attack,1,1,1514084,Political violence,3748,4.6837,11.854
2024-03-16,Middle Africa,Cameroon,Centre,Violence against civilians,Attack,1,0,308701,Political violence,3748,4.6837,11.854
2024-08-24,Middle Africa,Cameroon,Centre,Violence against civilians,Attack,1,0,308701,Political violence,3748,4.6837,11.854
2024-10-05,Middle Africa,Cameroon,Centre,Violence against civilians,Attack,1,1,1514084,Political violence,3748,4.6837,11.854
2024-11-23,Middle Africa,Cameroon,Centre,Violence against civilians,Attack,1,1,1514084,Political violence,3748,4.6837,11.854
2024-12-07,Middle Africa,Cameroon,Centre,Violence against civilians,Attack,1,0,2398,Political violence,3748,4.6837,11.854
2020-12-26,Middle Africa,Cameroon,Centre,Violence against civilians,Sexual violence,1,0,20771,Political violence,3748,4.6837,11.854
2021-03-06,Middle Africa,Cameroon,Est,Battles,Armed clash,1,0,37243,Political violence,3747,3.8946,13.8592
2022-07-30,Middle Africa,Cameroon,Est,Battles,Armed clash,1,1,186815,Political violence,3747,3.8946,13.8592
2023-11-04,Middle Africa,Cameroon,Est,Protests,Peaceful protest,1,0,6142,Demonstrations,3747,3.8946,13.8592
2023-11-25,Middle Africa,Cameroon,Est,Protests,Peaceful protest,1,0,33076,Demonstrations,3747,3.8946,13.8592
2020-09-19,Middle Africa,Cameroon,Est,Protests,Protest with intervention,1,0,29040,Demonstrations,3747,3.8946,13.8592
2023-10-07,Middle Africa,Cameroon,Est,Protests,Protest with intervention,1,0,31206,Demonstrations,3747,3.8946,13.8592
2020-09-05,Middle Africa,Cameroon,Est,Riots,Mob violence,1,1,604,Political violence,3747,3.8946,13.8592
2021-03-27,Middle Africa,Cameroon,Est,Riots,Mob violence,1,0,77056,Political violence,3747,3.8946,13.8592
2022-09-24,Middle Africa,Cameroon,Est,Riots,Mob violence,1,0,17148,Political violence,3747,3.8946,13.8592
2023-11-25,Middle Africa,Cameroon,Est,Riots,Mob violence,1,0,42402,Political violence,3747,3.8946,13.8592
2024-06-29,Middle Africa,Cameroon,Est,Riots,Mob violence,2,1,17922,Political violence,3747,3.8946,13.8592
2021-02-06,Middle Africa,Cameroon,Est,Riots,Violent demonstration,1,0,58717,Demonstrations,3747,3.8946,13.8592
2025-10-25,Middle Africa,Cameroon,Est,Riots,Violent demonstration,2,5,110529,Demonstrations,3747,3.8946,13.8592
2020-09-12,Middle Africa,Cameroon,Est,Strategic developments,Arrests,1,0,,Strategic developments,3747,3.8946,13.8592
2020-12-19,Middle Africa,Cameroon,Est,Strategic developments,Change to group/activity,1,0,,Strategic developments,3747,3.8946,13.8592
2023-01-21,Middle Africa,Cameroon,Est,Strategic developments,Change to group/activity,1,0,,Strategic developments,3747,3.8946,13.8592
2020-12-26,Middle Africa,Cameroon,Est,Strategic developments,Other,1,0,,Strategic developments,3747,3.8946,13.8592
2025-10-25,Middle Africa,Cameroon,Est,Strategic developments,Other,1,0,,Strategic developments,3747,3.8946,13.8592
2021-02-13,Middle Africa,Cameroon,Est,Violence against civilians,Attack,1,0,77056,Political violence,3747,3.8946,13.8592
2022-04-30,Middle Africa,Cameroon,Est,Violence against civilians,Attack,1,1,74656,Political violence,3747,3.8946,13.8592
2023-01-07,Middle Africa,Cameroon,Est,Violence against civilians,Attack,1,1,671,Political violence,3747,3.8946,13.8592
2020-01-04,Middle Africa,Cameroon,Extreme-Nord,Battles,Armed clash,5,0,113376,Political violence,3756,11.4565,14.792
2020-01-11,Middle Africa,Cameroon,Extreme-Nord,Battles,Armed clash,5,5,51732,Political violence,3756,11.4565,14.792
2020-01-18,Middle Africa,Cameroon,Extreme-Nord,Battles,Armed clash,7,108,30521,Political violence,3756,11.4565,14.792
2020-01-25,Middle Africa,Cameroon,Extreme-Nord,Battles,Armed clash,4,9,51101,Political violence,3756,11.4565,14.792
2020-02-01,Middle Africa,Cameroon,Extreme-Nord,Battles,Armed clash,2,2,10306,Political violence,3756,11.4565,14.792
2020-02-08,Middle Africa,Cameroon,Extreme-Nord,Battles,Armed clash,1,0,1364,Political violence,3756,11.4565,14.792
2020-02-15,Middle Africa,Cameroon,Extreme-Nord,Battles,Armed clash,5,4,80939,Political violence,3756,11.4565,14.792
2020-02-22,Middle Africa,Cameroon,Extreme-Nord,Battles,Armed clash,4,3,45079,Political violence,3756,11.4565,14.792
2020-02-29,Middle Africa,Cameroon,Extreme-Nord,Battles,Armed clash,2,10,14117,Political violence,3756,11.4565,14.792
2020-03-07,Middle Africa,Cameroon,Extreme-Nord,Battles,Armed clash,3,0,10710,Political violence,3756,11.4565,14.792
2020-03-14,Middle Africa,Cameroon,Extreme-Nord,Battles,Armed clash,1,1,5245,Political violence,3756,11.4565,14.792
2020-03-21,Middle Africa,Cameroon,Extreme-Nord,Battles,Armed clash,2,1,101815,Political violence,3756,11.4565,14.792
2020-03-28,Middle Africa,Cameroon,Extreme-Nord,Battles,Armed clash,4,2,52118,Political violence,3756,11.4565,14.792
2020-04-04,Middle Africa,Cameroon,Extreme-Nord,Battles,Armed clash,5,14,44966,Political violence,3756,11.4565,14.792
2020-04-11,Middle Africa,Cameroon,Extreme-Nord,Battles,Armed clash,1,0,19262,Political violence,3756,11.4565,14.792
2020-04-18,Middle Africa,Cameroon,Extreme-Nord,Battles,Armed clash,2,4,8379,Political violence,3756,11.4565,14.792
2020-04-25,Middle Africa,Cameroon,Extreme-Nord,Battles,Armed clash,2,0,60654,Political violence,3756,11.4565,14.792
2020-05-02,Middle Africa,Cameroon,Extreme-Nord,Battles,Armed clash,2,1,12658,Political violence,3756,11.4565,14.792
2020-05-16,Middle Africa,Cameroon,Extreme-Nord,Battles,Armed clash,3,3,13699,Political violence,3756,11.4565,14.792
2020-05-23,Middle Africa,Cameroon,Extreme-Nord,Battles,Armed clash,3,9,9618,Political violence,3756,11.4565,14.792
2020-05-30,Middle Africa,Cameroon,Extreme-Nord,Battles,Armed clash,5,8,35666,Political violence,3756,11.4565,14.792
2020-06-06,Middle Africa,Cameroon,Extreme-Nord,Battles,Armed clash,5,7,26027,Political violence,3756,11.4565,14.792
2020-06-13,Middle Africa,Cameroon,Extreme-Nord,Battles,Armed clash,5,8,40818,Political violence,3756,11.4565,14.792
2020-06-20,Middle Africa,Cameroon,Extreme-Nord,Battles,Armed clash,2,3,101815,Political violence,3756,11.4565,14.792
2020-06-27,Middle Africa,Cameroon,Extreme-Nord,Battles,Armed clash,2,0,11354,Political violence,3756,11.4565,14.792
2020-07-04,Middle Africa,Cameroon,Extreme-Nord,Battles,Armed clash,7,6,141998,Political violence,3756,11.4565,14.792
2020-07-11,Middle Africa,Cameroon,Extreme-Nord,Battles,Armed clash,3,4,3321,Political violence,3756,11.4565,14.792
2020-07-18,Middle Africa,Cameroon,Extreme-Nord,Battles,Armed clash,4,2,104882,Political violence,3756,11.4565,14.792
2020-07-25,Middle Africa,Cameroon,Extreme-Nord,Battles,Armed clash,5,6,29112,Political violence,3756,11.4565,14.792
2020-08-01,Middle Africa,Cameroon,Extreme-Nord,Battles,Armed clash,4,12,18221,Political violence,3756,11.4565,14.792
2020-08-08,Middle Africa,Cameroon,Extreme-Nord,Battles,Armed clash,4,2,113016,Political violence,3756,11.4565,14.792
2020-08-22,Middle Africa,Cameroon,Extreme-Nord,Battles,Armed clash,3,3,18667,Political violence,3756,11.4565,14.792
2020-08-29,Middle Africa,Cameroon,Extreme-Nord,Battles,Armed clash,3,4,55578,Political violence,3756,11.4565,14.792
2020-09-05,Middle Africa,Cameroon,Extreme-Nord,Battles,Armed clash,2,3,29303,Political violence,3756,11.4565,14.792
2020-09-12,Middle Africa,Cameroon,Extreme-Nord,Battles,Armed clash,2,0,12779,Political violence,3756,11.4565,14.792
2020-09-19,Middle Africa,Cameroon,Extreme-Nord,Battles,Armed clash,1,0,3948,Political violence,3756,11.4565,14.792
2020-09-26,Middle Africa,Cameroon,Extreme-Nord,Battles,Armed clash,4,4,183459,Political violence,3756,11.4565,14.792
2020-10-03,Middle Africa,Cameroon,Extreme-Nord,Battles,Armed clash,3,1,15457,Political violence,3756,11.4565,14.792
2020-10-10,Middle Africa,Cameroon,Extreme-Nord,Battles,Armed clash,3,1,133264,Political violence,3756,11.4565,14.792
2020-10-17,Middle Africa,Cameroon,Extreme-Nord,Battles,Armed clash,3,1,373678,Political violence,3756,11.4565,14.792
2020-10-24,Middle Africa,Cameroon,Extreme-Nord,Battles,Armed clash,4,2,40055,Political violence,3756,11.4565,14.792
2020-10-31,Middle Africa,Cameroon,Extreme-Nord,Battles,Armed clash,4,53,31236,Political violence,3756,11.4565,14.792
2020-11-07,Middle Africa,Cameroon,Extreme-Nord,Battles,Armed clash,3,3,54614,Political violence,3756,11.4565,14.792
2020-11-14,Middle Africa,Cameroon,Extreme-Nord,Battles,Armed clash,4,8,359252,Political violence,3756,11.4565,14.792
2020-11-21,Middle Africa,Cameroon,Extreme-Nord,Battles,Armed clash,2,0,15773,Political violence,3756,11.4565,14.792
2020-11-28,Middle Africa,Cameroon,Extreme-Nord,Battles,Armed clash,5,2,72270,Political violence,3756,11.4565,14.792
2020-12-05,Middle Africa,Cameroon,Extreme-Nord,Battles,Armed clash,1,0,19365,Political violence,3756,11.4565,14.792
2020-12-12,Middle Africa,Cameroon,Extreme-Nord,Battles,Armed clash,3,2,22897,Political violence,3756,11.4565,14.792
2020-12-19,Middle Africa,Cameroon,Extreme-Nord,Battles,Armed clash,1,1,41827,Political violence,3756,11.4565,14.792
2020-12-26,Middle Africa,Cameroon,Extreme-Nord,Battles,Armed clash,1,0,1415,Political violence,3756,11.4565,14.792
2021-01-02,Middle Africa,Cameroon,Extreme-Nord,Battles,Armed clash,4,20,25152,Political violence,3756,11.4565,14.792
2021-01-16,Middle Africa,Cameroon,Extreme-Nord,Battles,Armed clash,4,3,29402,Political violence,3756,11.4565,14.792
2021-01-23,Middle Africa,Cameroon,Extreme-Nord,Battles,Armed clash,2,1,2312,Political violence,3756,11.4565,14.792
2021-01-30,Middle Africa,Cameroon,Extreme-Nord,Battles,Armed clash,4,5,70444,Political violence,3756,11.4565,14.792
2021-02-06,Middle Africa,Cameroon,Extreme-Nord,Battles,Armed clash,3,4,12005,Political violence,3756,11.4565,14.792
2021-02-13,Middle Africa,Cameroon,Extreme-Nord,Battles,Armed clash,4,5,27598,Political violence,3756,11.4565,14.792
2021-02-20,Middle Africa,Cameroon,Extreme-Nord,Battles,Armed clash,1,2,43192,Political violence,3756,11.4565,14.792
2021-02-27,Middle Africa,Cameroon,Extreme-Nord,Battles,Armed clash,5,4,15328,Political violence,3756,11.4565,14.792
2021-03-06,Middle Africa,Cameroon,Extreme-Nord,Battles,Armed clash,1,0,5676,Political violence,3756,11.4565,14.792
2021-03-13,Middle Africa,Cameroon,Extreme-Nord,Battles,Armed clash,1,0,20387,Political violence,3756,11.4565,14.792
2021-03-20,Middle Africa,Cameroon,Extreme-Nord,Battles,Armed clash,8,11,415505,Political violence,3756,11.4565,14.792
2021-03-27,Middle Africa,Cameroon,Extreme-Nord,Battles,Armed clash,4,15,13115,Political violence,3756,11.4565,14.792
2021-04-03,Middle Africa,Cameroon,Extreme-Nord,Battles,Armed clash,4,7,30697,Political violence,3756,11.4565,14.792
2021-04-10,Middle Africa,Cameroon,Extreme-Nord,Battles,Armed clash,4,8,55266,Political violence,3756,11.4565,14.792
2021-04-17,Middle Africa,Cameroon,Extreme-Nord,Battles,Armed clash,1,0,9492,Political violence,3756,11.4565,14.792
2021-04-24,Middle Africa,Cameroon,Extreme-Nord,Battles,Armed clash,5,0,86720,Political violence,3756,11.4565,14.792
2021-05-01,Middle Africa,Cameroon,Extreme-Nord,Battles,Armed clash,4,7,34902,Political violence,3756,11.4565,14.792
2021-05-08,Middle Africa,Cameroon,Extreme-Nord,Battles,Armed clash,1,1,1153,Political violence,3756,11.4565,14.792
2021-05-15,Middle Africa,Cameroon,Extreme-Nord,Battles,Armed clash,3,8,11807,Political violence,3756,11.4565,14.792
2021-05-22,Middle Africa,Cameroon,Extreme-Nord,Battles,Armed clash,3,1,37115,Political violence,3756,11.4565,14.792
2021-05-29,Middle Africa,Cameroon,Extreme-Nord,Battles,Armed clash,3,20,16042,Political violence,3756,11.4565,14.792
2021-06-05,Middle Africa,Cameroon,Extreme-Nord,Battles,Armed clash,2,1,10438,Political violence,3756,11.4565,14.792
2021-06-12,Middle Africa,Cameroon,Extreme-Nord,Battles,Armed clash,1,0,19726,Political violence,3756,11.4565,14.792
2021-06-19,Middle Africa,Cameroon,Extreme-Nord,Battles,Armed clash,1,2,4305,Political violence,3756,11.4565,14.792
2021-06-26,Middle Africa,Cameroon,Extreme-Nord,Battles,Armed clash,2,1,47959,Political violence,3756,11.4565,14.792
2021-07-03,Middle Africa,Cameroon,Extreme-Nord,Battles,Armed clash,9,8,81071,Political violence,3756,11.4565,14.792
2021-07-10,Middle Africa,Cameroon,Extreme-Nord,Battles,Armed clash,5,3,50313,Political violence,3756,11.4565,14.792
2021-07-17,Middle Africa,Cameroon,Extreme-Nord,Battles,Armed clash,3,1,294686,Political violence,3756,11.4565,14.792
2021-07-24,Middle Africa,Cameroon,Extreme-Nord,Battles,Armed clash,5,60,368329,Political violence,3756,11.4565,14.792
2021-07-31,Middle Africa,Cameroon,Extreme-Nord,Battles,Armed clash,3,6,22343,Political violence,3756,11.4565,14.792
2021-08-07,Middle Africa,Cameroon,Extreme-Nord,Battles,Armed clash,5,32,15323,Political violence,3756,11.4565,14.792
2021-08-14,Middle Africa,Cameroon,Extreme-Nord,Battles,Armed clash,3,14,31876,Political violence,3756,11.4565,14.792
2021-08-21,Middle Africa,Cameroon,Extreme-Nord,Battles,Armed clash,1,1,4122,Political violence,3756,11.4565,14.792
2021-08-28,Middle Africa,Cameroon,Extreme-Nord,Battles,Armed clash,3,0,26055,Political violence,3756,11.4565,14.792
2021-09-04,Middle Africa,Cameroon,Extreme-Nord,Battles,Armed clash,1,0,393,Political violence,3756,11.4565,14.792
2021-09-18,Middle Africa,Cameroon,Extreme-Nord,Battles,Armed clash,1,1,5288,Political violence,3756,11.4565,14.792
2021-09-25,Middle Africa,Cameroon,Extreme-Nord,Battles,Armed clash,6,13,52542,Political violence,3756,11.4565,14.792
2021-10-02,Middle Africa,Cameroon,Extreme-Nord,Battles,Armed clash,1,0,6825,Political violence,3756,11.4565,14.792
2021-10-09,Middle Africa,Cameroon,Extreme-Nord,Battles,Armed clash,2,2,5679,Political violence,3756,11.4565,14.792
2021-10-16,Middle Africa,Cameroon,Extreme-Nord,Battles,Armed clash,1,3,601,Political violence,3756,11.4565,14.792
2021-10-30,Middle Africa,Cameroon,Extreme-Nord,Battles,Armed clash,1,2,11350,Political violence,3756,11.4565,14.792
2021-11-06,Middle Africa,Cameroon,Extreme-Nord,Battles,Armed clash,1,0,1153,Political violence,3756,11.4565,14.792
2021-11-20,Middle Africa,Cameroon,Extreme-Nord,Battles,Armed clash,1,1,4008,Political violence,3756,11.4565,14.792
2021-11-27,Middle Africa,Cameroon,Extreme-Nord,Battles,Armed clash,4,15,29704,Political violence,3756,11.4565,14.792
2021-12-04,Middle Africa,Cameroon,Extreme-Nord,Battles,Armed clash,5,24,279836,Political violence,3756,11.4565,14.792
2021-12-11,Middle Africa,Cameroon,Extreme-Nord,Battles,Armed clash,1,1,29408,Political violence,3756,11.4565,14.792
2021-12-18,Middle Africa,Cameroon,Extreme-Nord,Battles,Armed clash,2,3,43643,Political violence,3756,11.4565,14.792
2021-12-25,Middle Africa,Cameroon,Extreme-Nord,Battles,Armed clash,3,1,18208,Political violence,3756,11.4565,14.792
2022-01-08,Middle Africa,Cameroon,Extreme-Nord,Battles,Armed clash,5,7,287781,Political violence,3756,11.4565,14.792
2022-01-15,Middle Africa,Cameroon,Extreme-Nord,Battles,Armed clash,2,0,29647,Political violence,3756,11.4565,14.792
2022-01-22,Middle Africa,Cameroon,Extreme-Nord,Battles,Armed clash,4,8,46138,Political violence,3756,11.4565,14.792
2022-02-05,Middle Africa,Cameroon,Extreme-Nord,Battles,Armed clash,2,10,17858,Political violence,3756,11.4565,14.792
2022-02-12,Middle Africa,Cameroon,Extreme-Nord,Battles,Armed clash,2,10,6897,Political violence,3756,11.4565,14.792
2022-02-26,Middle Africa,Cameroon,Extreme-Nord,Battles,Armed clash,2,3,21369,Political violence,3756,11.4565,14.792
2022-03-05,Middle Africa,Cameroon,Extreme-Nord,Battles,Armed clash,3,27,218029,Political violence,3756,11.4565,14.792
2022-03-12,Middle Africa,Cameroon,Extreme-Nord,Battles,Armed clash,3,0,61369,Political violence,3756,11.4565,14.792
2022-03-19,Middle Africa,Cameroon,Extreme-Nord,Battles,Armed clash,2,8,32100,Political violence,3756,11.4565,14.792
2022-04-09,Middle Africa,Cameroon,Extreme-Nord,Battles,Armed clash,1,0,11981,Political violence,3756,11.4565,14.792
2022-04-16,Middle Africa,Cameroon,Extreme-Nord,Battles,Armed clash,3,5,193708,Political violence,3756,11.4565,14.792
2022-04-30,Middle Africa,Cameroon,Extreme-Nord,Battles,Armed clash,1,0,27446,Political violence,3756,11.4565,14.792
2022-05-14,Middle Africa,Cameroon,Extreme-Nord,Battles,Armed clash,5,4,51858,Political violence,3756,11.4565,14.792
2022-05-21,Middle Africa,Cameroon,Extreme-Nord,Battles,Armed clash,3,9,33118,Political violence,3756,11.4565,14.792
2022-05-28,Middle Africa,Cameroon,Extreme-Nord,Battles,Armed clash,2,7,47633,Political violence,3756,11.4565,14.792
2022-06-04,Middle Africa,Cameroon,Extreme-Nord,Battles,Armed clash,3,2,49412,Political violence,3756,11.4565,14.792
2022-06-11,Middle Africa,Cameroon,Extreme-Nord,Battles,Armed clash,3,0,32221,Political violence,3756,11.4565,14.792
2022-06-18,Middle Africa,Cameroon,Extreme-Nord,Battles,Armed clash,6,21,52653,Political violence,3756,11.4565,14.792
2022-06-25,Middle Africa,Cameroon,Extreme-Nord,Battles,Armed clash,6,21,22142,Political violence,3756,11.4565,14.792
2022-07-02,Middle Africa,Cameroon,Extreme-Nord,Battles,Armed clash,2,3,45640,Political violence,3756,11.4565,14.792
2022-07-09,Middle Africa,Cameroon,Extreme-Nord,Battles,Armed clash,3,3,114948,Political violence,3756,11.4565,14.792
2022-07-16,Middle Africa,Cameroon,Extreme-Nord,Battles,Armed clash,4,7,21543,Political violence,3756,11.4565,14.792
2022-07-30,Middle Africa,Cameroon,Extreme-Nord,Battles,Armed clash,4,5,134606,Political violence,3756,11.4565,14.792
2022-08-06,Middle Africa,Cameroon,Extreme-Nord,Battles,Armed clash,8,17,269665,Political violence,3756,11.4565,14.792
2022-08-13,Middle Africa,Cameroon,Extreme-Nord,Battles,Armed clash,3,8,58723,Political violence,3756,11.4565,14.792
2022-08-20,Middle Africa,Cameroon,Extreme-Nord,Battles,Armed clash,4,9,26945,Political violence,3756,11.4565,14.792
2022-08-27,Middle Africa,Cameroon,Extreme-Nord,Battles,Armed clash,8,7,183684,Political violence,3756,11.4565,14.792
2022-09-03,Middle Africa,Cameroon,Extreme-Nord,Battles,Armed clash,1,0,125439,Political violence,3756,11.4565,14.792
2022-09-10,Middle Africa,Cameroon,Extreme-Nord,Battles,Armed clash,1,0,11145,Political violence,3756,11.4565,14.792
2022-09-17,Middle Africa,Cameroon,Extreme-Nord,Battles,Armed clash,4,2,186716,Political violence,3756,11.4565,14.792
2022-09-24,Middle Africa,Cameroon,Extreme-Nord,Battles,Armed clash,3,3,12178,Political violence,3756,11.4565,14.792
2022-10-01,Middle Africa,Cameroon,Extreme-Nord,Battles,Armed clash,4,1,31332,Political violence,3756,11.4565,14.792
2022-10-08,Middle Africa,Cameroon,Extreme-Nord,Battles,Armed clash,1,0,17695,Political violence,3756,11.4565,14.792
2022-10-15,Middle Africa,Cameroon,Extreme-Nord,Battles,Armed clash,2,0,6143,Political violence,3756,11.4565,14.792
2022-10-22,Middle Africa,Cameroon,Extreme-Nord,Battles,Armed clash,2,1,4996,Political violence,3756,11.4565,14.792
2022-10-29,Middle Africa,Cameroon,Extreme-Nord,Battles,Armed clash,7,9,50663,Political violence,3756,11.4565,14.792
2022-11-12,Middle Africa,Cameroon,Extreme-Nord,Battles,Armed clash,7,6,291816,Political violence,3756,11.4565,14.792
2022-11-19,Middle Africa,Cameroon,Extreme-Nord,Battles,Armed clash,2,3,25671,Political violence,3756,11.4565,14.792
2022-12-10,Middle Africa,Cameroon,Extreme-Nord,Battles,Armed clash,3,8,115222,Political violence,3756,11.4565,14.792
2022-12-17,Middle Africa,Cameroon,Extreme-Nord,Battles,Armed clash,1,0,18194,Political violence,3756,11.4565,14.792
2022-12-24,Middle Africa,Cameroon,Extreme-Nord,Battles,Armed clash,2,1,13603,Political violence,3756,11.4565,14.792
2022-12-31,Middle Africa,Cameroon,Extreme-Nord,Battles,Armed clash,4,4,128006,Political violence,3756,11.4565,14.792
2023-01-07,Middle Africa,Cameroon,Extreme-Nord,Battles,Armed clash,1,1,7823,Political violence,3756,11.4565,14.792
2023-01-14,Middle Africa,Cameroon,Extreme-Nord,Battles,Armed clash,1,2,20653,Political violence,3756,11.4565,14.792
2023-01-21,Middle Africa,Cameroon,Extreme-Nord,Battles,Armed clash,1,2,4889,Political violence,3756,11.4565,14.792
2023-01-28,Middle Africa,Cameroon,Extreme-Nord,Battles,Armed clash,1,0,109918,Political violence,3756,11.4565,14.792
2023-02-04,Middle Africa,Cameroon,Extreme-Nord,Battles,Armed clash,5,2,62822,Political violence,3756,11.4565,14.792
2023-02-11,Middle Africa,Cameroon,Extreme-Nord,Battles,Armed clash,1,6,5997,Political violence,3756,11.4565,14.792
2023-02-18,Middle Africa,Cameroon,Extreme-Nord,Battles,Armed clash,8,11,138877,Political violence,3756,11.4565,14.792
2023-02-25,Middle Africa,Cameroon,Extreme-Nord,Battles,Armed clash,7,4,15772,Political violence,3756,11.4565,14.792
2023-03-04,Middle Africa,Cameroon,Extreme-Nord,Battles,Armed clash,2,0,110674,Political violence,3756,11.4565,14.792
2023-03-11,Middle Africa,Cameroon,Extreme-Nord,Battles,Armed clash,5,4,27719,Political violence,3756,11.4565,14.792
2023-03-18,Middle Africa,Cameroon,Extreme-Nord,Battles,Armed clash,3,1,38352,Political violence,3756,11.4565,14.792
2023-03-25,Middle Africa,Cameroon,Extreme-Nord,Battles,Armed clash,2,0,32777,Political violence,3756,11.4565,14.792
2023-04-01,Middle Africa,Cameroon,Extreme-Nord,Battles,Armed clash,3,2,47005,Political violence,3756,11.4565,14.792
2023-04-15,Middle Africa,Cameroon,Extreme-Nord,Battles,Armed clash,4,3,17607,Political violence,3756,11.4565,14.792
2023-04-22,Middle Africa,Cameroon,Extreme-Nord,Battles,Armed clash,1,0,138990,Political violence,3756,11.4565,14.792
2023-04-29,Middle Africa,Cameroon,Extreme-Nord,Battles,Armed clash,3,2,13464,Political violence,3756,11.4565,14.792
2023-05-06,Middle Africa,Cameroon,Extreme-Nord,Battles,Armed clash,1,0,1771,Political violence,3756,11.4565,14.792
2023-05-13,Middle Africa,Cameroon,Extreme-Nord,Battles,Armed clash,4,2,24107,Political violence,3756,11.4565,14.792
2023-05-20,Middle Africa,Cameroon,Extreme-Nord,Battles,Armed clash,7,8,53419,Political violence,3756,11.4565,14.792
2023-05-27,Middle Africa,Cameroon,Extreme-Nord,Battles,Armed clash,8,15,169925,Political violence,3756,11.4565,14.792
2023-06-03,Middle Africa,Cameroon,Extreme-Nord,Battles,Armed clash,5,11,38266,Political violence,3756,11.4565,14.792
2023-06-10,Middle Africa,Cameroon,Extreme-Nord,Battles,Armed clash,7,2,138229,Political violence,3756,11.4565,14.792
2023-06-17,Middle Africa,Cameroon,Extreme-Nord,Battles,Armed clash,11,8,188017,Political violence,3756,11.4565,14.792
2023-06-24,Middle Africa,Cameroon,Extreme-Nord,Battles,Armed clash,2,0,10235,Political violence,3756,11.4565,14.792
2023-07-01,Middle Africa,Cameroon,Extreme-Nord,Battles,Armed clash,3,1,53481,Political violence,3756,11.4565,14.792
2023-07-08,Middle Africa,Cameroon,Extreme-Nord,Battles,Armed clash,2,1,32731,Political violence,3756,11.4565,14.792
2023-07-15,Middle Africa,Cameroon,Extreme-Nord,Battles,Armed clash,4,4,36635,Political violence,3756,11.4565,14.792
2023-07-22,Middle Africa,Cameroon,Extreme-Nord,Battles,Armed clash,9,9,127260,Political violence,3756,11.4565,14.792
2023-07-29,Middle Africa,Cameroon,Extreme-Nord,Battles,Armed clash,6,6,24388,Political violence,3756,11.4565,14.792
2023-08-05,Middle Africa,Cameroon,Extreme-Nord,Battles,Armed clash,6,5,44881,Political violence,3756,11.4565,14.792
2023-08-12,Middle Africa,Cameroon,Extreme-Nord,Battles,Armed clash,3,5,10513,Political violence,3756,11.4565,14.792
2023-08-19,Middle Africa,Cameroon,Extreme-Nord,Battles,Armed clash,4,8,18200,Political violence,3756,11.4565,14.792
2023-08-26,Middle Africa,Cameroon,Extreme-Nord,Battles,Armed clash,5,1,25639,Political violence,3756,11.4565,14.792
2023-09-02,Middle Africa,Cameroon,Extreme-Nord,Battles,Armed clash,4,2,36867,Political violence,3756,11.4565,14.792
2023-09-09,Middle Africa,Cameroon,Extreme-Nord,Battles,Armed clash,6,8,41963,Political violence,3756,11.4565,14.792
2023-09-16,Middle Africa,Cameroon,Extreme-Nord,Battles,Armed clash,6,7,18781,Political violence,3756,11.4565,14.792
2023-09-23,Middle Africa,Cameroon,Extreme-Nord,Battles,Armed clash,1,10,1316,Political violence,3756,11.4565,14.792
2023-09-30,Middle Africa,Cameroon,Extreme-Nord,Battles,Armed clash,4,2,59763,Political violence,3756,11.4565,14.792
2023-10-07,Middle Africa,Cameroon,Extreme-Nord,Battles,Armed clash,2,4,16722,Political violence,3756,11.4565,14.792
2023-10-14,Middle Africa,Cameroon,Extreme-Nord,Battles,Armed clash,6,4,46358,Political violence,3756,11.4565,14.792
2023-10-21,Middle Africa,Cameroon,Extreme-Nord,Battles,Armed clash,2,0,9307,Political violence,3756,11.4565,14.792
2023-10-28,Middle Africa,Cameroon,Extreme-Nord,Battles,Armed clash,4,2,176877,Political violence,3756,11.4565,14.792
2023-11-04,Middle Africa,Cameroon,Extreme-Nord,Battles,Armed clash,7,9,112920,Political violence,3756,11.4565,14.792
2023-11-11,Middle Africa,Cameroon,Extreme-Nord,Battles,Armed clash,13,7,109665,Political violence,3756,11.4565,14.792
2023-11-18,Middle Africa,Cameroon,Extreme-Nord,Battles,Armed clash,8,44,484918,Political violence,3756,11.4565,14.792
2023-11-25,Middle Africa,Cameroon,Extreme-Nord,Battles,Armed clash,2,4,18294,Political violence,3756,11.4565,14.792
2023-12-02,Middle Africa,Cameroon,Extreme-Nord,Battles,Armed clash,7,0,64193,Political violence,3756,11.4565,14.792
2023-12-09,Middle Africa,Cameroon,Extreme-Nord,Battles,Armed clash,6,11,82081,Political violence,3756,11.4565,14.792
2023-12-16,Middle Africa,Cameroon,Extreme-Nord,Battles,Armed clash,7,19,69888,Political violence,3756,11.4565,14.792
2023-12-23,Middle Africa,Cameroon,Extreme-Nord,Battles,Armed clash,13,20,32447,Political violence,3756,11.4565,14.792
2023-12-30,Middle Africa,Cameroon,Extreme-Nord,Battles,Armed clash,5,10,37889,Political violence,3756,11.4565,14.792
2024-01-06,Middle Africa,Cameroon,Extreme-Nord,Battles,Armed clash,2,0,1425,Political violence,3756,11.4565,14.792
2024-01-13,Middle Africa,Cameroon,Extreme-Nord,Battles,Armed clash,3,2,28847,Political violence,3756,11.4565,14.792
2024-01-20,Middle Africa,Cameroon,Extreme-Nord,Battles,Armed clash,3,2,12176,Political violence,3756,11.4565,14.792
2024-01-27,Middle Africa,Cameroon,Extreme-Nord,Battles,Armed clash,4,5,15109,Political violence,3756,11.4565,14.792
2024-02-03,Middle Africa,Cameroon,Extreme-Nord,Battles,Armed clash,17,22,218490,Political violence,3756,11.4565,14.792
2024-02-10,Middle Africa,Cameroon,Extreme-Nord,Battles,Armed clash,13,6,71899,Political violence,3756,11.4565,14.792
2024-02-17,Middle Africa,Cameroon,Extreme-Nord,Battles,Armed clash,12,41,58883,Political violence,3756,11.4565,14.792
2024-02-24,Middle Africa,Cameroon,Extreme-Nord,Battles,Armed clash,4,11,19881,Political violence,3756,11.4565,14.792
2024-03-02,Middle Africa,Cameroon,Extreme-Nord,Battles,Armed clash,7,4,120965,Political violence,3756,11.4565,14.792
2024-03-09,Middle Africa,Cameroon,Extreme-Nord,Battles,Armed clash,8,2,207259,Political violence,3756,11.4565,14.792
2024-03-16,Middle Africa,Cameroon,Extreme-Nord,Battles,Armed clash,6,8,63367,Political violence,3756,11.4565,14.792
2024-03-23,Middle Africa,Cameroon,Extreme-Nord,Battles,Armed clash,13,8,82767,Political violence,3756,11.4565,14.792
2024-03-30,Middle Africa,Cameroon,Extreme-Nord,Battles,Armed clash,6,0,58818,Political violence,3756,11.4565,14.792
2024-04-06,Middle Africa,Cameroon,Extreme-Nord,Battles,Armed clash,6,4,62068,Political violence,3756,11.4565,14.792
2024-04-13,Middle Africa,Cameroon,Extreme-Nord,Battles,Armed clash,3,2,31016,Political violence,3756,11.4565,14.792
2024-04-20,Middle Africa,Cameroon,Extreme-Nord,Battles,Armed clash,8,5,43205,Political violence,3756,11.4565,14.792
2024-04-27,Middle Africa,Cameroon,Extreme-Nord,Battles,Armed clash,6,111,31592,Political violence,3756,11.4565,14.792
2024-05-04,Middle Africa,Cameroon,Extreme-Nord,Battles,Armed clash,2,4,1975,Political violence,3756,11.4565,14.792
2024-05-11,Middle Africa,Cameroon,Extreme-Nord,Battles,Armed clash,10,0,82991,Political violence,3756,11.4565,14.792
2024-05-18,Middle Africa,Cameroon,Extreme-Nord,Battles,Armed clash,1,0,5214,Political violence,3756,11.4565,14.792
2024-05-25,Middle Africa,Cameroon,Extreme-Nord,Battles,Armed clash,7,2,34088,Political violence,3756,11.4565,14.792
2024-06-01,Middle Africa,Cameroon,Extreme-Nord,Battles,Armed clash,8,5,76267,Political violence,3756,11.4565,14.792
2024-06-08,Middle Africa,Cameroon,Extreme-Nord,Battles,Armed clash,6,7,77588,Political violence,3756,11.4565,14.792
2024-06-15,Middle Africa,Cameroon,Extreme-Nord,Battles,Armed clash,5,6,136065,Political violence,3756,11.4565,14.792
2024-06-22,Middle Africa,Cameroon,Extreme-Nord,Battles,Armed clash,5,10,12517,Political violence,3756,11.4565,14.792
2024-06-29,Middle Africa,Cameroon,Extreme-Nord,Battles,Armed clash,2,70,11554,Political violence,3756,11.4565,14.792
2024-07-06,Middle Africa,Cameroon,Extreme-Nord,Battles,Armed clash,6,7,36208,Political violence,3756,11.4565,14.792
2024-07-13,Middle Africa,Cameroon,Extreme-Nord,Battles,Armed clash,6,8,23485,Political violence,3756,11.4565,14.792
2024-07-20,Middle Africa,Cameroon,Extreme-Nord,Battles,Armed clash,7,4,17968,Political violence,3756,11.4565,14.792
2024-07-27,Middle Africa,Cameroon,Extreme-Nord,Battles,Armed clash,8,3,14419,Political violence,3756,11.4565,14.792
2024-08-03,Middle Africa,Cameroon,Extreme-Nord,Battles,Armed clash,7,2,15747,Political violence,3756,11.4565,14.792
2024-08-10,Middle Africa,Cameroon,Extreme-Nord,Battles,Armed clash,7,5,66120,Political violence,3756,11.4565,14.792
2024-08-17,Middle Africa,Cameroon,Extreme-Nord,Battles,Armed clash,12,11,39582,Political violence,3756,11.4565,14.792
2024-08-24,Middle Africa,Cameroon,Extreme-Nord,Battles,Armed clash,15,13,82619,Political violence,3756,11.4565,14.792
2024-08-31,Middle Africa,Cameroon,Extreme-Nord,Battles,Armed clash,3,3,14940,Political violence,3756,11.4565,14.792
2024-09-07,Middle Africa,Cameroon,Extreme-Nord,Battles,Armed clash,3,0,4193,Political violence,3756,11.4565,14.792
2024-09-14,Middle Africa,Cameroon,Extreme-Nord,Battles,Armed clash,7,4,49148,Political violence,3756,11.4565,14.792
2024-09-21,Middle Africa,Cameroon,Extreme-Nord,Battles,Armed clash,3,6,1738,Political violence,3756,11.4565,14.792
2024-09-28,Middle Africa,Cameroon,Extreme-Nord,Battles,Armed clash,7,9,34699,Political violence,3756,11.4565,14.792
2024-10-05,Middle Africa,Cameroon,Extreme-Nord,Battles,Armed clash,7,14,50319,Political violence,3756,11.4565,14.792
2024-10-12,Middle Africa,Cameroon,Extreme-Nord,Battles,Armed clash,6,1,69009,Political violence,3756,11.4565,14.792
2024-10-19,Middle Africa,Cameroon,Extreme-Nord,Battles,Armed clash,1,0,8421,Political violence,3756,11.4565,14.792
2024-10-26,Middle Africa,Cameroon,Extreme-Nord,Battles,Armed clash,1,0,2272,Political violence,3756,11.4565,14.792
2024-11-02,Middle Africa,Cameroon,Extreme-Nord,Battles,Armed clash,8,5,13850,Political violence,3756,11.4565,14.792
2024-11-09,Middle Africa,Cameroon,Extreme-Nord,Battles,Armed clash,4,15,160916,Political violence,3756,11.4565,14.792
2024-11-16,Middle Africa,Cameroon,Extreme-Nord,Battles,Armed clash,6,2,24675,Political violence,3756,11.4565,14.792
2024-11-23,Middle Africa,Cameroon,Extreme-Nord,Battles,Armed clash,7,7,28242,Political violence,3756,11.4565,14.792
2024-11-30,Middle Africa,Cameroon,Extreme-Nord,Battles,Armed clash,5,5,17316,Political violence,3756,11.4565,14.792
2024-12-07,Middle Africa,Cameroon,Extreme-Nord,Battles,Armed clash,3,0,8100,Political violence,3756,11.4565,14.792
2024-12-14,Middle Africa,Cameroon,Extreme-Nord,Battles,Armed clash,10,34,20386,Political violence,3756,11.4565,14.792
2024-12-21,Middle Africa,Cameroon,Extreme-Nord,Battles,Armed clash,4,0,12797,Political violence,3756,11.4565,14.792
2024-12-28,Middle Africa,Cameroon,Extreme-Nord,Battles,Armed clash,1,0,1414,Political violence,3756,11.4565,14.792
2025-01-04,Middle Africa,Cameroon,Extreme-Nord,Battles,Armed clash,3,6,19316,Political violence,3756,11.4565,14.792
2025-01-11,Middle Africa,Cameroon,Extreme-Nord,Battles,Armed clash,8,29,122746,Political violence,3756,11.4565,14.792
2025-02-01,Middle Africa,Cameroon,Extreme-Nord,Battles,Armed clash,7,19,58293,Political violence,3756,11.4565,14.792
2025-02-15,Middle Africa,Cameroon,Extreme-Nord,Battles,Armed clash,2,1,11324,Political violence,3756,11.4565,14.792
2025-02-22,Middle Africa,Cameroon,Extreme-Nord,Battles,Armed clash,3,3,7549,Political violence,3756,11.4565,14.792
2025-03-01,Middle Africa,Cameroon,Extreme-Nord,Battles,Armed clash,7,2,84838,Political violence,3756,11.4565,14.792
2025-03-08,Middle Africa,Cameroon,Extreme-Nord,Battles,Armed clash,4,4,10130,Political violence,3756,11.4565,14.792
2025-03-15,Middle Africa,Cameroon,Extreme-Nord,Battles,Armed clash,4,5,9130,Political violence,3756,11.4565,14.792
2025-03-22,Middle Africa,Cameroon,Extreme-Nord,Battles,Armed clash,6,7,36095,Political violence,3756,11.4565,14.792
2025-03-29,Middle Africa,Cameroon,Extreme-Nord,Battles,Armed clash,3,5,8718,Political violence,3756,11.4565,14.792
2025-04-05,Middle Africa,Cameroon,Extreme-Nord,Battles,Armed clash,2,0,8165,Political violence,3756,11.4565,14.792
2025-04-12,Middle Africa,Cameroon,Extreme-Nord,Battles,Armed clash,4,0,161769,Political violence,3756,11.4565,14.792
2025-04-19,Middle Africa,Cameroon,Extreme-Nord,Battles,Armed clash,7,14,88859,Political violence,3756,11.4565,14.792
2025-04-26,Middle Africa,Cameroon,Extreme-Nord,Battles,Armed clash,3,5,13083,Political violence,3756,11.4565,14.792
2025-05-03,Middle Africa,Cameroon,Extreme-Nord,Battles,Armed clash,2,5,4497,Political violence,3756,11.4565,14.792
2025-05-10,Middle Africa,Cameroon,Extreme-Nord,Battles,Armed clash,7,1,23845,Political violence,3756,11.4565,14.792
2025-05-17,Middle Africa,Cameroon,Extreme-Nord,Battles,Armed clash,5,0,23163,Political violence,3756,11.4565,14.792
2025-05-24,Middle Africa,Cameroon,Extreme-Nord,Battles,Armed clash,1,0,6290,Political violence,3756,11.4565,14.792
2025-05-31,Middle Africa,Cameroon,Extreme-Nord,Battles,Armed clash,3,1,20543,Political violence,3756,11.4565,14.792
2025-06-07,Middle Africa,Cameroon,Extreme-Nord,Battles,Armed clash,4,8,23705,Political violence,3756,11.4565,14.792
2025-06-14,Middle Africa,Cameroon,Extreme-Nord,Battles,Armed clash,11,20,243370,Political violence,3756,11.4565,14.792
2025-06-21,Middle Africa,Cameroon,Extreme-Nord,Battles,Armed clash,7,18,57296,Political violence,3756,11.4565,14.792
2025-06-28,Middle Africa,Cameroon,Extreme-Nord,Battles,Armed clash,7,21,14233,Political violence,3756,11.4565,14.792
2025-07-05,Middle Africa,Cameroon,Extreme-Nord,Battles,Armed clash,1,0,2336,Political violence,3756,11.4565,14.792
2025-07-12,Middle Africa,Cameroon,Extreme-Nord,Battles,Armed clash,3,1,19340,Political violence,3756,11.4565,14.792
2025-07-19,Middle Africa,Cameroon,Extreme-Nord,Battles,Armed clash,5,11,7395,Political violence,3756,11.4565,14.792
2025-07-26,Middle Africa,Cameroon,Extreme-Nord,Battles,Armed clash,5,1,27969,Political violence,3756,11.4565,14.792
2025-08-02,Middle Africa,Cameroon,Extreme-Nord,Battles,Armed clash,1,0,2968,Political violence,3756,11.4565,14.792
2025-08-09,Middle Africa,Cameroon,Extreme-Nord,Battles,Armed clash,3,2,12208,Political violence,3756,11.4565,14.792
2025-08-16,Middle Africa,Cameroon,Extreme-Nord,Battles,Armed clash,3,5,5869,Political violence,3756,11.4565,14.792
2025-08-23,Middle Africa,Cameroon,Extreme-Nord,Battles,Armed clash,3,5,23287,Political violence,3756,11.4565,14.792
2025-09-06,Middle Africa,Cameroon,Extreme-Nord,Battles,Armed clash,3,0,5345,Political violence,3756,11.4565,14.792
2025-09-13,Middle Africa,Cameroon,Extreme-Nord,Battles,Armed clash,5,3,8955,Political violence,3756,11.4565,14.792
2025-09-20,Middle Africa,Cameroon,Extreme-Nord,Battles,Armed clash,1,0,3693,Political violence,3756,11.4565,14.792
2025-09-27,Middle Africa,Cameroon,Extreme-Nord,Battles,Armed clash,3,1,8841,Political violence,3756,11.4565,14.792
2025-10-04,Middle Africa,Cameroon,Extreme-Nord,Battles,Armed clash,2,5,11084,Political violence,3756,11.4565,14.792
2025-10-11,Middle Africa,Cameroon,Extreme-Nord,Battles,Armed clash,2,2,9202,Political violence,3756,11.4565,14.792
2025-10-18,Middle Africa,Cameroon,Extreme-Nord,Battles,Armed clash,2,2,11484,Political violence,3756,11.4565,14.792
2025-10-25,Middle Africa,Cameroon,Extreme-Nord,Battles,Armed clash,2,3,151892,Political violence,3756,11.4565,14.792
2025-11-01,Middle Africa,Cameroon,Extreme-Nord,Battles,Armed clash,4,4,9468,Political violence,3756,11.4565,14.792
2025-11-08,Middle Africa,Cameroon,Extreme-Nord,Battles,Armed clash,4,6,12657,Political violence,3756,11.4565,14.792
2025-11-15,Middle Africa,Cameroon,Extreme-Nord,Battles,Armed clash,1,0,2435,Political violence,3756,11.4565,14.792
2025-11-22,Middle Africa,Cameroon,Extreme-Nord,Battles,Armed clash,2,0,13619,Political violence,3756,11.4565,14.792
2025-11-29,Middle Africa,Cameroon,Extreme-Nord,Battles,Armed clash,5,6,51841,Political violence,3756,11.4565,14.792
2025-12-06,Middle Africa,Cameroon,Extreme-Nord,Battles,Armed clash,4,10,19580,Political violence,3756,11.4565,14.792
2025-12-13,Middle Africa,Cameroon,Extreme-Nord,Battles,Armed clash,6,14,16999,Political violence,3756,11.4565,14.792
2025-12-20,Middle Africa,Cameroon,Extreme-Nord,Battles,Armed clash,5,2,20870,Political violence,3756,11.4565,14.792
2025-12-27,Middle Africa,Cameroon,Extreme-Nord,Battles,Armed clash,6,0,76789,Political violence,3756,11.4565,14.792
2026-01-10,Middle Africa,Cameroon,Extreme-Nord,Battles,Armed clash,2,4,10,Political violence,3756,11.4565,14.792
2026-01-17,Middle Africa,Cameroon,Extreme-Nord,Battles,Armed clash,4,0,14971,Political violence,3756,11.4565,14.792
2026-01-24,Middle Africa,Cameroon,Extreme-Nord,Battles,Armed clash,1,0,8080,Political violence,3756,11.4565,14.792
2026-01-31,Middle Africa,Cameroon,Extreme-Nord,Battles,Armed clash,2,0,31749,Political violence,3756,11.4565,14.792
2026-02-07,Middle Africa,Cameroon,Extreme-Nord,Battles,Armed clash,4,3,9797,Political violence,3756,11.4565,14.792
2026-02-14,Middle Africa,Cameroon,Extreme-Nord,Battles,Armed clash,4,22,91829,Political violence,3756,11.4565,14.792
2026-02-21,Middle Africa,Cameroon,Extreme-Nord,Battles,Armed clash,7,12,99508,Political violence,3756,11.4565,14.792
2026-02-28,Middle Africa,Cameroon,Extreme-Nord,Battles,Armed clash,14,28,133099,Political violence,3756,11.4565,14.792
2026-03-07,Middle Africa,Cameroon,Extreme-Nord,Battles,Armed clash,4,0,24311,Political violence,3756,11.4565,14.792
2026-03-14,Middle Africa,Cameroon,Extreme-Nord,Battles,Armed clash,10,4,108876,Political violence,3756,11.4565,14.792
2026-03-21,Middle Africa,Cameroon,Extreme-Nord,Battles,Armed clash,4,2,29868,Political violence,3756,11.4565,14.792
2026-03-28,Middle Africa,Cameroon,Extreme-Nord,Battles,Armed clash,6,3,82908,Political violence,3756,11.4565,14.792
2026-04-04,Middle Africa,Cameroon,Extreme-Nord,Battles,Armed clash,6,2,43453,Political violence,3756,11.4565,14.792
2026-04-11,Middle Africa,Cameroon,Extreme-Nord,Battles,Armed clash,3,19,13136,Political violence,3756,11.4565,14.792
2026-04-18,Middle Africa,Cameroon,Extreme-Nord,Battles,Armed clash,2,0,1661,Political violence,3756,11.4565,14.792
2026-04-25,Middle Africa,Cameroon,Extreme-Nord,Battles,Armed clash,7,21,47475,Political violence,3756,11.4565,14.792
2026-05-02,Middle Africa,Cameroon,Extreme-Nord,Battles,Armed clash,5,2,28300,Political violence,3756,11.4565,14.792
2026-05-09,Middle Africa,Cameroon,Extreme-Nord,Battles,Armed clash,5,2,16239,Political violence,3756,11.4565,14.792
2026-05-16,Middle Africa,Cameroon,Extreme-Nord,Battles,Armed clash,3,2,13019,Political violence,3756,11.4565,14.792
2026-05-23,Middle Africa,Cameroon,Extreme-Nord,Battles,Armed clash,3,0,8892,Political violence,3756,11.4565,14.792
2026-05-30,Middle Africa,Cameroon,Extreme-Nord,Battles,Armed clash,9,2,99362,Political violence,3756,11.4565,14.792
2026-06-06,Middle Africa,Cameroon,Extreme-Nord,Battles,Armed clash,6,1,14406,Political violence,3756,11.4565,14.792
2026-06-13,Middle Africa,Cameroon,Extreme-Nord,Battles,Armed clash,9,21,60112,Political violence,3756,11.4565,14.792
2026-06-20,Middle Africa,Cameroon,Extreme-Nord,Battles,Armed clash,1,0,8080,Political violence,3756,11.4565,14.792
2026-06-27,Middle Africa,Cameroon,Extreme-Nord,Battles,Armed clash,2,1,31457,Political violence,3756,11.4565,14.792
2026-07-04,Middle Africa,Cameroon,Extreme-Nord,Battles,Armed clash,6,5,59972,Political violence,3756,11.4565,14.792
2026-07-11,Middle Africa,Cameroon,Extreme-Nord,Battles,Armed clash,3,17,38183,Political violence,3756,11.4565,14.792
2026-07-18,Middle Africa,Cameroon,Extreme-Nord,Battles,Armed clash,4,1,16213,Political violence,3756,11.4565,14.792
2026-07-25,Middle Africa,Cameroon,Extreme-Nord,Battles,Armed clash,6,12,36309,Political violence,3756,11.4565,14.792
2026-08-01,Middle Africa,Cameroon,Extreme-Nord,Battles,Armed clash,4,6,40982,Political violence,3756,11.4565,14.792
2026-08-08,Middle Africa,Cameroon,Extreme-Nord,Battles,Armed clash,4,1,43283,Political violence,3756,11.4565,14.792
2026-08-15,Middle Africa,Cameroon,Extreme-Nord,Battles,Armed clash,4,2,7050,Political violence,3756,11.4565,14.792
2026-08-22,Middle Africa,Cameroon,Extreme-Nord,Battles,Armed clash,4,1,38104,Political violence,3756,11.4565,14.792
2026-08-29,Middle Africa,Cameroon,Extreme-Nord,Battles,Armed clash,1,1,,Political violence,3756,11.4565,14.792
2024-09-14,Middle Africa,Cameroon,Extreme-Nord,Battles,Government regains territory,1,0,5037,Political violence,3756,11.4565,14.792
2021-01-30,Middle Africa,Cameroon,Extreme-Nord,Explosions/Remote violence,Air/drone strike,1,0,12703,Political violence,3756,11.4565,14.792
2021-02-13,Middle Africa,Cameroon,Extreme-Nord,Explosions/Remote violence,Air/drone strike,1,0,12703,Political violence,3756,11.4565,14.792
2022-07-23,Middle Africa,Cameroon,Extreme-Nord,Explosions/Remote violence,Air/drone strike,1,0,7953,Political violence,3756,11.4565,14.792
2023-04-29,Middle Africa,Cameroon,Extreme-Nord,Explosions/Remote violence,Air/drone strike,1,1,8230,Political violence,3756,11.4565,14.792
2024-02-17,Middle Africa,Cameroon,Extreme-Nord,Explosions/Remote violence,Air/drone strike,1,20,5052,Political violence,3756,11.4565,14.792
2024-05-18,Middle Africa,Cameroon,Extreme-Nord,Explosions/Remote violence,Air/drone strike,1,0,5052,Political violence,3756,11.4565,14.792
2024-05-25,Middle Africa,Cameroon,Extreme-Nord,Explosions/Remote violence,Air/drone strike,2,0,4296,Political violence,3756,11.4565,14.792
2025-05-31,Middle Africa,Cameroon,Extreme-Nord,Explosions/Remote violence,Air/drone strike,1,2,2691,Political violence,3756,11.4565,14.792
2026-05-16,Middle Africa,Cameroon,Extreme-Nord,Explosions/Remote violence,Air/drone strike,1,20,441,Political violence,3756,11.4565,14.792
2020-09-05,Middle Africa,Cameroon,Extreme-Nord,Explosions/Remote violence,Grenade,1,0,4319,Political violence,3756,11.4565,14.792
2023-03-18,Middle Africa,Cameroon,Extreme-Nord,Explosions/Remote violence,Grenade,1,5,210,Political violence,3756,11.4565,14.792
2023-05-06,Middle Africa,Cameroon,Extreme-Nord,Explosions/Remote violence,Grenade,1,0,20653,Political violence,3756,11.4565,14.792
2024-04-27,Middle Africa,Cameroon,Extreme-Nord,Explosions/Remote violence,Grenade,1,3,12336,Political violence,3756,11.4565,14.792
2024-05-04,Middle Africa,Cameroon,Extreme-Nord,Explosions/Remote violence,Grenade,1,2,12336,Political violence,3756,11.4565,14.792
2024-06-01,Middle Africa,Cameroon,Extreme-Nord,Explosions/Remote violence,Grenade,1,0,24086,Political violence,3756,11.4565,14.792
2025-02-08,Middle Africa,Cameroon,Extreme-Nord,Explosions/Remote violence,Grenade,1,0,2691,Political violence,3756,11.4565,14.792
2020-01-04,Middle Africa,Cameroon,Extreme-Nord,Explosions/Remote violence,Remote explosive/landmine/IED,1,14,25114,Political violence,3756,11.4565,14.792
2020-02-08,Middle Africa,Cameroon,Extreme-Nord,Explosions/Remote violence,Remote explosive/landmine/IED,2,1,19172,Political violence,3756,11.4565,14.792
2020-02-29,Middle Africa,Cameroon,Extreme-Nord,Explosions/Remote violence,Remote explosive/landmine/IED,2,0,31172,Political violence,3756,11.4565,14.792
2020-03-21,Middle Africa,Cameroon,Extreme-Nord,Explosions/Remote violence,Remote explosive/landmine/IED,1,1,100451,Political violence,3756,11.4565,14.792
2020-05-23,Middle Africa,Cameroon,Extreme-Nord,Explosions/Remote violence,Remote explosive/landmine/IED,2,1,9628,Political violence,3756,11.4565,14.792
2020-05-30,Middle Africa,Cameroon,Extreme-Nord,Explosions/Remote violence,Remote explosive/landmine/IED,1,0,1691,Political violence,3756,11.4565,14.792
2020-06-06,Middle Africa,Cameroon,Extreme-Nord,Explosions/Remote violence,Remote explosive/landmine/IED,1,1,4070,Political violence,3756,11.4565,14.792
2020-10-24,Middle Africa,Cameroon,Extreme-Nord,Explosions/Remote violence,Remote explosive/landmine/IED,1,0,5245,Political violence,3756,11.4565,14.792
2020-12-05,Middle Africa,Cameroon,Extreme-Nord,Explosions/Remote violence,Remote explosive/landmine/IED,1,0,1310,Political violence,3756,11.4565,14.792
2021-02-13,Middle Africa,Cameroon,Extreme-Nord,Explosions/Remote violence,Remote explosive/landmine/IED,1,0,176,Political violence,3756,11.4565,14.792
2021-03-13,Middle Africa,Cameroon,Extreme-Nord,Explosions/Remote violence,Remote explosive/landmine/IED,1,1,1678,Political violence,3756,11.4565,14.792
2021-04-17,Middle Africa,Cameroon,Extreme-Nord,Explosions/Remote violence,Remote explosive/landmine/IED,1,1,11430,Political violence,3756,11.4565,14.792
2021-04-24,Middle Africa,Cameroon,Extreme-Nord,Explosions/Remote violence,Remote explosive/landmine/IED,1,0,10725,Political violence,3756,11.4565,14.792
2021-05-01,Middle Africa,Cameroon,Extreme-Nord,Explosions/Remote violence,Remote explosive/landmine/IED,1,0,10960,Political violence,3756,11.4565,14.792
2021-07-17,Middle Africa,Cameroon,Extreme-Nord,Explosions/Remote violence,Remote explosive/landmine/IED,1,2,561,Political violence,3756,11.4565,14.792
2021-11-06,Middle Africa,Cameroon,Extreme-Nord,Explosions/Remote violence,Remote explosive/landmine/IED,1,0,1153,Political violence,3756,11.4565,14.792
2022-01-29,Middle Africa,Cameroon,Extreme-Nord,Explosions/Remote violence,Remote explosive/landmine/IED,1,1,5904,Political violence,3756,11.4565,14.792
2022-03-26,Middle Africa,Cameroon,Extreme-Nord,Explosions/Remote violence,Remote explosive/landmine/IED,1,0,5904,Political violence,3756,11.4565,14.792
2022-06-11,Middle Africa,Cameroon,Extreme-Nord,Explosions/Remote violence,Remote explosive/landmine/IED,2,2,30482,Political violence,3756,11.4565,14.792
2023-03-18,Middle Africa,Cameroon,Extreme-Nord,Explosions/Remote violence,Remote explosive/landmine/IED,2,4,23297,Political violence,3756,11.4565,14.792
2023-04-22,Middle Africa,Cameroon,Extreme-Nord,Explosions/Remote violence,Remote explosive/landmine/IED,1,6,403,Political violence,3756,11.4565,14.792
2023-06-03,Middle Africa,Cameroon,Extreme-Nord,Explosions/Remote violence,Remote explosive/landmine/IED,1,1,175288,Political violence,3756,11.4565,14.792
2023-09-09,Middle Africa,Cameroon,Extreme-Nord,Explosions/Remote violence,Remote explosive/landmine/IED,2,4,6822,Political violence,3756,11.4565,14.792
2023-11-18,Middle Africa,Cameroon,Extreme-Nord,Explosions/Remote violence,Remote explosive/landmine/IED,2,4,1817,Political violence,3756,11.4565,14.792
2024-01-06,Middle Africa,Cameroon,Extreme-Nord,Explosions/Remote violence,Remote explosive/landmine/IED,1,0,1425,Political violence,3756,11.4565,14.792
2024-02-24,Middle Africa,Cameroon,Extreme-Nord,Explosions/Remote violence,Remote explosive/landmine/IED,2,8,5696,Political violence,3756,11.4565,14.792
2024-03-02,Middle Africa,Cameroon,Extreme-Nord,Explosions/Remote violence,Remote explosive/landmine/IED,2,0,1522,Political violence,3756,11.4565,14.792
2024-03-16,Middle Africa,Cameroon,Extreme-Nord,Explosions/Remote violence,Remote explosive/landmine/IED,7,7,53164,Political violence,3756,11.4565,14.792
2024-03-23,Middle Africa,Cameroon,Extreme-Nord,Explosions/Remote violence,Remote explosive/landmine/IED,1,0,17239,Political violence,3756,11.4565,14.792
2024-04-06,Middle Africa,Cameroon,Extreme-Nord,Explosions/Remote violence,Remote explosive/landmine/IED,2,2,175157,Political violence,3756,11.4565,14.792
2024-04-13,Middle Africa,Cameroon,Extreme-Nord,Explosions/Remote violence,Remote explosive/landmine/IED,1,0,2906,Political violence,3756,11.4565,14.792
2024-05-18,Middle Africa,Cameroon,Extreme-Nord,Explosions/Remote violence,Remote explosive/landmine/IED,1,3,18768,Political violence,3756,11.4565,14.792
2024-06-15,Middle Africa,Cameroon,Extreme-Nord,Explosions/Remote violence,Remote explosive/landmine/IED,2,1,19279,Political violence,3756,11.4565,14.792
2024-06-29,Middle Africa,Cameroon,Extreme-Nord,Explosions/Remote violence,Remote explosive/landmine/IED,1,0,2094,Political violence,3756,11.4565,14.792
2024-07-27,Middle Africa,Cameroon,Extreme-Nord,Explosions/Remote violence,Remote explosive/landmine/IED,1,1,8334,Political violence,3756,11.4565,14.792
2024-08-31,Middle Africa,Cameroon,Extreme-Nord,Explosions/Remote violence,Remote explosive/landmine/IED,1,2,1386,Political violence,3756,11.4565,14.792
2024-10-05,Middle Africa,Cameroon,Extreme-Nord,Explosions/Remote violence,Remote explosive/landmine/IED,1,4,12167,Political violence,3756,11.4565,14.792
2024-10-19,Middle Africa,Cameroon,Extreme-Nord,Explosions/Remote violence,Remote explosive/landmine/IED,2,0,20588,Political violence,3756,11.4565,14.792
2024-11-02,Middle Africa,Cameroon,Extreme-Nord,Explosions/Remote violence,Remote explosive/landmine/IED,1,1,1522,Political violence,3756,11.4565,14.792
2024-11-23,Middle Africa,Cameroon,Extreme-Nord,Explosions/Remote violence,Remote explosive/landmine/IED,1,0,131,Political violence,3756,11.4565,14.792
2025-03-08,Middle Africa,Cameroon,Extreme-Nord,Explosions/Remote violence,Remote explosive/landmine/IED,1,2,719,Political violence,3756,11.4565,14.792
2025-06-07,Middle Africa,Cameroon,Extreme-Nord,Explosions/Remote violence,Remote explosive/landmine/IED,1,0,3815,Political violence,3756,11.4565,14.792
2025-06-14,Middle Africa,Cameroon,Extreme-Nord,Explosions/Remote violence,Remote explosive/landmine/IED,2,6,8362,Political violence,3756,11.4565,14.792
2025-06-21,Middle Africa,Cameroon,Extreme-Nord,Explosions/Remote violence,Remote explosive/landmine/IED,1,0,5424,Political violence,3756,11.4565,14.792
2025-06-28,Middle Africa,Cameroon,Extreme-Nord,Explosions/Remote violence,Remote explosive/landmine/IED,2,0,13855,Political violence,3756,11.4565,14.792
2025-07-05,Middle Africa,Cameroon,Extreme-Nord,Explosions/Remote violence,Remote explosive/landmine/IED,1,0,64378,Political violence,3756,11.4565,14.792
2025-07-19,Middle Africa,Cameroon,Extreme-Nord,Explosions/Remote violence,Remote explosive/landmine/IED,2,4,4475,Political violence,3756,11.4565,14.792
2025-10-18,Middle Africa,Cameroon,Extreme-Nord,Explosions/Remote violence,Remote explosive/landmine/IED,1,4,2244,Political violence,3756,11.4565,14.792
2025-11-01,Middle Africa,Cameroon,Extreme-Nord,Explosions/Remote violence,Remote explosive/landmine/IED,1,1,62859,Political violence,3756,11.4565,14.792
2025-11-08,Middle Africa,Cameroon,Extreme-Nord,Explosions/Remote violence,Remote explosive/landmine/IED,3,0,3327,Political violence,3756,11.4565,14.792
2025-11-29,Middle Africa,Cameroon,Extreme-Nord,Explosions/Remote violence,Remote explosive/landmine/IED,1,1,8695,Political violence,3756,11.4565,14.792
2026-01-03,Middle Africa,Cameroon,Extreme-Nord,Explosions/Remote violence,Remote explosive/landmine/IED,1,0,6734,Political violence,3756,11.4565,14.792
2026-01-17,Middle Africa,Cameroon,Extreme-Nord,Explosions/Remote violence,Remote explosive/landmine/IED,1,2,5308,Political violence,3756,11.4565,14.792
2026-02-14,Middle Africa,Cameroon,Extreme-Nord,Explosions/Remote violence,Remote explosive/landmine/IED,1,1,47,Political violence,3756,11.4565,14.792
2026-03-14,Middle Africa,Cameroon,Extreme-Nord,Explosions/Remote violence,Remote explosive/landmine/IED,1,2,665,Political violence,3756,11.4565,14.792
2026-03-28,Middle Africa,Cameroon,Extreme-Nord,Explosions/Remote violence,Remote explosive/landmine/IED,2,0,19864,Political violence,3756,11.4565,14.792
2026-04-18,Middle Africa,Cameroon,Extreme-Nord,Explosions/Remote violence,Remote explosive/landmine/IED,1,2,8051,Political violence,3756,11.4565,14.792
2026-05-09,Middle Africa,Cameroon,Extreme-Nord,Explosions/Remote violence,Remote explosive/landmine/IED,2,2,6750,Political violence,3756,11.4565,14.792
2026-05-16,Middle Africa,Cameroon,Extreme-Nord,Explosions/Remote violence,Remote explosive/landmine/IED,1,0,5280,Political violence,3756,11.4565,14.792
2020-06-06,Middle Africa,Cameroon,Extreme-Nord,Explosions/Remote violence,Shelling/artillery/missile attack,2,0,16525,Political violence,3756,11.4565,14.792
2022-03-05,Middle Africa,Cameroon,Extreme-Nord,Explosions/Remote violence,Shelling/artillery/missile attack,1,0,1786,Political violence,3756,11.4565,14.792
2024-02-03,Middle Africa,Cameroon,Extreme-Nord,Explosions/Remote violence,Shelling/artillery/missile attack,2,0,286819,Political violence,3756,11.4565,14.792
2026-04-18,Middle Africa,Cameroon,Extreme-Nord,Explosions/Remote violence,Shelling/artillery/missile attack,1,0,66,Political violence,3756,11.4565,14.792
2026-05-02,Middle Africa,Cameroon,Extreme-Nord,Explosions/Remote violence,Shelling/artillery/missile attack,1,0,1597,Political violence,3756,11.4565,14.792
2026-05-16,Middle Africa,Cameroon,Extreme-Nord,Explosions/Remote violence,Shelling/artillery/missile attack,1,0,8965,Political violence,3756,11.4565,14.792
2020-02-15,Middle Africa,Cameroon,Extreme-Nord,Explosions/Remote violence,Suicide bomb,1,1,1964,Political violence,3756,11.4565,14.792
2020-02-29,Middle Africa,Cameroon,Extreme-Nord,Explosions/Remote violence,Suicide bomb,1,3,1665,Political violence,3756,11.4565,14.792
2020-03-21,Middle Africa,Cameroon,Extreme-Nord,Explosions/Remote violence,Suicide bomb,1,1,100451,Political violence,3756,11.4565,14.792
2020-04-11,Middle Africa,Cameroon,Extreme-Nord,Explosions/Remote violence,Suicide bomb,1,3,5245,Political violence,3756,11.4565,14.792
2020-08-01,Middle Africa,Cameroon,Extreme-Nord,Explosions/Remote violence,Suicide bomb,1,19,6331,Political violence,3756,11.4565,14.792
2020-08-29,Middle Africa,Cameroon,Extreme-Nord,Explosions/Remote violence,Suicide bomb,2,13,6551,Political violence,3756,11.4565,14.792
2022-01-08,Middle Africa,Cameroon,Extreme-Nord,Protests,Excessive force against protesters,1,4,42365,Political violence; Demonstrations,3756,11.4565,14.792
2020-06-20,Middle Africa,Cameroon,Extreme-Nord,Protests,Peaceful protest,1,0,32372,Demonstrations,3756,11.4565,14.792
2020-09-19,Middle Africa,Cameroon,Extreme-Nord,Protests,Peaceful protest,1,0,32372,Demonstrations,3756,11.4565,14.792
2020-11-28,Middle Africa,Cameroon,Extreme-Nord,Protests,Peaceful protest,1,0,32372,Demonstrations,3756,11.4565,14.792
2020-12-19,Middle Africa,Cameroon,Extreme-Nord,Protests,Peaceful protest,1,0,32372,Demonstrations,3756,11.4565,14.792
2021-01-09,Middle Africa,Cameroon,Extreme-Nord,Protests,Peaceful protest,1,0,33205,Demonstrations,3756,11.4565,14.792
2021-01-16,Middle Africa,Cameroon,Extreme-Nord,Protests,Peaceful protest,1,0,33205,Demonstrations,3756,11.4565,14.792
2021-05-15,Middle Africa,Cameroon,Extreme-Nord,Protests,Peaceful protest,1,0,14156,Demonstrations,3756,11.4565,14.792
2021-06-26,Middle Africa,Cameroon,Extreme-Nord,Protests,Peaceful protest,1,0,4897,Demonstrations,3756,11.4565,14.792
2021-07-03,Middle Africa,Cameroon,Extreme-Nord,Protests,Peaceful protest,1,0,9475,Demonstrations,3756,11.4565,14.792
2021-10-16,Middle Africa,Cameroon,Extreme-Nord,Protests,Peaceful protest,1,0,41299,Demonstrations,3756,11.4565,14.792
2021-11-06,Middle Africa,Cameroon,Extreme-Nord,Protests,Peaceful protest,1,0,14156,Demonstrations,3756,11.4565,14.792
2021-12-25,Middle Africa,Cameroon,Extreme-Nord,Protests,Peaceful protest,1,0,33205,Demonstrations,3756,11.4565,14.792
2022-01-08,Middle Africa,Cameroon,Extreme-Nord,Protests,Peaceful protest,1,0,42365,Demonstrations,3756,11.4565,14.792
2022-02-19,Middle Africa,Cameroon,Extreme-Nord,Protests,Peaceful protest,2,0,34039,Demonstrations,3756,11.4565,14.792
2022-04-23,Middle Africa,Cameroon,Extreme-Nord,Protests,Peaceful protest,1,0,6649,Demonstrations,3756,11.4565,14.792
2022-04-30,Middle Africa,Cameroon,Extreme-Nord,Protests,Peaceful protest,3,0,97026,Demonstrations,3756,11.4565,14.792
2022-05-28,Middle Africa,Cameroon,Extreme-Nord,Protests,Peaceful protest,2,0,47866,Demonstrations,3756,11.4565,14.792
2022-07-09,Middle Africa,Cameroon,Extreme-Nord,Protests,Peaceful protest,1,0,17562,Demonstrations,3756,11.4565,14.792
2022-10-15,Middle Africa,Cameroon,Extreme-Nord,Protests,Peaceful protest,1,0,14172,Demonstrations,3756,11.4565,14.792
2023-06-17,Middle Africa,Cameroon,Extreme-Nord,Protests,Peaceful protest,1,0,9130,Demonstrations,3756,11.4565,14.792
2023-07-15,Middle Africa,Cameroon,Extreme-Nord,Protests,Peaceful protest,1,0,9130,Demonstrations,3756,11.4565,14.792
2023-09-02,Middle Africa,Cameroon,Extreme-Nord,Protests,Peaceful protest,1,0,14990,Demonstrations,3756,11.4565,14.792
2023-09-16,Middle Africa,Cameroon,Extreme-Nord,Protests,Peaceful protest,1,0,4223,Demonstrations,3756,11.4565,14.792
2023-10-14,Middle Africa,Cameroon,Extreme-Nord,Protests,Peaceful protest,1,0,9130,Demonstrations,3756,11.4565,14.792
2023-12-02,Middle Africa,Cameroon,Extreme-Nord,Protests,Peaceful protest,1,0,5946,Demonstrations,3756,11.4565,14.792
2024-01-06,Middle Africa,Cameroon,Extreme-Nord,Protests,Peaceful protest,1,0,35751,Demonstrations,3756,11.4565,14.792
2024-02-03,Middle Africa,Cameroon,Extreme-Nord,Protests,Peaceful protest,1,0,1870,Demonstrations,3756,11.4565,14.792
2024-06-01,Middle Africa,Cameroon,Extreme-Nord,Protests,Peaceful protest,1,0,2678,Demonstrations,3756,11.4565,14.792
2024-08-03,Middle Africa,Cameroon,Extreme-Nord,Protests,Peaceful protest,1,0,36389,Demonstrations,3756,11.4565,14.792
2024-08-17,Middle Africa,Cameroon,Extreme-Nord,Protests,Peaceful protest,1,0,8894,Demonstrations,3756,11.4565,14.792
2024-09-07,Middle Africa,Cameroon,Extreme-Nord,Protests,Peaceful protest,2,0,8226,Demonstrations,3756,11.4565,14.792
2024-12-07,Middle Africa,Cameroon,Extreme-Nord,Protests,Peaceful protest,1,0,44706,Demonstrations,3756,11.4565,14.792
2025-01-04,Middle Africa,Cameroon,Extreme-Nord,Protests,Peaceful protest,1,0,2985,Demonstrations,3756,11.4565,14.792
2025-01-25,Middle Africa,Cameroon,Extreme-Nord,Protests,Peaceful protest,1,0,19428,Demonstrations,3756,11.4565,14.792
2025-02-15,Middle Africa,Cameroon,Extreme-Nord,Protests,Peaceful protest,1,0,20157,Demonstrations,3756,11.4565,14.792
2025-04-05,Middle Africa,Cameroon,Extreme-Nord,Protests,Peaceful protest,1,0,20157,Demonstrations,3756,11.4565,14.792
2025-05-10,Middle Africa,Cameroon,Extreme-Nord,Protests,Peaceful protest,1,0,6885,Demonstrations,3756,11.4565,14.792
2025-05-17,Middle Africa,Cameroon,Extreme-Nord,Protests,Peaceful protest,1,0,4013,Demonstrations,3756,11.4565,14.792
2025-05-24,Middle Africa,Cameroon,Extreme-Nord,Protests,Peaceful protest,1,0,15239,Demonstrations,3756,11.4565,14.792
2025-07-12,Middle Africa,Cameroon,Extreme-Nord,Protests,Peaceful protest,1,0,15239,Demonstrations,3756,11.4565,14.792
2025-07-26,Middle Africa,Cameroon,Extreme-Nord,Protests,Peaceful protest,1,0,5393,Demonstrations,3756,11.4565,14.792
2025-09-13,Middle Africa,Cameroon,Extreme-Nord,Protests,Peaceful protest,1,0,7894,Demonstrations,3756,11.4565,14.792
2025-09-20,Middle Africa,Cameroon,Extreme-Nord,Protests,Peaceful protest,1,0,30797,Demonstrations,3756,11.4565,14.792
2025-10-11,Middle Africa,Cameroon,Extreme-Nord,Protests,Peaceful protest,2,0,30797,Demonstrations,3756,11.4565,14.792
2025-10-18,Middle Africa,Cameroon,Extreme-Nord,Protests,Peaceful protest,3,0,100489,Demonstrations,3756,11.4565,14.792
2025-11-15,Middle Africa,Cameroon,Extreme-Nord,Protests,Peaceful protest,1,0,36575,Demonstrations,3756,11.4565,14.792
2026-02-28,Middle Africa,Cameroon,Extreme-Nord,Protests,Peaceful protest,1,0,38055,Demonstrations,3756,11.4565,14.792
2026-04-04,Middle Africa,Cameroon,Extreme-Nord,Protests,Peaceful protest,1,0,7514,Demonstrations,3756,11.4565,14.792
2026-04-11,Middle Africa,Cameroon,Extreme-Nord,Protests,Peaceful protest,1,0,14605,Demonstrations,3756,11.4565,14.792
2026-05-23,Middle Africa,Cameroon,Extreme-Nord,Protests,Peaceful protest,2,0,39758,Demonstrations,3756,11.4565,14.792
2026-06-20,Middle Africa,Cameroon,Extreme-Nord,Protests,Peaceful protest,1,0,2275,Demonstrations,3756,11.4565,14.792
2022-01-08,Middle Africa,Cameroon,Extreme-Nord,Protests,Protest with intervention,1,0,42365,Demonstrations,3756,11.4565,14.792
2023-03-04,Middle Africa,Cameroon,Extreme-Nord,Protests,Protest with intervention,1,0,14990,Demonstrations,3756,11.4565,14.792
2024-08-10,Middle Africa,Cameroon,Extreme-Nord,Protests,Protest with intervention,1,0,36389,Demonstrations,3756,11.4565,14.792
2024-12-21,Middle Africa,Cameroon,Extreme-Nord,Protests,Protest with intervention,1,0,14892,Demonstrations,3756,11.4565,14.792
2025-01-04,Middle Africa,Cameroon,Extreme-Nord,Protests,Protest with intervention,1,0,2985,Demonstrations,3756,11.4565,14.792
2025-04-19,Middle Africa,Cameroon,Extreme-Nord,Protests,Protest with intervention,1,0,1024,Demonstrations,3756,11.4565,14.792
2025-05-10,Middle Africa,Cameroon,Extreme-Nord,Protests,Protest with intervention,1,0,15239,Demonstrations,3756,11.4565,14.792
2025-07-12,Middle Africa,Cameroon,Extreme-Nord,Protests,Protest with intervention,2,0,5393,Demonstrations,3756,11.4565,14.792
2025-09-27,Middle Africa,Cameroon,Extreme-Nord,Protests,Protest with intervention,1,0,22244,Demonstrations,3756,11.4565,14.792
2025-10-18,Middle Africa,Cameroon,Extreme-Nord,Protests,Protest with intervention,1,0,15239,Demonstrations,3756,11.4565,14.792
2025-10-25,Middle Africa,Cameroon,Extreme-Nord,Protests,Protest with intervention,2,0,16907,Demonstrations,3756,11.4565,14.792
2026-07-04,Middle Africa,Cameroon,Extreme-Nord,Protests,Protest with intervention,1,0,7045,Demonstrations,3756,11.4565,14.792
2020-02-08,Middle Africa,Cameroon,Extreme-Nord,Riots,Mob violence,2,0,16933,Political violence,3756,11.4565,14.792
2020-05-09,Middle Africa,Cameroon,Extreme-Nord,Riots,Mob violence,1,1,52610,Political violence,3756,11.4565,14.792
2020-10-31,Middle Africa,Cameroon,Extreme-Nord,Riots,Mob violence,1,0,15844,Political violence,3756,11.4565,14.792
2020-11-21,Middle Africa,Cameroon,Extreme-Nord,Riots,Mob violence,2,0,196465,Political violence,3756,11.4565,14.792
2021-01-02,Middle Africa,Cameroon,Extreme-Nord,Riots,Mob violence,2,1,6903,Political violence,3756,11.4565,14.792
2021-03-06,Middle Africa,Cameroon,Extreme-Nord,Riots,Mob violence,3,0,119044,Political violence,3756,11.4565,14.792
2021-03-20,Middle Africa,Cameroon,Extreme-Nord,Riots,Mob violence,1,1,10326,Political violence,3756,11.4565,14.792
2021-04-10,Middle Africa,Cameroon,Extreme-Nord,Riots,Mob violence,2,0,24783,Political violence,3756,11.4565,14.792
2021-05-08,Middle Africa,Cameroon,Extreme-Nord,Riots,Mob violence,1,2,11697,Political violence,3756,11.4565,14.792
2021-05-15,Middle Africa,Cameroon,Extreme-Nord,Riots,Mob violence,1,1,8587,Political violence,3756,11.4565,14.792
2021-05-22,Middle Africa,Cameroon,Extreme-Nord,Riots,Mob violence,2,0,166402,Political violence,3756,11.4565,14.792
2021-06-05,Middle Africa,Cameroon,Extreme-Nord,Riots,Mob violence,1,1,80960,Political violence,3756,11.4565,14.792
2021-06-26,Middle Africa,Cameroon,Extreme-Nord,Riots,Mob violence,2,3,95879,Political violence,3756,11.4565,14.792
2021-07-24,Middle Africa,Cameroon,Extreme-Nord,Riots,Mob violence,1,0,95879,Political violence,3756,11.4565,14.792
2021-09-04,Middle Africa,Cameroon,Extreme-Nord,Riots,Mob violence,1,0,95879,Political violence,3756,11.4565,14.792
2021-09-18,Middle Africa,Cameroon,Extreme-Nord,Riots,Mob violence,1,0,8587,Political violence,3756,11.4565,14.792
2021-09-25,Middle Africa,Cameroon,Extreme-Nord,Riots,Mob violence,1,0,95879,Political violence,3756,11.4565,14.792
2021-10-02,Middle Africa,Cameroon,Extreme-Nord,Riots,Mob violence,1,0,118997,Political violence,3756,11.4565,14.792
2022-01-15,Middle Africa,Cameroon,Extreme-Nord,Riots,Mob violence,1,1,98366,Political violence,3756,11.4565,14.792
2022-03-19,Middle Africa,Cameroon,Extreme-Nord,Riots,Mob violence,1,0,1571,Political violence,3756,11.4565,14.792
2022-04-16,Middle Africa,Cameroon,Extreme-Nord,Riots,Mob violence,1,1,98366,Political violence,3756,11.4565,14.792
2022-04-23,Middle Africa,Cameroon,Extreme-Nord,Riots,Mob violence,2,3,230535,Political violence,3756,11.4565,14.792
2022-05-07,Middle Africa,Cameroon,Extreme-Nord,Riots,Mob violence,1,0,15595,Political violence,3756,11.4565,14.792
2022-05-14,Middle Africa,Cameroon,Extreme-Nord,Riots,Mob violence,1,0,122153,Political violence,3756,11.4565,14.792
2022-06-18,Middle Africa,Cameroon,Extreme-Nord,Riots,Mob violence,1,1,13976,Political violence,3756,11.4565,14.792
2022-06-25,Middle Africa,Cameroon,Extreme-Nord,Riots,Mob violence,1,1,80118,Political violence,3756,11.4565,14.792
2022-07-02,Middle Africa,Cameroon,Extreme-Nord,Riots,Mob violence,1,0,18484,Political violence,3756,11.4565,14.792
2022-07-30,Middle Africa,Cameroon,Extreme-Nord,Riots,Mob violence,2,0,85798,Political violence,3756,11.4565,14.792
2022-09-10,Middle Africa,Cameroon,Extreme-Nord,Riots,Mob violence,1,0,66334,Political violence,3756,11.4565,14.792
2022-11-19,Middle Africa,Cameroon,Extreme-Nord,Riots,Mob violence,1,0,15595,Political violence,3756,11.4565,14.792
2022-12-03,Middle Africa,Cameroon,Extreme-Nord,Riots,Mob violence,1,0,15193,Political violence,3756,11.4565,14.792
2022-12-24,Middle Africa,Cameroon,Extreme-Nord,Riots,Mob violence,1,0,47297,Political violence,3756,11.4565,14.792
2023-01-21,Middle Africa,Cameroon,Extreme-Nord,Riots,Mob violence,1,0,68156,Political violence,3756,11.4565,14.792
2023-01-28,Middle Africa,Cameroon,Extreme-Nord,Riots,Mob violence,1,0,4440,Political violence,3756,11.4565,14.792
2023-02-04,Middle Africa,Cameroon,Extreme-Nord,Riots,Mob violence,1,0,4202,Political violence,3756,11.4565,14.792
2023-02-11,Middle Africa,Cameroon,Extreme-Nord,Riots,Mob violence,1,0,48555,Political violence,3756,11.4565,14.792
2023-02-25,Middle Africa,Cameroon,Extreme-Nord,Riots,Mob violence,1,0,1027,Political violence,3756,11.4565,14.792
2023-03-25,Middle Africa,Cameroon,Extreme-Nord,Riots,Mob violence,1,1,48555,Political violence,3756,11.4565,14.792
2023-04-29,Middle Africa,Cameroon,Extreme-Nord,Riots,Mob violence,1,0,19421,Political violence,3756,11.4565,14.792
2023-05-27,Middle Africa,Cameroon,Extreme-Nord,Riots,Mob violence,1,1,4163,Political violence,3756,11.4565,14.792
2023-08-05,Middle Africa,Cameroon,Extreme-Nord,Riots,Mob violence,1,3,1765,Political violence,3756,11.4565,14.792
2023-08-12,Middle Africa,Cameroon,Extreme-Nord,Riots,Mob violence,1,1,10769,Political violence,3756,11.4565,14.792
2023-08-19,Middle Africa,Cameroon,Extreme-Nord,Riots,Mob violence,1,0,8110,Political violence,3756,11.4565,14.792
2023-08-26,Middle Africa,Cameroon,Extreme-Nord,Riots,Mob violence,1,1,1447,Political violence,3756,11.4565,14.792
2023-09-02,Middle Africa,Cameroon,Extreme-Nord,Riots,Mob violence,1,0,4259,Political violence,3756,11.4565,14.792
2023-09-09,Middle Africa,Cameroon,Extreme-Nord,Riots,Mob violence,1,1,1353,Political violence,3756,11.4565,14.792
2023-09-16,Middle Africa,Cameroon,Extreme-Nord,Riots,Mob violence,2,1,898,Political violence,3756,11.4565,14.792
2023-09-30,Middle Africa,Cameroon,Extreme-Nord,Riots,Mob violence,3,1,48458,Political violence,3756,11.4565,14.792
2023-10-07,Middle Africa,Cameroon,Extreme-Nord,Riots,Mob violence,3,1,26739,Political violence,3756,11.4565,14.792
2023-10-14,Middle Africa,Cameroon,Extreme-Nord,Riots,Mob violence,1,0,1775,Political violence,3756,11.4565,14.792
2023-11-11,Middle Africa,Cameroon,Extreme-Nord,Riots,Mob violence,2,1,127348,Political violence,3756,11.4565,14.792
2023-12-16,Middle Africa,Cameroon,Extreme-Nord,Riots,Mob violence,3,8,17329,Political violence,3756,11.4565,14.792
2023-12-30,Middle Africa,Cameroon,Extreme-Nord,Riots,Mob violence,1,4,4859,Political violence,3756,11.4565,14.792
2024-02-10,Middle Africa,Cameroon,Extreme-Nord,Riots,Mob violence,1,0,17179,Political violence,3756,11.4565,14.792
2024-03-02,Middle Africa,Cameroon,Extreme-Nord,Riots,Mob violence,4,0,30414,Political violence,3756,11.4565,14.792
2024-03-09,Middle Africa,Cameroon,Extreme-Nord,Riots,Mob violence,1,0,45978,Political violence,3756,11.4565,14.792
2024-03-16,Middle Africa,Cameroon,Extreme-Nord,Riots,Mob violence,3,0,77174,Political violence,3756,11.4565,14.792
2024-03-23,Middle Africa,Cameroon,Extreme-Nord,Riots,Mob violence,3,3,24480,Political violence,3756,11.4565,14.792
2024-03-30,Middle Africa,Cameroon,Extreme-Nord,Riots,Mob violence,2,10,3186,Political violence,3756,11.4565,14.792
2024-04-06,Middle Africa,Cameroon,Extreme-Nord,Riots,Mob violence,1,0,16592,Political violence,3756,11.4565,14.792
2024-04-20,Middle Africa,Cameroon,Extreme-Nord,Riots,Mob violence,1,3,77112,Political violence,3756,11.4565,14.792
2024-05-04,Middle Africa,Cameroon,Extreme-Nord,Riots,Mob violence,1,0,4036,Political violence,3756,11.4565,14.792
2024-05-18,Middle Africa,Cameroon,Extreme-Nord,Riots,Mob violence,1,1,114073,Political violence,3756,11.4565,14.792
2024-06-01,Middle Africa,Cameroon,Extreme-Nord,Riots,Mob violence,1,0,10316,Political violence,3756,11.4565,14.792
2024-06-22,Middle Africa,Cameroon,Extreme-Nord,Riots,Mob violence,2,2,22369,Political violence,3756,11.4565,14.792
2024-07-20,Middle Africa,Cameroon,Extreme-Nord,Riots,Mob violence,1,2,1805,Political violence,3756,11.4565,14.792
2024-08-03,Middle Africa,Cameroon,Extreme-Nord,Riots,Mob violence,2,1,4689,Political violence,3756,11.4565,14.792
2024-08-17,Middle Africa,Cameroon,Extreme-Nord,Riots,Mob violence,3,2,107956,Political violence,3756,11.4565,14.792
2024-09-14,Middle Africa,Cameroon,Extreme-Nord,Riots,Mob violence,2,0,27509,Political violence,3756,11.4565,14.792
2024-09-21,Middle Africa,Cameroon,Extreme-Nord,Riots,Mob violence,1,1,1212,Political violence,3756,11.4565,14.792
2024-10-05,Middle Africa,Cameroon,Extreme-Nord,Riots,Mob violence,2,1,115986,Political violence,3756,11.4565,14.792
2024-10-12,Middle Africa,Cameroon,Extreme-Nord,Riots,Mob violence,1,0,27939,Political violence,3756,11.4565,14.792
2024-11-30,Middle Africa,Cameroon,Extreme-Nord,Riots,Mob violence,3,4,6814,Political violence,3756,11.4565,14.792
2024-12-07,Middle Africa,Cameroon,Extreme-Nord,Riots,Mob violence,3,0,25342,Political violence,3756,11.4565,14.792
2024-12-14,Middle Africa,Cameroon,Extreme-Nord,Riots,Mob violence,1,0,2281,Political violence,3756,11.4565,14.792
2024-12-28,Middle Africa,Cameroon,Extreme-Nord,Riots,Mob violence,1,0,1771,Political violence,3756,11.4565,14.792
2025-01-04,Middle Africa,Cameroon,Extreme-Nord,Riots,Mob violence,2,2,1808,Political violence,3756,11.4565,14.792
2025-01-11,Middle Africa,Cameroon,Extreme-Nord,Riots,Mob violence,1,0,4669,Political violence,3756,11.4565,14.792
2025-01-25,Middle Africa,Cameroon,Extreme-Nord,Riots,Mob violence,1,0,1,Political violence,3756,11.4565,14.792
2025-02-01,Middle Africa,Cameroon,Extreme-Nord,Riots,Mob violence,1,0,79169,Political violence,3756,11.4565,14.792
2025-02-15,Middle Africa,Cameroon,Extreme-Nord,Riots,Mob violence,1,0,1818,Political violence,3756,11.4565,14.792
2025-03-01,Middle Africa,Cameroon,Extreme-Nord,Riots,Mob violence,2,3,5596,Political violence,3756,11.4565,14.792
2025-03-08,Middle Africa,Cameroon,Extreme-Nord,Riots,Mob violence,3,2,22163,Political violence,3756,11.4565,14.792
2025-03-15,Middle Africa,Cameroon,Extreme-Nord,Riots,Mob violence,7,4,38328,Political violence,3756,11.4565,14.792
2025-03-22,Middle Africa,Cameroon,Extreme-Nord,Riots,Mob violence,2,0,3449,Political violence,3756,11.4565,14.792
2025-03-29,Middle Africa,Cameroon,Extreme-Nord,Riots,Mob violence,3,2,118011,Political violence,3756,11.4565,14.792
2025-04-05,Middle Africa,Cameroon,Extreme-Nord,Riots,Mob violence,2,0,688,Political violence,3756,11.4565,14.792
2025-04-12,Middle Africa,Cameroon,Extreme-Nord,Riots,Mob violence,1,0,8662,Political violence,3756,11.4565,14.792
2025-04-19,Middle Africa,Cameroon,Extreme-Nord,Riots,Mob violence,1,0,688,Political violence,3756,11.4565,14.792
2025-04-26,Middle Africa,Cameroon,Extreme-Nord,Riots,Mob violence,2,0,52009,Political violence,3756,11.4565,14.792
2025-05-17,Middle Africa,Cameroon,Extreme-Nord,Riots,Mob violence,2,2,32121,Political violence,3756,11.4565,14.792
2025-05-24,Middle Africa,Cameroon,Extreme-Nord,Riots,Mob violence,1,2,9887,Political violence,3756,11.4565,14.792
2025-05-31,Middle Africa,Cameroon,Extreme-Nord,Riots,Mob violence,1,1,24969,Political violence,3756,11.4565,14.792
2025-06-07,Middle Africa,Cameroon,Extreme-Nord,Riots,Mob violence,1,0,2591,Political violence,3756,11.4565,14.792
2025-06-21,Middle Africa,Cameroon,Extreme-Nord,Riots,Mob violence,2,1,94925,Political violence,3756,11.4565,14.792
2025-07-05,Middle Africa,Cameroon,Extreme-Nord,Riots,Mob violence,1,0,1439,Political violence,3756,11.4565,14.792
2025-07-12,Middle Africa,Cameroon,Extreme-Nord,Riots,Mob violence,3,2,43239,Political violence,3756,11.4565,14.792
2025-07-19,Middle Africa,Cameroon,Extreme-Nord,Riots,Mob violence,2,0,20519,Political violence,3756,11.4565,14.792
2025-09-20,Middle Africa,Cameroon,Extreme-Nord,Riots,Mob violence,1,0,897,Political violence,3756,11.4565,14.792
2025-10-04,Middle Africa,Cameroon,Extreme-Nord,Riots,Mob violence,1,0,2559,Political violence,3756,11.4565,14.792
2025-10-18,Middle Africa,Cameroon,Extreme-Nord,Riots,Mob violence,2,0,42385,Political violence,3756,11.4565,14.792
2025-10-25,Middle Africa,Cameroon,Extreme-Nord,Riots,Mob violence,2,0,33723,Political violence,3756,11.4565,14.792
2025-11-29,Middle Africa,Cameroon,Extreme-Nord,Riots,Mob violence,2,0,8881,Political violence,3756,11.4565,14.792
2025-12-06,Middle Africa,Cameroon,Extreme-Nord,Riots,Mob violence,2,0,3175,Political violence,3756,11.4565,14.792
2025-12-20,Middle Africa,Cameroon,Extreme-Nord,Riots,Mob violence,1,0,65868,Political violence,3756,11.4565,14.792
2026-01-03,Middle Africa,Cameroon,Extreme-Nord,Riots,Mob violence,1,0,11044,Political violence,3756,11.4565,14.792
2026-01-24,Middle Africa,Cameroon,Extreme-Nord,Riots,Mob violence,1,3,14433,Political violence,3756,11.4565,14.792
2026-01-31,Middle Africa,Cameroon,Extreme-Nord,Riots,Mob violence,1,0,67501,Political violence,3756,11.4565,14.792
2026-02-07,Middle Africa,Cameroon,Extreme-Nord,Riots,Mob violence,2,0,128553,Political violence,3756,11.4565,14.792
2026-02-14,Middle Africa,Cameroon,Extreme-Nord,Riots,Mob violence,2,2,9723,Political violence,3756,11.4565,14.792
2026-02-28,Middle Africa,Cameroon,Extreme-Nord,Riots,Mob violence,1,0,4086,Political violence,3756,11.4565,14.792
2026-03-14,Middle Africa,Cameroon,Extreme-Nord,Riots,Mob violence,3,2,75314,Political violence,3756,11.4565,14.792
2026-03-21,Middle Africa,Cameroon,Extreme-Nord,Riots,Mob violence,2,1,24331,Political violence,3756,11.4565,14.792
2026-03-28,Middle Africa,Cameroon,Extreme-Nord,Riots,Mob violence,1,0,2673,Political violence,3756,11.4565,14.792
2026-04-11,Middle Africa,Cameroon,Extreme-Nord,Riots,Mob violence,2,3,31544,Political violence,3756,11.4565,14.792
2026-04-25,Middle Africa,Cameroon,Extreme-Nord,Riots,Mob violence,2,1,88528,Political violence,3756,11.4565,14.792
2026-05-02,Middle Africa,Cameroon,Extreme-Nord,Riots,Mob violence,1,0,27476,Political violence,3756,11.4565,14.792
2026-05-09,Middle Africa,Cameroon,Extreme-Nord,Riots,Mob violence,1,0,52076,Political violence,3756,11.4565,14.792
2026-05-16,Middle Africa,Cameroon,Extreme-Nord,Riots,Mob violence,1,0,61052,Political violence,3756,11.4565,14.792
2026-05-30,Middle Africa,Cameroon,Extreme-Nord,Riots,Mob violence,1,0,28580,Political violence,3756,11.4565,14.792
2026-06-06,Middle Africa,Cameroon,Extreme-Nord,Riots,Mob violence,1,0,86091,Political violence,3756,11.4565,14.792
2026-06-13,Middle Africa,Cameroon,Extreme-Nord,Riots,Mob violence,2,0,147114,Political violence,3756,11.4565,14.792
2026-06-27,Middle Africa,Cameroon,Extreme-Nord,Riots,Mob violence,1,0,34542,Political violence,3756,11.4565,14.792
2026-07-04,Middle Africa,Cameroon,Extreme-Nord,Riots,Mob violence,1,4,11788,Political violence,3756,11.4565,14.792
2026-08-01,Middle Africa,Cameroon,Extreme-Nord,Riots,Mob violence,1,0,52076,Political violence,3756,11.4565,14.792
2026-08-15,Middle Africa,Cameroon,Extreme-Nord,Riots,Mob violence,1,0,52076,Political violence,3756,11.4565,14.792
2020-02-08,Middle Africa,Cameroon,Extreme-Nord,Riots,Violent demonstration,1,0,93395,Demonstrations,3756,11.4565,14.792
2020-11-14,Middle Africa,Cameroon,Extreme-Nord,Riots,Violent demonstration,1,0,93395,Demonstrations,3756,11.4565,14.792
2021-05-15,Middle Africa,Cameroon,Extreme-Nord,Riots,Violent demonstration,1,0,17947,Demonstrations,3756,11.4565,14.792
2021-09-25,Middle Africa,Cameroon,Extreme-Nord,Riots,Violent demonstration,1,0,25939,Demonstrations,3756,11.4565,14.792
2022-12-03,Middle Africa,Cameroon,Extreme-Nord,Riots,Violent demonstration,1,0,15193,Demonstrations,3756,11.4565,14.792
2023-03-04,Middle Africa,Cameroon,Extreme-Nord,Riots,Violent demonstration,1,0,48555,Demonstrations,3756,11.4565,14.792
2023-12-16,Middle Africa,Cameroon,Extreme-Nord,Riots,Violent demonstration,2,8,15683,Demonstrations,3756,11.4565,14.792
2024-02-10,Middle Africa,Cameroon,Extreme-Nord,Riots,Violent demonstration,1,0,17179,Demonstrations,3756,11.4565,14.792
2024-06-01,Middle Africa,Cameroon,Extreme-Nord,Riots,Violent demonstration,1,0,25704,Demonstrations,3756,11.4565,14.792
2025-01-18,Middle Africa,Cameroon,Extreme-Nord,Riots,Violent demonstration,1,1,90196,Demonstrations,3756,11.4565,14.792
2025-03-01,Middle Africa,Cameroon,Extreme-Nord,Riots,Violent demonstration,1,0,4778,Demonstrations,3756,11.4565,14.792
2025-10-25,Middle Africa,Cameroon,Extreme-Nord,Riots,Violent demonstration,4,5,138447,Demonstrations,3756,11.4565,14.792
2026-03-21,Middle Africa,Cameroon,Extreme-Nord,Riots,Violent demonstration,1,0,50188,Demonstrations,3756,11.4565,14.792
2026-07-04,Middle Africa,Cameroon,Extreme-Nord,Riots,Violent demonstration,1,4,11788,Demonstrations,3756,11.4565,14.792
2026-07-18,Middle Africa,Cameroon,Extreme-Nord,Riots,Violent demonstration,1,2,52076,Demonstrations,3756,11.4565,14.792
2021-07-31,Middle Africa,Cameroon,Extreme-Nord,Strategic developments,Agreement,1,0,,Strategic developments,3756,11.4565,14.792
2021-08-28,Middle Africa,Cameroon,Extreme-Nord,Strategic developments,Agreement,1,0,,Strategic developments,3756,11.4565,14.792
2021-09-04,Middle Africa,Cameroon,Extreme-Nord,Strategic developments,Agreement,1,0,,Strategic developments,3756,11.4565,14.792
2021-09-11,Middle Africa,Cameroon,Extreme-Nord,Strategic developments,Agreement,1,0,,Strategic developments,3756,11.4565,14.792
2021-09-25,Middle Africa,Cameroon,Extreme-Nord,Strategic developments,Agreement,2,0,,Strategic developments,3756,11.4565,14.792
2021-10-02,Middle Africa,Cameroon,Extreme-Nord,Strategic developments,Agreement,1,0,,Strategic developments,3756,11.4565,14.792
2021-10-09,Middle Africa,Cameroon,Extreme-Nord,Strategic developments,Agreement,1,0,,Strategic developments,3756,11.4565,14.792
2021-10-16,Middle Africa,Cameroon,Extreme-Nord,Strategic developments,Agreement,1,0,,Strategic developments,3756,11.4565,14.792
2021-11-06,Middle Africa,Cameroon,Extreme-Nord,Strategic developments,Agreement,1,0,,Strategic developments,3756,11.4565,14.792
2021-11-27,Middle Africa,Cameroon,Extreme-Nord,Strategic developments,Agreement,1,0,,Strategic developments,3756,11.4565,14.792
2021-12-11,Middle Africa,Cameroon,Extreme-Nord,Strategic developments,Agreement,1,0,,Strategic developments,3756,11.4565,14.792
2022-01-29,Middle Africa,Cameroon,Extreme-Nord,Strategic developments,Agreement,1,0,,Strategic developments,3756,11.4565,14.792
2022-02-12,Middle Africa,Cameroon,Extreme-Nord,Strategic developments,Agreement,1,0,,Strategic developments,3756,11.4565,14.792
2022-02-19,Middle Africa,Cameroon,Extreme-Nord,Strategic developments,Agreement,1,0,,Strategic developments,3756,11.4565,14.792
2022-02-26,Middle Africa,Cameroon,Extreme-Nord,Strategic developments,Agreement,2,0,,Strategic developments,3756,11.4565,14.792
2022-03-12,Middle Africa,Cameroon,Extreme-Nord,Strategic developments,Agreement,1,0,,Strategic developments,3756,11.4565,14.792
2022-03-19,Middle Africa,Cameroon,Extreme-Nord,Strategic developments,Agreement,2,0,,Strategic developments,3756,11.4565,14.792
2022-04-02,Middle Africa,Cameroon,Extreme-Nord,Strategic developments,Agreement,1,0,,Strategic developments,3756,11.4565,14.792
2022-04-16,Middle Africa,Cameroon,Extreme-Nord,Strategic developments,Agreement,1,0,,Strategic developments,3756,11.4565,14.792
2022-05-28,Middle Africa,Cameroon,Extreme-Nord,Strategic developments,Agreement,1,0,,Strategic developments,3756,11.4565,14.792
2022-07-16,Middle Africa,Cameroon,Extreme-Nord,Strategic developments,Agreement,1,0,,Strategic developments,3756,11.4565,14.792
2022-07-30,Middle Africa,Cameroon,Extreme-Nord,Strategic developments,Agreement,1,0,,Strategic developments,3756,11.4565,14.792
2022-08-20,Middle Africa,Cameroon,Extreme-Nord,Strategic developments,Agreement,3,0,,Strategic developments,3756,11.4565,14.792
2022-09-03,Middle Africa,Cameroon,Extreme-Nord,Strategic developments,Agreement,1,0,,Strategic developments,3756,11.4565,14.792
2022-12-31,Middle Africa,Cameroon,Extreme-Nord,Strategic developments,Agreement,2,0,,Strategic developments,3756,11.4565,14.792
2023-01-14,Middle Africa,Cameroon,Extreme-Nord,Strategic developments,Agreement,3,0,,Strategic developments,3756,11.4565,14.792
2023-01-21,Middle Africa,Cameroon,Extreme-Nord,Strategic developments,Agreement,1,0,,Strategic developments,3756,11.4565,14.792
2023-01-28,Middle Africa,Cameroon,Extreme-Nord,Strategic developments,Agreement,1,0,,Strategic developments,3756,11.4565,14.792
2023-02-25,Middle Africa,Cameroon,Extreme-Nord,Strategic developments,Agreement,1,0,,Strategic developments,3756,11.4565,14.792
2023-03-04,Middle Africa,Cameroon,Extreme-Nord,Strategic developments,Agreement,2,0,,Strategic developments,3756,11.4565,14.792
2023-03-11,Middle Africa,Cameroon,Extreme-Nord,Strategic developments,Agreement,1,0,,Strategic developments,3756,11.4565,14.792
2023-05-20,Middle Africa,Cameroon,Extreme-Nord,Strategic developments,Agreement,1,0,,Strategic developments,3756,11.4565,14.792
2023-06-03,Middle Africa,Cameroon,Extreme-Nord,Strategic developments,Agreement,1,0,,Strategic developments,3756,11.4565,14.792
2023-07-01,Middle Africa,Cameroon,Extreme-Nord,Strategic developments,Agreement,1,0,,Strategic developments,3756,11.4565,14.792
2023-09-16,Middle Africa,Cameroon,Extreme-Nord,Strategic developments,Agreement,1,0,,Strategic developments,3756,11.4565,14.792
2023-10-21,Middle Africa,Cameroon,Extreme-Nord,Strategic developments,Agreement,1,0,,Strategic developments,3756,11.4565,14.792
2024-02-24,Middle Africa,Cameroon,Extreme-Nord,Strategic developments,Agreement,2,0,,Strategic developments,3756,11.4565,14.792
2024-05-25,Middle Africa,Cameroon,Extreme-Nord,Strategic developments,Agreement,1,0,,Strategic developments,3756,11.4565,14.792
2024-06-08,Middle Africa,Cameroon,Extreme-Nord,Strategic developments,Agreement,1,0,,Strategic developments,3756,11.4565,14.792
2024-07-13,Middle Africa,Cameroon,Extreme-Nord,Strategic developments,Agreement,2,0,,Strategic developments,3756,11.4565,14.792
2025-07-12,Middle Africa,Cameroon,Extreme-Nord,Strategic developments,Agreement,1,0,,Strategic developments,3756,11.4565,14.792
2026-01-24,Middle Africa,Cameroon,Extreme-Nord,Strategic developments,Agreement,1,0,,Strategic developments,3756,11.4565,14.792
2026-05-16,Middle Africa,Cameroon,Extreme-Nord,Strategic developments,Agreement,1,0,,Strategic developments,3756,11.4565,14.792
2021-12-18,Middle Africa,Cameroon,Extreme-Nord,Strategic developments,Arrests,1,0,,Strategic developments,3756,11.4565,14.792
2022-08-13,Middle Africa,Cameroon,Extreme-Nord,Strategic developments,Arrests,1,0,,Strategic developments,3756,11.4565,14.792
2022-09-03,Middle Africa,Cameroon,Extreme-Nord,Strategic developments,Arrests,3,0,,Strategic developments,3756,11.4565,14.792
2022-09-24,Middle Africa,Cameroon,Extreme-Nord,Strategic developments,Arrests,2,0,,Strategic developments,3756,11.4565,14.792
2022-10-08,Middle Africa,Cameroon,Extreme-Nord,Strategic developments,Arrests,1,0,,Strategic developments,3756,11.4565,14.792
2022-11-19,Middle Africa,Cameroon,Extreme-Nord,Strategic developments,Arrests,1,0,,Strategic developments,3756,11.4565,14.792
2023-07-08,Middle Africa,Cameroon,Extreme-Nord,Strategic developments,Arrests,1,0,,Strategic developments,3756,11.4565,14.792
2023-12-16,Middle Africa,Cameroon,Extreme-Nord,Strategic developments,Arrests,1,0,,Strategic developments,3756,11.4565,14.792
2024-02-03,Middle Africa,Cameroon,Extreme-Nord,Strategic developments,Arrests,1,0,,Strategic developments,3756,11.4565,14.792
2025-09-13,Middle Africa,Cameroon,Extreme-Nord,Strategic developments,Arrests,1,0,,Strategic developments,3756,11.4565,14.792
2026-01-17,Middle Africa,Cameroon,Extreme-Nord,Strategic developments,Arrests,1,0,,Strategic developments,3756,11.4565,14.792
2026-01-24,Middle Africa,Cameroon,Extreme-Nord,Strategic developments,Arrests,1,0,,Strategic developments,3756,11.4565,14.792
2026-04-04,Middle Africa,Cameroon,Extreme-Nord,Strategic developments,Arrests,1,0,,Strategic developments,3756,11.4565,14.792
2026-05-16,Middle Africa,Cameroon,Extreme-Nord,Strategic developments,Arrests,1,0,,Strategic developments,3756,11.4565,14.792
2026-05-23,Middle Africa,Cameroon,Extreme-Nord,Strategic developments,Arrests,1,0,,Strategic developments,3756,11.4565,14.792
2026-06-06,Middle Africa,Cameroon,Extreme-Nord,Strategic developments,Arrests,1,0,,Strategic developments,3756,11.4565,14.792
2021-08-21,Middle Africa,Cameroon,Extreme-Nord,Strategic developments,Change to group/activity,1,0,,Strategic developments,3756,11.4565,14.792
2021-09-18,Middle Africa,Cameroon,Extreme-Nord,Strategic developments,Change to group/activity,1,0,,Strategic developments,3756,11.4565,14.792
2021-09-25,Middle Africa,Cameroon,Extreme-Nord,Strategic developments,Change to group/activity,1,0,,Strategic developments,3756,11.4565,14.792
2021-11-27,Middle Africa,Cameroon,Extreme-Nord,Strategic developments,Change to group/activity,1,0,,Strategic developments,3756,11.4565,14.792
2022-04-09,Middle Africa,Cameroon,Extreme-Nord,Strategic developments,Change to group/activity,1,0,,Strategic developments,3756,11.4565,14.792
2022-10-15,Middle Africa,Cameroon,Extreme-Nord,Strategic developments,Change to group/activity,1,0,,Strategic developments,3756,11.4565,14.792
2023-05-06,Middle Africa,Cameroon,Extreme-Nord,Strategic developments,Change to group/activity,1,0,,Strategic developments,3756,11.4565,14.792
2023-05-13,Middle Africa,Cameroon,Extreme-Nord,Strategic developments,Change to group/activity,1,0,,Strategic developments,3756,11.4565,14.792
2023-06-03,Middle Africa,Cameroon,Extreme-Nord,Strategic developments,Change to group/activity,2,0,,Strategic developments,3756,11.4565,14.792
2023-06-17,Middle Africa,Cameroon,Extreme-Nord,Strategic developments,Change to group/activity,1,0,,Strategic developments,3756,11.4565,14.792
2023-07-01,Middle Africa,Cameroon,Extreme-Nord,Strategic developments,Change to group/activity,1,0,,Strategic developments,3756,11.4565,14.792
2023-07-22,Middle Africa,Cameroon,Extreme-Nord,Strategic developments,Change to group/activity,2,0,,Strategic developments,3756,11.4565,14.792
2023-08-05,Middle Africa,Cameroon,Extreme-Nord,Strategic developments,Change to group/activity,3,0,,Strategic developments,3756,11.4565,14.792
2023-08-19,Middle Africa,Cameroon,Extreme-Nord,Strategic developments,Change to group/activity,1,0,,Strategic developments,3756,11.4565,14.792
2023-09-30,Middle Africa,Cameroon,Extreme-Nord,Strategic developments,Change to group/activity,2,0,,Strategic developments,3756,11.4565,14.792
2023-11-25,Middle Africa,Cameroon,Extreme-Nord,Strategic developments,Change to group/activity,1,0,,Strategic developments,3756,11.4565,14.792
2023-12-02,Middle Africa,Cameroon,Extreme-Nord,Strategic developments,Change to group/activity,1,0,,Strategic developments,3756,11.4565,14.792
2023-12-16,Middle Africa,Cameroon,Extreme-Nord,Strategic developments,Change to group/activity,1,0,,Strategic developments,3756,11.4565,14.792
2024-03-02,Middle Africa,Cameroon,Extreme-Nord,Strategic developments,Change to group/activity,1,0,,Strategic developments,3756,11.4565,14.792
2024-06-01,Middle Africa,Cameroon,Extreme-Nord,Strategic developments,Change to group/activity,1,0,,Strategic developments,3756,11.4565,14.792
2024-07-27,Middle Africa,Cameroon,Extreme-Nord,Strategic developments,Change to group/activity,1,0,,Strategic developments,3756,11.4565,14.792
2024-08-10,Middle Africa,Cameroon,Extreme-Nord,Strategic developments,Change to group/activity,1,0,,Strategic developments,3756,11.4565,14.792
2024-08-24,Middle Africa,Cameroon,Extreme-Nord,Strategic developments,Change to group/activity,1,0,,Strategic developments,3756,11.4565,14.792
2024-10-12,Middle Africa,Cameroon,Extreme-Nord,Strategic developments,Change to group/activity,2,0,,Strategic developments,3756,11.4565,14.792
2024-10-19,Middle Africa,Cameroon,Extreme-Nord,Strategic developments,Change to group/activity,3,0,,Strategic developments,3756,11.4565,14.792
2024-10-26,Middle Africa,Cameroon,Extreme-Nord,Strategic developments,Change to group/activity,2,0,,Strategic developments,3756,11.4565,14.792
2024-11-09,Middle Africa,Cameroon,Extreme-Nord,Strategic developments,Change to group/activity,1,0,,Strategic developments,3756,11.4565,14.792
2024-11-23,Middle Africa,Cameroon,Extreme-Nord,Strategic developments,Change to group/activity,1,0,,Strategic developments,3756,11.4565,14.792
2024-11-30,Middle Africa,Cameroon,Extreme-Nord,Strategic developments,Change to group/activity,2,0,,Strategic developments,3756,11.4565,14.792
2024-12-07,Middle Africa,Cameroon,Extreme-Nord,Strategic developments,Change to group/activity,1,0,,Strategic developments,3756,11.4565,14.792
2024-12-14,Middle Africa,Cameroon,Extreme-Nord,Strategic developments,Change to group/activity,1,0,,Strategic developments,3756,11.4565,14.792
2025-02-01,Middle Africa,Cameroon,Extreme-Nord,Strategic developments,Change to group/activity,1,0,,Strategic developments,3756,11.4565,14.792
2025-02-08,Middle Africa,Cameroon,Extreme-Nord,Strategic developments,Change to group/activity,1,0,,Strategic developments,3756,11.4565,14.792
2025-03-08,Middle Africa,Cameroon,Extreme-Nord,Strategic developments,Change to group/activity,2,0,,Strategic developments,3756,11.4565,14.792
2025-06-14,Middle Africa,Cameroon,Extreme-Nord,Strategic developments,Change to group/activity,1,0,,Strategic developments,3756,11.4565,14.792
2026-02-21,Middle Africa,Cameroon,Extreme-Nord,Strategic developments,Change to group/activity,2,0,,Strategic developments,3756,11.4565,14.792
2026-03-21,Middle Africa,Cameroon,Extreme-Nord,Strategic developments,Change to group/activity,2,0,,Strategic developments,3756,11.4565,14.792
2026-04-04,Middle Africa,Cameroon,Extreme-Nord,Strategic developments,Change to group/activity,1,0,,Strategic developments,3756,11.4565,14.792
2020-02-08,Middle Africa,Cameroon,Extreme-Nord,Strategic developments,Disrupted weapons use,1,0,,Strategic developments,3756,11.4565,14.792
2020-03-28,Middle Africa,Cameroon,Extreme-Nord,Strategic developments,Disrupted weapons use,1,0,,Strategic developments,3756,11.4565,14.792
2020-04-25,Middle Africa,Cameroon,Extreme-Nord,Strategic developments,Disrupted weapons use,1,0,,Strategic developments,3756,11.4565,14.792
2020-12-19,Middle Africa,Cameroon,Extreme-Nord,Strategic developments,Disrupted weapons use,1,1,,Strategic developments,3756,11.4565,14.792
2021-03-27,Middle Africa,Cameroon,Extreme-Nord,Strategic developments,Disrupted weapons use,1,0,,Strategic developments,3756,11.4565,14.792
2021-04-03,Middle Africa,Cameroon,Extreme-Nord,Strategic developments,Disrupted weapons use,1,0,,Strategic developments,3756,11.4565,14.792
2021-05-22,Middle Africa,Cameroon,Extreme-Nord,Strategic developments,Disrupted weapons use,1,0,,Strategic developments,3756,11.4565,14.792
2021-11-06,Middle Africa,Cameroon,Extreme-Nord,Strategic developments,Disrupted weapons use,1,0,,Strategic developments,3756,11.4565,14.792
2022-07-16,Middle Africa,Cameroon,Extreme-Nord,Strategic developments,Disrupted weapons use,1,0,,Strategic developments,3756,11.4565,14.792
2022-08-27,Middle Africa,Cameroon,Extreme-Nord,Strategic developments,Disrupted weapons use,1,0,,Strategic developments,3756,11.4565,14.792
2022-10-29,Middle Africa,Cameroon,Extreme-Nord,Strategic developments,Disrupted weapons use,1,0,,Strategic developments,3756,11.4565,14.792
2023-02-18,Middle Africa,Cameroon,Extreme-Nord,Strategic developments,Disrupted weapons use,1,0,,Strategic developments,3756,11.4565,14.792
2023-05-06,Middle Africa,Cameroon,Extreme-Nord,Strategic developments,Disrupted weapons use,1,0,,Strategic developments,3756,11.4565,14.792
2023-05-20,Middle Africa,Cameroon,Extreme-Nord,Strategic developments,Disrupted weapons use,1,0,,Strategic developments,3756,11.4565,14.792
2023-06-10,Middle Africa,Cameroon,Extreme-Nord,Strategic developments,Disrupted weapons use,1,0,,Strategic developments,3756,11.4565,14.792
2023-06-17,Middle Africa,Cameroon,Extreme-Nord,Strategic developments,Disrupted weapons use,1,0,,Strategic developments,3756,11.4565,14.792
2023-08-19,Middle Africa,Cameroon,Extreme-Nord,Strategic developments,Disrupted weapons use,1,0,,Strategic developments,3756,11.4565,14.792
2023-10-28,Middle Africa,Cameroon,Extreme-Nord,Strategic developments,Disrupted weapons use,2,0,,Strategic developments,3756,11.4565,14.792
2023-12-09,Middle Africa,Cameroon,Extreme-Nord,Strategic developments,Disrupted weapons use,1,0,,Strategic developments,3756,11.4565,14.792
2023-12-16,Middle Africa,Cameroon,Extreme-Nord,Strategic developments,Disrupted weapons use,1,1,,Strategic developments,3756,11.4565,14.792
2024-01-06,Middle Africa,Cameroon,Extreme-Nord,Strategic developments,Disrupted weapons use,1,0,,Strategic developments,3756,11.4565,14.792
2024-03-09,Middle Africa,Cameroon,Extreme-Nord,Strategic developments,Disrupted weapons use,4,0,,Strategic developments,3756,11.4565,14.792
2024-03-16,Middle Africa,Cameroon,Extreme-Nord,Strategic developments,Disrupted weapons use,1,0,,Strategic developments,3756,11.4565,14.792
2024-03-23,Middle Africa,Cameroon,Extreme-Nord,Strategic developments,Disrupted weapons use,2,0,,Strategic developments,3756,11.4565,14.792
2024-04-20,Middle Africa,Cameroon,Extreme-Nord,Strategic developments,Disrupted weapons use,1,0,,Strategic developments,3756,11.4565,14.792
2024-05-11,Middle Africa,Cameroon,Extreme-Nord,Strategic developments,Disrupted weapons use,1,0,,Strategic developments,3756,11.4565,14.792
2024-05-18,Middle Africa,Cameroon,Extreme-Nord,Strategic developments,Disrupted weapons use,3,0,,Strategic developments,3756,11.4565,14.792
2024-07-13,Middle Africa,Cameroon,Extreme-Nord,Strategic developments,Disrupted weapons use,1,0,,Strategic developments,3756,11.4565,14.792
2024-09-14,Middle Africa,Cameroon,Extreme-Nord,Strategic developments,Disrupted weapons use,1,0,,Strategic developments,3756,11.4565,14.792
2024-11-09,Middle Africa,Cameroon,Extreme-Nord,Strategic developments,Disrupted weapons use,2,0,,Strategic developments,3756,11.4565,14.792
2024-11-30,Middle Africa,Cameroon,Extreme-Nord,Strategic developments,Disrupted weapons use,1,0,,Strategic developments,3756,11.4565,14.792
2024-12-14,Middle Africa,Cameroon,Extreme-Nord,Strategic developments,Disrupted weapons use,1,0,,Strategic developments,3756,11.4565,14.792
2024-12-21,Middle Africa,Cameroon,Extreme-Nord,Strategic developments,Disrupted weapons use,1,0,,Strategic developments,3756,11.4565,14.792
2025-01-04,Middle Africa,Cameroon,Extreme-Nord,Strategic developments,Disrupted weapons use,1,0,,Strategic developments,3756,11.4565,14.792
2025-03-15,Middle Africa,Cameroon,Extreme-Nord,Strategic developments,Disrupted weapons use,1,0,,Strategic developments,3756,11.4565,14.792
2025-07-12,Middle Africa,Cameroon,Extreme-Nord,Strategic developments,Disrupted weapons use,1,0,,Strategic developments,3756,11.4565,14.792
2025-08-09,Middle Africa,Cameroon,Extreme-Nord,Strategic developments,Disrupted weapons use,1,0,,Strategic developments,3756,11.4565,14.792
2025-09-06,Middle Africa,Cameroon,Extreme-Nord,Strategic developments,Disrupted weapons use,3,0,,Strategic developments,3756,11.4565,14.792
2025-10-11,Middle Africa,Cameroon,Extreme-Nord,Strategic developments,Disrupted weapons use,1,0,,Strategic developments,3756,11.4565,14.792
2025-11-01,Middle Africa,Cameroon,Extreme-Nord,Strategic developments,Disrupted weapons use,3,0,,Strategic developments,3756,11.4565,14.792
2025-11-08,Middle Africa,Cameroon,Extreme-Nord,Strategic developments,Disrupted weapons use,2,0,,Strategic developments,3756,11.4565,14.792
2026-01-03,Middle Africa,Cameroon,Extreme-Nord,Strategic developments,Disrupted weapons use,2,0,,Strategic developments,3756,11.4565,14.792
2026-01-10,Middle Africa,Cameroon,Extreme-Nord,Strategic developments,Disrupted weapons use,1,0,,Strategic developments,3756,11.4565,14.792
2026-01-17,Middle Africa,Cameroon,Extreme-Nord,Strategic developments,Disrupted weapons use,2,0,,Strategic developments,3756,11.4565,14.792
2026-01-31,Middle Africa,Cameroon,Extreme-Nord,Strategic developments,Disrupted weapons use,2,0,,Strategic developments,3756,11.4565,14.792
2026-02-28,Middle Africa,Cameroon,Extreme-Nord,Strategic developments,Disrupted weapons use,1,0,,Strategic developments,3756,11.4565,14.792
2026-03-14,Middle Africa,Cameroon,Extreme-Nord,Strategic developments,Disrupted weapons use,1,0,,Strategic developments,3756,11.4565,14.792
2026-03-21,Middle Africa,Cameroon,Extreme-Nord,Strategic developments,Disrupted weapons use,1,0,,Strategic developments,3756,11.4565,14.792
2026-03-28,Middle Africa,Cameroon,Extreme-Nord,Strategic developments,Disrupted weapons use,1,0,,Strategic developments,3756,11.4565,14.792
2026-04-11,Middle Africa,Cameroon,Extreme-Nord,Strategic developments,Disrupted weapons use,1,0,,Strategic developments,3756,11.4565,14.792
2026-04-18,Middle Africa,Cameroon,Extreme-Nord,Strategic developments,Disrupted weapons use,1,0,,Strategic developments,3756,11.4565,14.792
2026-05-09,Middle Africa,Cameroon,Extreme-Nord,Strategic developments,Disrupted weapons use,1,0,,Strategic developments,3756,11.4565,14.792
2026-05-16,Middle Africa,Cameroon,Extreme-Nord,Strategic developments,Disrupted weapons use,1,0,,Strategic developments,3756,11.4565,14.792
2026-07-11,Middle Africa,Cameroon,Extreme-Nord,Strategic developments,Disrupted weapons use,1,0,,Strategic developments,3756,11.4565,14.792
2026-07-18,Middle Africa,Cameroon,Extreme-Nord,Strategic developments,Disrupted weapons use,1,0,,Strategic developments,3756,11.4565,14.792
2026-08-08,Middle Africa,Cameroon,Extreme-Nord,Strategic developments,Disrupted weapons use,1,0,,Strategic developments,3756,11.4565,14.792
2020-02-01,Middle Africa,Cameroon,Extreme-Nord,Strategic developments,Headquarters or base established,1,0,,Strategic developments,3756,11.4565,14.792
2020-08-01,Middle Africa,Cameroon,Extreme-Nord,Strategic developments,Headquarters or base established,1,0,,Strategic developments,3756,11.4565,14.792
2023-05-27,Middle Africa,Cameroon,Extreme-Nord,Strategic developments,Headquarters or base established,1,0,,Strategic developments,3756,11.4565,14.792
2020-01-04,Middle Africa,Cameroon,Extreme-Nord,Strategic developments,Looting/property destruction,1,0,,Strategic developments,3756,11.4565,14.792
2020-01-11,Middle Africa,Cameroon,Extreme-Nord,Strategic developments,Looting/property destruction,1,0,,Strategic developments,3756,11.4565,14.792
2020-02-08,Middle Africa,Cameroon,Extreme-Nord,Strategic developments,Looting/property destruction,1,0,,Strategic developments,3756,11.4565,14.792
2020-02-15,Middle Africa,Cameroon,Extreme-Nord,Strategic developments,Looting/property destruction,2,0,,Strategic developments,3756,11.4565,14.792
2020-03-07,Middle Africa,Cameroon,Extreme-Nord,Strategic developments,Looting/property destruction,3,0,,Strategic developments,3756,11.4565,14.792
2020-03-28,Middle Africa,Cameroon,Extreme-Nord,Strategic developments,Looting/property destruction,1,0,,Strategic developments,3756,11.4565,14.792
2020-04-11,Middle Africa,Cameroon,Extreme-Nord,Strategic developments,Looting/property destruction,3,0,,Strategic developments,3756,11.4565,14.792
2020-04-18,Middle Africa,Cameroon,Extreme-Nord,Strategic developments,Looting/property destruction,3,0,,Strategic developments,3756,11.4565,14.792
2020-04-25,Middle Africa,Cameroon,Extreme-Nord,Strategic developments,Looting/property destruction,3,0,,Strategic developments,3756,11.4565,14.792
2020-05-02,Middle Africa,Cameroon,Extreme-Nord,Strategic developments,Looting/property destruction,4,0,,Strategic developments,3756,11.4565,14.792
2020-05-09,Middle Africa,Cameroon,Extreme-Nord,Strategic developments,Looting/property destruction,5,0,,Strategic developments,3756,11.4565,14.792
2020-05-16,Middle Africa,Cameroon,Extreme-Nord,Strategic developments,Looting/property destruction,4,0,,Strategic developments,3756,11.4565,14.792
2020-05-23,Middle Africa,Cameroon,Extreme-Nord,Strategic developments,Looting/property destruction,3,0,,Strategic developments,3756,11.4565,14.792
2020-05-30,Middle Africa,Cameroon,Extreme-Nord,Strategic developments,Looting/property destruction,2,0,,Strategic developments,3756,11.4565,14.792
2020-06-06,Middle Africa,Cameroon,Extreme-Nord,Strategic developments,Looting/property destruction,4,0,,Strategic developments,3756,11.4565,14.792
2020-06-20,Middle Africa,Cameroon,Extreme-Nord,Strategic developments,Looting/property destruction,2,0,,Strategic developments,3756,11.4565,14.792
2020-06-27,Middle Africa,Cameroon,Extreme-Nord,Strategic developments,Looting/property destruction,2,0,,Strategic developments,3756,11.4565,14.792
2020-07-11,Middle Africa,Cameroon,Extreme-Nord,Strategic developments,Looting/property destruction,1,0,,Strategic developments,3756,11.4565,14.792
2020-07-18,Middle Africa,Cameroon,Extreme-Nord,Strategic developments,Looting/property destruction,1,0,,Strategic developments,3756,11.4565,14.792
2020-08-01,Middle Africa,Cameroon,Extreme-Nord,Strategic developments,Looting/property destruction,5,0,,Strategic developments,3756,11.4565,14.792
2020-08-08,Middle Africa,Cameroon,Extreme-Nord,Strategic developments,Looting/property destruction,1,0,,Strategic developments,3756,11.4565,14.792
2020-08-15,Middle Africa,Cameroon,Extreme-Nord,Strategic developments,Looting/property destruction,4,0,,Strategic developments,3756,11.4565,14.792
2020-08-22,Middle Africa,Cameroon,Extreme-Nord,Strategic developments,Looting/property destruction,1,0,,Strategic developments,3756,11.4565,14.792
2020-08-29,Middle Africa,Cameroon,Extreme-Nord,Strategic developments,Looting/property destruction,2,0,,Strategic developments,3756,11.4565,14.792
2020-09-05,Middle Africa,Cameroon,Extreme-Nord,Strategic developments,Looting/property destruction,1,0,,Strategic developments,3756,11.4565,14.792
2020-09-12,Middle Africa,Cameroon,Extreme-Nord,Strategic developments,Looting/property destruction,2,0,,Strategic developments,3756,11.4565,14.792
2020-09-19,Middle Africa,Cameroon,Extreme-Nord,Strategic developments,Looting/property destruction,3,0,,Strategic developments,3756,11.4565,14.792
2020-09-26,Middle Africa,Cameroon,Extreme-Nord,Strategic developments,Looting/property destruction,6,0,,Strategic developments,3756,11.4565,14.792
2020-10-03,Middle Africa,Cameroon,Extreme-Nord,Strategic developments,Looting/property destruction,3,0,,Strategic developments,3756,11.4565,14.792
2020-10-10,Middle Africa,Cameroon,Extreme-Nord,Strategic developments,Looting/property destruction,3,0,,Strategic developments,3756,11.4565,14.792
2020-10-17,Middle Africa,Cameroon,Extreme-Nord,Strategic developments,Looting/property destruction,4,0,,Strategic developments,3756,11.4565,14.792
2020-10-24,Middle Africa,Cameroon,Extreme-Nord,Strategic developments,Looting/property destruction,1,0,,Strategic developments,3756,11.4565,14.792
2020-10-31,Middle Africa,Cameroon,Extreme-Nord,Strategic developments,Looting/property destruction,5,0,,Strategic developments,3756,11.4565,14.792
2020-11-07,Middle Africa,Cameroon,Extreme-Nord,Strategic developments,Looting/property destruction,2,0,,Strategic developments,3756,11.4565,14.792
2020-11-14,Middle Africa,Cameroon,Extreme-Nord,Strategic developments,Looting/property destruction,3,0,,Strategic developments,3756,11.4565,14.792
2020-11-21,Middle Africa,Cameroon,Extreme-Nord,Strategic developments,Looting/property destruction,6,0,,Strategic developments,3756,11.4565,14.792
2020-11-28,Middle Africa,Cameroon,Extreme-Nord,Strategic developments,Looting/property destruction,1,0,,Strategic developments,3756,11.4565,14.792
2020-12-05,Middle Africa,Cameroon,Extreme-Nord,Strategic developments,Looting/property destruction,2,0,,Strategic developments,3756,11.4565,14.792
2020-12-12,Middle Africa,Cameroon,Extreme-Nord,Strategic developments,Looting/property destruction,3,0,,Strategic developments,3756,11.4565,14.792
2020-12-19,Middle Africa,Cameroon,Extreme-Nord,Strategic developments,Looting/property destruction,1,0,,Strategic developments,3756,11.4565,14.792
2021-01-02,Middle Africa,Cameroon,Extreme-Nord,Strategic developments,Looting/property destruction,2,0,,Strategic developments,3756,11.4565,14.792
2021-01-09,Middle Africa,Cameroon,Extreme-Nord,Strategic developments,Looting/property destruction,4,0,,Strategic developments,3756,11.4565,14.792
2021-01-16,Middle Africa,Cameroon,Extreme-Nord,Strategic developments,Looting/property destruction,2,0,,Strategic developments,3756,11.4565,14.792
2021-01-23,Middle Africa,Cameroon,Extreme-Nord,Strategic developments,Looting/property destruction,2,0,,Strategic developments,3756,11.4565,14.792
2021-01-30,Middle Africa,Cameroon,Extreme-Nord,Strategic developments,Looting/property destruction,1,0,,Strategic developments,3756,11.4565,14.792
2021-02-06,Middle Africa,Cameroon,Extreme-Nord,Strategic developments,Looting/property destruction,5,0,,Strategic developments,3756,11.4565,14.792
2021-02-13,Middle Africa,Cameroon,Extreme-Nord,Strategic developments,Looting/property destruction,4,0,,Strategic developments,3756,11.4565,14.792
2021-02-20,Middle Africa,Cameroon,Extreme-Nord,Strategic developments,Looting/property destruction,6,0,,Strategic developments,3756,11.4565,14.792
2021-02-27,Middle Africa,Cameroon,Extreme-Nord,Strategic developments,Looting/property destruction,2,0,,Strategic developments,3756,11.4565,14.792
2021-03-06,Middle Africa,Cameroon,Extreme-Nord,Strategic developments,Looting/property destruction,1,0,,Strategic developments,3756,11.4565,14.792
2021-03-13,Middle Africa,Cameroon,Extreme-Nord,Strategic developments,Looting/property destruction,1,0,,Strategic developments,3756,11.4565,14.792
2021-03-20,Middle Africa,Cameroon,Extreme-Nord,Strategic developments,Looting/property destruction,1,0,,Strategic developments,3756,11.4565,14.792
2021-04-03,Middle Africa,Cameroon,Extreme-Nord,Strategic developments,Looting/property destruction,2,0,,Strategic developments,3756,11.4565,14.792
2021-04-10,Middle Africa,Cameroon,Extreme-Nord,Strategic developments,Looting/property destruction,3,0,,Strategic developments,3756,11.4565,14.792
2021-04-17,Middle Africa,Cameroon,Extreme-Nord,Strategic developments,Looting/property destruction,2,0,,Strategic developments,3756,11.4565,14.792
2021-04-24,Middle Africa,Cameroon,Extreme-Nord,Strategic developments,Looting/property destruction,1,0,,Strategic developments,3756,11.4565,14.792
2021-05-01,Middle Africa,Cameroon,Extreme-Nord,Strategic developments,Looting/property destruction,2,0,,Strategic developments,3756,11.4565,14.792
2021-05-15,Middle Africa,Cameroon,Extreme-Nord,Strategic developments,Looting/property destruction,1,0,,Strategic developments,3756,11.4565,14.792
2021-05-29,Middle Africa,Cameroon,Extreme-Nord,Strategic developments,Looting/property destruction,1,0,,Strategic developments,3756,11.4565,14.792
2021-07-03,Middle Africa,Cameroon,Extreme-Nord,Strategic developments,Looting/property destruction,1,0,,Strategic developments,3756,11.4565,14.792
2021-07-10,Middle Africa,Cameroon,Extreme-Nord,Strategic developments,Looting/property destruction,2,0,,Strategic developments,3756,11.4565,14.792
2021-08-07,Middle Africa,Cameroon,Extreme-Nord,Strategic developments,Looting/property destruction,1,0,,Strategic developments,3756,11.4565,14.792
2021-08-21,Middle Africa,Cameroon,Extreme-Nord,Strategic developments,Looting/property destruction,1,0,,Strategic developments,3756,11.4565,14.792
2021-08-28,Middle Africa,Cameroon,Extreme-Nord,Strategic developments,Looting/property destruction,2,0,,Strategic developments,3756,11.4565,14.792
2021-09-04,Middle Africa,Cameroon,Extreme-Nord,Strategic developments,Looting/property destruction,2,0,,Strategic developments,3756,11.4565,14.792
2021-09-18,Middle Africa,Cameroon,Extreme-Nord,Strategic developments,Looting/property destruction,2,0,,Strategic developments,3756,11.4565,14.792
2021-10-09,Middle Africa,Cameroon,Extreme-Nord,Strategic developments,Looting/property destruction,4,0,,Strategic developments,3756,11.4565,14.792
2021-10-16,Middle Africa,Cameroon,Extreme-Nord,Strategic developments,Looting/property destruction,2,0,,Strategic developments,3756,11.4565,14.792
2021-10-23,Middle Africa,Cameroon,Extreme-Nord,Strategic developments,Looting/property destruction,4,0,,Strategic developments,3756,11.4565,14.792
2021-10-30,Middle Africa,Cameroon,Extreme-Nord,Strategic developments,Looting/property destruction,2,0,,Strategic developments,3756,11.4565,14.792
2021-11-06,Middle Africa,Cameroon,Extreme-Nord,Strategic developments,Looting/property destruction,1,0,,Strategic developments,3756,11.4565,14.792
2021-11-13,Middle Africa,Cameroon,Extreme-Nord,Strategic developments,Looting/property destruction,2,0,,Strategic developments,3756,11.4565,14.792
2021-11-20,Middle Africa,Cameroon,Extreme-Nord,Strategic developments,Looting/property destruction,2,0,,Strategic developments,3756,11.4565,14.792
2022-01-01,Middle Africa,Cameroon,Extreme-Nord,Strategic developments,Looting/property destruction,1,0,,Strategic developments,3756,11.4565,14.792
2022-01-08,Middle Africa,Cameroon,Extreme-Nord,Strategic developments,Looting/property destruction,2,0,,Strategic developments,3756,11.4565,14.792
2022-01-15,Middle Africa,Cameroon,Extreme-Nord,Strategic developments,Looting/property destruction,4,0,,Strategic developments,3756,11.4565,14.792
2022-01-22,Middle Africa,Cameroon,Extreme-Nord,Strategic developments,Looting/property destruction,5,0,,Strategic developments,3756,11.4565,14.792
2022-02-12,Middle Africa,Cameroon,Extreme-Nord,Strategic developments,Looting/property destruction,1,0,,Strategic developments,3756,11.4565,14.792
2022-02-26,Middle Africa,Cameroon,Extreme-Nord,Strategic developments,Looting/property destruction,1,0,,Strategic developments,3756,11.4565,14.792
2022-03-05,Middle Africa,Cameroon,Extreme-Nord,Strategic developments,Looting/property destruction,1,0,,Strategic developments,3756,11.4565,14.792
2022-03-19,Middle Africa,Cameroon,Extreme-Nord,Strategic developments,Looting/property destruction,3,0,,Strategic developments,3756,11.4565,14.792
2022-03-26,Middle Africa,Cameroon,Extreme-Nord,Strategic developments,Looting/property destruction,1,0,,Strategic developments,3756,11.4565,14.792
2022-04-02,Middle Africa,Cameroon,Extreme-Nord,Strategic developments,Looting/property destruction,2,0,,Strategic developments,3756,11.4565,14.792
2022-04-09,Middle Africa,Cameroon,Extreme-Nord,Strategic developments,Looting/property destruction,1,0,,Strategic developments,3756,11.4565,14.792
2022-04-16,Middle Africa,Cameroon,Extreme-Nord,Strategic developments,Looting/property destruction,2,0,,Strategic developments,3756,11.4565,14.792
2022-04-23,Middle Africa,Cameroon,Extreme-Nord,Strategic developments,Looting/property destruction,5,0,,Strategic developments,3756,11.4565,14.792
2022-04-30,Middle Africa,Cameroon,Extreme-Nord,Strategic developments,Looting/property destruction,1,0,,Strategic developments,3756,11.4565,14.792
2022-05-07,Middle Africa,Cameroon,Extreme-Nord,Strategic developments,Looting/property destruction,1,0,,Strategic developments,3756,11.4565,14.792
2022-05-14,Middle Africa,Cameroon,Extreme-Nord,Strategic developments,Looting/property destruction,3,0,,Strategic developments,3756,11.4565,14.792
2022-05-21,Middle Africa,Cameroon,Extreme-Nord,Strategic developments,Looting/property destruction,5,0,,Strategic developments,3756,11.4565,14.792
2022-05-28,Middle Africa,Cameroon,Extreme-Nord,Strategic developments,Looting/property destruction,1,0,,Strategic developments,3756,11.4565,14.792
2022-06-04,Middle Africa,Cameroon,Extreme-Nord,Strategic developments,Looting/property destruction,1,0,,Strategic developments,3756,11.4565,14.792
2022-06-18,Middle Africa,Cameroon,Extreme-Nord,Strategic developments,Looting/property destruction,2,0,,Strategic developments,3756,11.4565,14.792
2022-06-25,Middle Africa,Cameroon,Extreme-Nord,Strategic developments,Looting/property destruction,1,0,,Strategic developments,3756,11.4565,14.792
2022-07-16,Middle Africa,Cameroon,Extreme-Nord,Strategic developments,Looting/property destruction,4,0,,Strategic developments,3756,11.4565,14.792
2022-07-30,Middle Africa,Cameroon,Extreme-Nord,Strategic developments,Looting/property destruction,2,0,,Strategic developments,3756,11.4565,14.792
2022-08-06,Middle Africa,Cameroon,Extreme-Nord,Strategic developments,Looting/property destruction,1,0,,Strategic developments,3756,11.4565,14.792
2022-08-13,Middle Africa,Cameroon,Extreme-Nord,Strategic developments,Looting/property destruction,3,0,,Strategic developments,3756,11.4565,14.792
2022-08-20,Middle Africa,Cameroon,Extreme-Nord,Strategic developments,Looting/property destruction,3,0,,Strategic developments,3756,11.4565,14.792
2022-08-27,Middle Africa,Cameroon,Extreme-Nord,Strategic developments,Looting/property destruction,5,0,,Strategic developments,3756,11.4565,14.792
2022-09-03,Middle Africa,Cameroon,Extreme-Nord,Strategic developments,Looting/property destruction,12,0,,Strategic developments,3756,11.4565,14.792
2022-09-10,Middle Africa,Cameroon,Extreme-Nord,Strategic developments,Looting/property destruction,7,0,,Strategic developments,3756,11.4565,14.792
2022-09-17,Middle Africa,Cameroon,Extreme-Nord,Strategic developments,Looting/property destruction,6,0,,Strategic developments,3756,11.4565,14.792
2022-09-24,Middle Africa,Cameroon,Extreme-Nord,Strategic developments,Looting/property destruction,5,0,,Strategic developments,3756,11.4565,14.792
2022-10-01,Middle Africa,Cameroon,Extreme-Nord,Strategic developments,Looting/property destruction,3,0,,Strategic developments,3756,11.4565,14.792
2022-10-08,Middle Africa,Cameroon,Extreme-Nord,Strategic developments,Looting/property destruction,3,0,,Strategic developments,3756,11.4565,14.792
2022-10-15,Middle Africa,Cameroon,Extreme-Nord,Strategic developments,Looting/property destruction,7,0,,Strategic developments,3756,11.4565,14.792
2022-10-22,Middle Africa,Cameroon,Extreme-Nord,Strategic developments,Looting/property destruction,7,0,,Strategic developments,3756,11.4565,14.792
2022-10-29,Middle Africa,Cameroon,Extreme-Nord,Strategic developments,Looting/property destruction,8,0,,Strategic developments,3756,11.4565,14.792
2022-11-05,Middle Africa,Cameroon,Extreme-Nord,Strategic developments,Looting/property destruction,1,0,,Strategic developments,3756,11.4565,14.792
2022-11-12,Middle Africa,Cameroon,Extreme-Nord,Strategic developments,Looting/property destruction,7,0,,Strategic developments,3756,11.4565,14.792
2022-11-19,Middle Africa,Cameroon,Extreme-Nord,Strategic developments,Looting/property destruction,5,0,,Strategic developments,3756,11.4565,14.792
2022-11-26,Middle Africa,Cameroon,Extreme-Nord,Strategic developments,Looting/property destruction,1,0,,Strategic developments,3756,11.4565,14.792
2022-12-03,Middle Africa,Cameroon,Extreme-Nord,Strategic developments,Looting/property destruction,2,0,,Strategic developments,3756,11.4565,14.792
2022-12-10,Middle Africa,Cameroon,Extreme-Nord,Strategic developments,Looting/property destruction,4,0,,Strategic developments,3756,11.4565,14.792
2022-12-17,Middle Africa,Cameroon,Extreme-Nord,Strategic developments,Looting/property destruction,5,0,,Strategic developments,3756,11.4565,14.792
2022-12-24,Middle Africa,Cameroon,Extreme-Nord,Strategic developments,Looting/property destruction,1,0,,Strategic developments,3756,11.4565,14.792
2022-12-31,Middle Africa,Cameroon,Extreme-Nord,Strategic developments,Looting/property destruction,9,0,,Strategic developments,3756,11.4565,14.792
2023-01-07,Middle Africa,Cameroon,Extreme-Nord,Strategic developments,Looting/property destruction,13,0,,Strategic developments,3756,11.4565,14.792
2023-01-14,Middle Africa,Cameroon,Extreme-Nord,Strategic developments,Looting/property destruction,7,0,,Strategic developments,3756,11.4565,14.792
2023-01-21,Middle Africa,Cameroon,Extreme-Nord,Strategic developments,Looting/property destruction,1,0,,Strategic developments,3756,11.4565,14.792
2023-02-04,Middle Africa,Cameroon,Extreme-Nord,Strategic developments,Looting/property destruction,5,0,,Strategic developments,3756,11.4565,14.792
2023-02-11,Middle Africa,Cameroon,Extreme-Nord,Strategic developments,Looting/property destruction,2,0,,Strategic developments,3756,11.4565,14.792
2023-02-18,Middle Africa,Cameroon,Extreme-Nord,Strategic developments,Looting/property destruction,4,0,,Strategic developments,3756,11.4565,14.792
2023-02-25,Middle Africa,Cameroon,Extreme-Nord,Strategic developments,Looting/property destruction,2,0,,Strategic developments,3756,11.4565,14.792
2023-03-04,Middle Africa,Cameroon,Extreme-Nord,Strategic developments,Looting/property destruction,4,0,,Strategic developments,3756,11.4565,14.792
2023-03-18,Middle Africa,Cameroon,Extreme-Nord,Strategic developments,Looting/property destruction,6,0,,Strategic developments,3756,11.4565,14.792
2023-03-25,Middle Africa,Cameroon,Extreme-Nord,Strategic developments,Looting/property destruction,3,0,,Strategic developments,3756,11.4565,14.792
2023-04-01,Middle Africa,Cameroon,Extreme-Nord,Strategic developments,Looting/property destruction,3,0,,Strategic developments,3756,11.4565,14.792
2023-04-08,Middle Africa,Cameroon,Extreme-Nord,Strategic developments,Looting/property destruction,2,0,,Strategic developments,3756,11.4565,14.792
2023-04-15,Middle Africa,Cameroon,Extreme-Nord,Strategic developments,Looting/property destruction,1,0,,Strategic developments,3756,11.4565,14.792
2023-04-22,Middle Africa,Cameroon,Extreme-Nord,Strategic developments,Looting/property destruction,1,0,,Strategic developments,3756,11.4565,14.792
2023-04-29,Middle Africa,Cameroon,Extreme-Nord,Strategic developments,Looting/property destruction,1,0,,Strategic developments,3756,11.4565,14.792
2023-05-06,Middle Africa,Cameroon,Extreme-Nord,Strategic developments,Looting/property destruction,2,0,,Strategic developments,3756,11.4565,14.792
2023-05-13,Middle Africa,Cameroon,Extreme-Nord,Strategic developments,Looting/property destruction,2,0,,Strategic developments,3756,11.4565,14.792
2023-05-20,Middle Africa,Cameroon,Extreme-Nord,Strategic developments,Looting/property destruction,2,0,,Strategic developments,3756,11.4565,14.792
2023-05-27,Middle Africa,Cameroon,Extreme-Nord,Strategic developments,Looting/property destruction,6,0,,Strategic developments,3756,11.4565,14.792
2023-06-03,Middle Africa,Cameroon,Extreme-Nord,Strategic developments,Looting/property destruction,2,0,,Strategic developments,3756,11.4565,14.792
2023-06-10,Middle Africa,Cameroon,Extreme-Nord,Strategic developments,Looting/property destruction,4,0,,Strategic developments,3756,11.4565,14.792
2023-06-17,Middle Africa,Cameroon,Extreme-Nord,Strategic developments,Looting/property destruction,5,0,,Strategic developments,3756,11.4565,14.792
2023-06-24,Middle Africa,Cameroon,Extreme-Nord,Strategic developments,Looting/property destruction,2,0,,Strategic developments,3756,11.4565,14.792
2023-07-01,Middle Africa,Cameroon,Extreme-Nord,Strategic developments,Looting/property destruction,9,0,,Strategic developments,3756,11.4565,14.792
2023-07-08,Middle Africa,Cameroon,Extreme-Nord,Strategic developments,Looting/property destruction,7,0,,Strategic developments,3756,11.4565,14.792
2023-07-15,Middle Africa,Cameroon,Extreme-Nord,Strategic developments,Looting/property destruction,6,0,,Strategic developments,3756,11.4565,14.792
2023-07-22,Middle Africa,Cameroon,Extreme-Nord,Strategic developments,Looting/property destruction,5,0,,Strategic developments,3756,11.4565,14.792
2023-07-29,Middle Africa,Cameroon,Extreme-Nord,Strategic developments,Looting/property destruction,3,0,,Strategic developments,3756,11.4565,14.792
2023-08-05,Middle Africa,Cameroon,Extreme-Nord,Strategic developments,Looting/property destruction,11,0,,Strategic developments,3756,11.4565,14.792
2023-08-12,Middle Africa,Cameroon,Extreme-Nord,Strategic developments,Looting/property destruction,7,0,,Strategic developments,3756,11.4565,14.792
2023-08-19,Middle Africa,Cameroon,Extreme-Nord,Strategic developments,Looting/property destruction,10,0,,Strategic developments,3756,11.4565,14.792
2023-08-26,Middle Africa,Cameroon,Extreme-Nord,Strategic developments,Looting/property destruction,7,0,,Strategic developments,3756,11.4565,14.792
2023-09-02,Middle Africa,Cameroon,Extreme-Nord,Strategic developments,Looting/property destruction,6,0,,Strategic developments,3756,11.4565,14.792
2023-09-09,Middle Africa,Cameroon,Extreme-Nord,Strategic developments,Looting/property destruction,7,0,,Strategic developments,3756,11.4565,14.792
2023-09-16,Middle Africa,Cameroon,Extreme-Nord,Strategic developments,Looting/property destruction,4,0,,Strategic developments,3756,11.4565,14.792
2023-09-23,Middle Africa,Cameroon,Extreme-Nord,Strategic developments,Looting/property destruction,9,0,,Strategic developments,3756,11.4565,14.792
2023-09-30,Middle Africa,Cameroon,Extreme-Nord,Strategic developments,Looting/property destruction,5,0,,Strategic developments,3756,11.4565,14.792
2023-10-07,Middle Africa,Cameroon,Extreme-Nord,Strategic developments,Looting/property destruction,3,0,,Strategic developments,3756,11.4565,14.792
2023-10-14,Middle Africa,Cameroon,Extreme-Nord,Strategic developments,Looting/property destruction,10,0,,Strategic developments,3756,11.4565,14.792
2023-10-21,Middle Africa,Cameroon,Extreme-Nord,Strategic developments,Looting/property destruction,7,0,,Strategic developments,3756,11.4565,14.792
2023-10-28,Middle Africa,Cameroon,Extreme-Nord,Strategic developments,Looting/property destruction,10,0,,Strategic developments,3756,11.4565,14.792
2023-11-04,Middle Africa,Cameroon,Extreme-Nord,Strategic developments,Looting/property destruction,7,0,,Strategic developments,3756,11.4565,14.792
2023-11-11,Middle Africa,Cameroon,Extreme-Nord,Strategic developments,Looting/property destruction,9,0,,Strategic developments,3756,11.4565,14.792
2023-11-18,Middle Africa,Cameroon,Extreme-Nord,Strategic developments,Looting/property destruction,4,0,,Strategic developments,3756,11.4565,14.792
2023-11-25,Middle Africa,Cameroon,Extreme-Nord,Strategic developments,Looting/property destruction,9,0,,Strategic developments,3756,11.4565,14.792
2023-12-02,Middle Africa,Cameroon,Extreme-Nord,Strategic developments,Looting/property destruction,24,0,,Strategic developments,3756,11.4565,14.792
2023-12-09,Middle Africa,Cameroon,Extreme-Nord,Strategic developments,Looting/property destruction,15,0,,Strategic developments,3756,11.4565,14.792
2023-12-16,Middle Africa,Cameroon,Extreme-Nord,Strategic developments,Looting/property destruction,16,0,,Strategic developments,3756,11.4565,14.792
2023-12-23,Middle Africa,Cameroon,Extreme-Nord,Strategic developments,Looting/property destruction,10,0,,Strategic developments,3756,11.4565,14.792
2023-12-30,Middle Africa,Cameroon,Extreme-Nord,Strategic developments,Looting/property destruction,8,0,,Strategic developments,3756,11.4565,14.792
2024-01-06,Middle Africa,Cameroon,Extreme-Nord,Strategic developments,Looting/property destruction,8,0,,Strategic developments,3756,11.4565,14.792
2024-01-13,Middle Africa,Cameroon,Extreme-Nord,Strategic developments,Looting/property destruction,7,0,,Strategic developments,3756,11.4565,14.792
2024-01-20,Middle Africa,Cameroon,Extreme-Nord,Strategic developments,Looting/property destruction,4,0,,Strategic developments,3756,11.4565,14.792
2024-01-27,Middle Africa,Cameroon,Extreme-Nord,Strategic developments,Looting/property destruction,6,0,,Strategic developments,3756,11.4565,14.792
2024-02-03,Middle Africa,Cameroon,Extreme-Nord,Strategic developments,Looting/property destruction,13,0,,Strategic developments,3756,11.4565,14.792
2024-02-10,Middle Africa,Cameroon,Extreme-Nord,Strategic developments,Looting/property destruction,11,0,,Strategic developments,3756,11.4565,14.792
2024-02-17,Middle Africa,Cameroon,Extreme-Nord,Strategic developments,Looting/property destruction,15,0,,Strategic developments,3756,11.4565,14.792
2024-02-24,Middle Africa,Cameroon,Extreme-Nord,Strategic developments,Looting/property destruction,4,0,,Strategic developments,3756,11.4565,14.792
2024-03-02,Middle Africa,Cameroon,Extreme-Nord,Strategic developments,Looting/property destruction,3,0,,Strategic developments,3756,11.4565,14.792
2024-03-09,Middle Africa,Cameroon,Extreme-Nord,Strategic developments,Looting/property destruction,9,0,,Strategic developments,3756,11.4565,14.792
2024-03-16,Middle Africa,Cameroon,Extreme-Nord,Strategic developments,Looting/property destruction,9,0,,Strategic developments,3756,11.4565,14.792
2024-03-23,Middle Africa,Cameroon,Extreme-Nord,Strategic developments,Looting/property destruction,13,0,,Strategic developments,3756,11.4565,14.792
2024-03-30,Middle Africa,Cameroon,Extreme-Nord,Strategic developments,Looting/property destruction,13,0,,Strategic developments,3756,11.4565,14.792
2024-04-06,Middle Africa,Cameroon,Extreme-Nord,Strategic developments,Looting/property destruction,2,0,,Strategic developments,3756,11.4565,14.792
2024-04-13,Middle Africa,Cameroon,Extreme-Nord,Strategic developments,Looting/property destruction,11,0,,Strategic developments,3756,11.4565,14.792
2024-04-20,Middle Africa,Cameroon,Extreme-Nord,Strategic developments,Looting/property destruction,4,0,,Strategic developments,3756,11.4565,14.792
2024-04-27,Middle Africa,Cameroon,Extreme-Nord,Strategic developments,Looting/property destruction,17,0,,Strategic developments,3756,11.4565,14.792
2024-05-04,Middle Africa,Cameroon,Extreme-Nord,Strategic developments,Looting/property destruction,10,0,,Strategic developments,3756,11.4565,14.792
2024-05-11,Middle Africa,Cameroon,Extreme-Nord,Strategic developments,Looting/property destruction,18,0,,Strategic developments,3756,11.4565,14.792
2024-05-18,Middle Africa,Cameroon,Extreme-Nord,Strategic developments,Looting/property destruction,28,0,,Strategic developments,3756,11.4565,14.792
2024-05-25,Middle Africa,Cameroon,Extreme-Nord,Strategic developments,Looting/property destruction,20,0,,Strategic developments,3756,11.4565,14.792
2024-06-01,Middle Africa,Cameroon,Extreme-Nord,Strategic developments,Looting/property destruction,10,0,,Strategic developments,3756,11.4565,14.792
2024-06-08,Middle Africa,Cameroon,Extreme-Nord,Strategic developments,Looting/property destruction,4,0,,Strategic developments,3756,11.4565,14.792
2024-06-15,Middle Africa,Cameroon,Extreme-Nord,Strategic developments,Looting/property destruction,14,0,,Strategic developments,3756,11.4565,14.792
2024-06-22,Middle Africa,Cameroon,Extreme-Nord,Strategic developments,Looting/property destruction,6,0,,Strategic developments,3756,11.4565,14.792
2024-06-29,Middle Africa,Cameroon,Extreme-Nord,Strategic developments,Looting/property destruction,6,0,,Strategic developments,3756,11.4565,14.792
2024-07-06,Middle Africa,Cameroon,Extreme-Nord,Strategic developments,Looting/property destruction,12,0,,Strategic developments,3756,11.4565,14.792
2024-07-13,Middle Africa,Cameroon,Extreme-Nord,Strategic developments,Looting/property destruction,13,0,,Strategic developments,3756,11.4565,14.792
2024-07-20,Middle Africa,Cameroon,Extreme-Nord,Strategic developments,Looting/property destruction,15,0,,Strategic developments,3756,11.4565,14.792
2024-07-27,Middle Africa,Cameroon,Extreme-Nord,Strategic developments,Looting/property destruction,19,0,,Strategic developments,3756,11.4565,14.792
2024-08-03,Middle Africa,Cameroon,Extreme-Nord,Strategic developments,Looting/property destruction,23,0,,Strategic developments,3756,11.4565,14.792
2024-08-10,Middle Africa,Cameroon,Extreme-Nord,Strategic developments,Looting/property destruction,13,0,,Strategic developments,3756,11.4565,14.792
2024-08-17,Middle Africa,Cameroon,Extreme-Nord,Strategic developments,Looting/property destruction,30,0,,Strategic developments,3756,11.4565,14.792
2024-08-24,Middle Africa,Cameroon,Extreme-Nord,Strategic developments,Looting/property destruction,4,0,,Strategic developments,3756,11.4565,14.792
2024-08-31,Middle Africa,Cameroon,Extreme-Nord,Strategic developments,Looting/property destruction,10,0,,Strategic developments,3756,11.4565,14.792
2024-09-07,Middle Africa,Cameroon,Extreme-Nord,Strategic developments,Looting/property destruction,11,0,,Strategic developments,3756,11.4565,14.792
2024-09-14,Middle Africa,Cameroon,Extreme-Nord,Strategic developments,Looting/property destruction,20,0,,Strategic developments,3756,11.4565,14.792
2024-09-21,Middle Africa,Cameroon,Extreme-Nord,Strategic developments,Looting/property destruction,24,0,,Strategic developments,3756,11.4565,14.792
2024-09-28,Middle Africa,Cameroon,Extreme-Nord,Strategic developments,Looting/property destruction,24,0,,Strategic developments,3756,11.4565,14.792
2024-10-05,Middle Africa,Cameroon,Extreme-Nord,Strategic developments,Looting/property destruction,20,0,,Strategic developments,3756,11.4565,14.792
2024-10-12,Middle Africa,Cameroon,Extreme-Nord,Strategic developments,Looting/property destruction,23,0,,Strategic developments,3756,11.4565,14.792
2024-10-19,Middle Africa,Cameroon,Extreme-Nord,Strategic developments,Looting/property destruction,13,0,,Strategic developments,3756,11.4565,14.792
2024-10-26,Middle Africa,Cameroon,Extreme-Nord,Strategic developments,Looting/property destruction,12,0,,Strategic developments,3756,11.4565,14.792
2024-11-02,Middle Africa,Cameroon,Extreme-Nord,Strategic developments,Looting/property destruction,12,0,,Strategic developments,3756,11.4565,14.792
2024-11-09,Middle Africa,Cameroon,Extreme-Nord,Strategic developments,Looting/property destruction,8,0,,Strategic developments,3756,11.4565,14.792
2024-11-16,Middle Africa,Cameroon,Extreme-Nord,Strategic developments,Looting/property destruction,8,0,,Strategic developments,3756,11.4565,14.792
2024-11-23,Middle Africa,Cameroon,Extreme-Nord,Strategic developments,Looting/property destruction,7,0,,Strategic developments,3756,11.4565,14.792
2024-11-30,Middle Africa,Cameroon,Extreme-Nord,Strategic developments,Looting/property destruction,11,0,,Strategic developments,3756,11.4565,14.792
2024-12-07,Middle Africa,Cameroon,Extreme-Nord,Strategic developments,Looting/property destruction,7,0,,Strategic developments,3756,11.4565,14.792
2024-12-14,Middle Africa,Cameroon,Extreme-Nord,Strategic developments,Looting/property destruction,11,0,,Strategic developments,3756,11.4565,14.792
2024-12-21,Middle Africa,Cameroon,Extreme-Nord,Strategic developments,Looting/property destruction,6,0,,Strategic developments,3756,11.4565,14.792
2024-12-28,Middle Africa,Cameroon,Extreme-Nord,Strategic developments,Looting/property destruction,7,0,,Strategic developments,3756,11.4565,14.792
2025-01-04,Middle Africa,Cameroon,Extreme-Nord,Strategic developments,Looting/property destruction,11,0,,Strategic developments,3756,11.4565,14.792
2025-01-11,Middle Africa,Cameroon,Extreme-Nord,Strategic developments,Looting/property destruction,8,0,,Strategic developments,3756,11.4565,14.792
2025-01-18,Middle Africa,Cameroon,Extreme-Nord,Strategic developments,Looting/property destruction,13,0,,Strategic developments,3756,11.4565,14.792
2025-01-25,Middle Africa,Cameroon,Extreme-Nord,Strategic developments,Looting/property destruction,6,0,,Strategic developments,3756,11.4565,14.792
2025-02-01,Middle Africa,Cameroon,Extreme-Nord,Strategic developments,Looting/property destruction,3,0,,Strategic developments,3756,11.4565,14.792
2025-02-08,Middle Africa,Cameroon,Extreme-Nord,Strategic developments,Looting/property destruction,7,0,,Strategic developments,3756,11.4565,14.792
2025-02-15,Middle Africa,Cameroon,Extreme-Nord,Strategic developments,Looting/property destruction,2,0,,Strategic developments,3756,11.4565,14.792
2025-02-22,Middle Africa,Cameroon,Extreme-Nord,Strategic developments,Looting/property destruction,5,0,,Strategic developments,3756,11.4565,14.792
2025-03-01,Middle Africa,Cameroon,Extreme-Nord,Strategic developments,Looting/property destruction,10,0,,Strategic developments,3756,11.4565,14.792
2025-03-08,Middle Africa,Cameroon,Extreme-Nord,Strategic developments,Looting/property destruction,5,0,,Strategic developments,3756,11.4565,14.792
2025-03-15,Middle Africa,Cameroon,Extreme-Nord,Strategic developments,Looting/property destruction,3,0,,Strategic developments,3756,11.4565,14.792
2025-03-22,Middle Africa,Cameroon,Extreme-Nord,Strategic developments,Looting/property destruction,5,0,,Strategic developments,3756,11.4565,14.792
2025-03-29,Middle Africa,Cameroon,Extreme-Nord,Strategic developments,Looting/property destruction,3,0,,Strategic developments,3756,11.4565,14.792
2025-04-05,Middle Africa,Cameroon,Extreme-Nord,Strategic developments,Looting/property destruction,3,0,,Strategic developments,3756,11.4565,14.792
2025-04-12,Middle Africa,Cameroon,Extreme-Nord,Strategic developments,Looting/property destruction,2,0,,Strategic developments,3756,11.4565,14.792
2025-04-19,Middle Africa,Cameroon,Extreme-Nord,Strategic developments,Looting/property destruction,7,0,,Strategic developments,3756,11.4565,14.792
2025-04-26,Middle Africa,Cameroon,Extreme-Nord,Strategic developments,Looting/property destruction,4,0,,Strategic developments,3756,11.4565,14.792
2025-05-03,Middle Africa,Cameroon,Extreme-Nord,Strategic developments,Looting/property destruction,11,0,,Strategic developments,3756,11.4565,14.792
2025-05-10,Middle Africa,Cameroon,Extreme-Nord,Strategic developments,Looting/property destruction,5,0,,Strategic developments,3756,11.4565,14.792
2025-05-17,Middle Africa,Cameroon,Extreme-Nord,Strategic developments,Looting/property destruction,5,0,,Strategic developments,3756,11.4565,14.792
2025-05-24,Middle Africa,Cameroon,Extreme-Nord,Strategic developments,Looting/property destruction,5,0,,Strategic developments,3756,11.4565,14.792
2025-05-31,Middle Africa,Cameroon,Extreme-Nord,Strategic developments,Looting/property destruction,8,0,,Strategic developments,3756,11.4565,14.792
2025-06-07,Middle Africa,Cameroon,Extreme-Nord,Strategic developments,Looting/property destruction,14,0,,Strategic developments,3756,11.4565,14.792
2025-06-14,Middle Africa,Cameroon,Extreme-Nord,Strategic developments,Looting/property destruction,9,0,,Strategic developments,3756,11.4565,14.792
2025-06-21,Middle Africa,Cameroon,Extreme-Nord,Strategic developments,Looting/property destruction,9,0,,Strategic developments,3756,11.4565,14.792
2025-06-28,Middle Africa,Cameroon,Extreme-Nord,Strategic developments,Looting/property destruction,4,0,,Strategic developments,3756,11.4565,14.792
2025-07-05,Middle Africa,Cameroon,Extreme-Nord,Strategic developments,Looting/property destruction,9,0,,Strategic developments,3756,11.4565,14.792
2025-07-12,Middle Africa,Cameroon,Extreme-Nord,Strategic developments,Looting/property destruction,7,0,,Strategic developments,3756,11.4565,14.792
2025-07-19,Middle Africa,Cameroon,Extreme-Nord,Strategic developments,Looting/property destruction,1,0,,Strategic developments,3756,11.4565,14.792
2025-07-26,Middle Africa,Cameroon,Extreme-Nord,Strategic developments,Looting/property destruction,6,0,,Strategic developments,3756,11.4565,14.792
2025-08-09,Middle Africa,Cameroon,Extreme-Nord,Strategic developments,Looting/property destruction,5,0,,Strategic developments,3756,11.4565,14.792
2025-08-16,Middle Africa,Cameroon,Extreme-Nord,Strategic developments,Looting/property destruction,8,0,,Strategic developments,3756,11.4565,14.792
2025-08-23,Middle Africa,Cameroon,Extreme-Nord,Strategic developments,Looting/property destruction,4,0,,Strategic developments,3756,11.4565,14.792
2025-08-30,Middle Africa,Cameroon,Extreme-Nord,Strategic developments,Looting/property destruction,1,0,,Strategic developments,3756,11.4565,14.792
2025-09-06,Middle Africa,Cameroon,Extreme-Nord,Strategic developments,Looting/property destruction,5,0,,Strategic developments,3756,11.4565,14.792
2025-09-13,Middle Africa,Cameroon,Extreme-Nord,Strategic developments,Looting/property destruction,10,0,,Strategic developments,3756,11.4565,14.792
2025-09-20,Middle Africa,Cameroon,Extreme-Nord,Strategic developments,Looting/property destruction,9,0,,Strategic developments,3756,11.4565,14.792
2025-09-27,Middle Africa,Cameroon,Extreme-Nord,Strategic developments,Looting/property destruction,2,0,,Strategic developments,3756,11.4565,14.792
2025-10-11,Middle Africa,Cameroon,Extreme-Nord,Strategic developments,Looting/property destruction,7,0,,Strategic developments,3756,11.4565,14.792
2025-10-18,Middle Africa,Cameroon,Extreme-Nord,Strategic developments,Looting/property destruction,7,0,,Strategic developments,3756,11.4565,14.792
2025-10-25,Middle Africa,Cameroon,Extreme-Nord,Strategic developments,Looting/property destruction,5,0,,Strategic developments,3756,11.4565,14.792
2025-11-01,Middle Africa,Cameroon,Extreme-Nord,Strategic developments,Looting/property destruction,8,0,,Strategic developments,3756,11.4565,14.792
2025-11-08,Middle Africa,Cameroon,Extreme-Nord,Strategic developments,Looting/property destruction,3,0,,Strategic developments,3756,11.4565,14.792
2025-11-15,Middle Africa,Cameroon,Extreme-Nord,Strategic developments,Looting/property destruction,7,0,,Strategic developments,3756,11.4565,14.792
2025-11-22,Middle Africa,Cameroon,Extreme-Nord,Strategic developments,Looting/property destruction,2,0,,Strategic developments,3756,11.4565,14.792
2025-11-29,Middle Africa,Cameroon,Extreme-Nord,Strategic developments,Looting/property destruction,15,0,,Strategic developments,3756,11.4565,14.792
2025-12-06,Middle Africa,Cameroon,Extreme-Nord,Strategic developments,Looting/property destruction,7,0,,Strategic developments,3756,11.4565,14.792
2025-12-13,Middle Africa,Cameroon,Extreme-Nord,Strategic developments,Looting/property destruction,10,0,,Strategic developments,3756,11.4565,14.792
2025-12-20,Middle Africa,Cameroon,Extreme-Nord,Strategic developments,Looting/property destruction,4,0,,Strategic developments,3756,11.4565,14.792
2025-12-27,Middle Africa,Cameroon,Extreme-Nord,Strategic developments,Looting/property destruction,4,0,,Strategic developments,3756,11.4565,14.792
2026-01-03,Middle Africa,Cameroon,Extreme-Nord,Strategic developments,Looting/property destruction,2,0,,Strategic developments,3756,11.4565,14.792
2026-01-10,Middle Africa,Cameroon,Extreme-Nord,Strategic developments,Looting/property destruction,4,0,,Strategic developments,3756,11.4565,14.792
2026-01-17,Middle Africa,Cameroon,Extreme-Nord,Strategic developments,Looting/property destruction,7,0,,Strategic developments,3756,11.4565,14.792
2026-01-24,Middle Africa,Cameroon,Extreme-Nord,Strategic developments,Looting/property destruction,4,0,,Strategic developments,3756,11.4565,14.792
2026-01-31,Middle Africa,Cameroon,Extreme-Nord,Strategic developments,Looting/property destruction,10,0,,Strategic developments,3756,11.4565,14.792
2026-02-07,Middle Africa,Cameroon,Extreme-Nord,Strategic developments,Looting/property destruction,6,0,,Strategic developments,3756,11.4565,14.792
2026-02-14,Middle Africa,Cameroon,Extreme-Nord,Strategic developments,Looting/property destruction,5,0,,Strategic developments,3756,11.4565,14.792
2026-02-21,Middle Africa,Cameroon,Extreme-Nord,Strategic developments,Looting/property destruction,7,0,,Strategic developments,3756,11.4565,14.792
2026-02-28,Middle Africa,Cameroon,Extreme-Nord,Strategic developments,Looting/property destruction,4,0,,Strategic developments,3756,11.4565,14.792
2026-03-07,Middle Africa,Cameroon,Extreme-Nord,Strategic developments,Looting/property destruction,5,0,,Strategic developments,3756,11.4565,14.792
2026-03-14,Middle Africa,Cameroon,Extreme-Nord,Strategic developments,Looting/property destruction,3,0,,Strategic developments,3756,11.4565,14.792
2026-03-21,Middle Africa,Cameroon,Extreme-Nord,Strategic developments,Looting/property destruction,3,0,,Strategic developments,3756,11.4565,14.792
2026-03-28,Middle Africa,Cameroon,Extreme-Nord,Strategic developments,Looting/property destruction,5,0,,Strategic developments,3756,11.4565,14.792
2026-04-04,Middle Africa,Cameroon,Extreme-Nord,Strategic developments,Looting/property destruction,5,0,,Strategic developments,3756,11.4565,14.792
2026-04-11,Middle Africa,Cameroon,Extreme-Nord,Strategic developments,Looting/property destruction,3,0,,Strategic developments,3756,11.4565,14.792
2026-04-18,Middle Africa,Cameroon,Extreme-Nord,Strategic developments,Looting/property destruction,4,0,,Strategic developments,3756,11.4565,14.792
2026-04-25,Middle Africa,Cameroon,Extreme-Nord,Strategic developments,Looting/property destruction,6,0,,Strategic developments,3756,11.4565,14.792
2026-05-02,Middle Africa,Cameroon,Extreme-Nord,Strategic developments,Looting/property destruction,5,0,,Strategic developments,3756,11.4565,14.792
2026-05-09,Middle Africa,Cameroon,Extreme-Nord,Strategic developments,Looting/property destruction,6,0,,Strategic developments,3756,11.4565,14.792
2026-05-16,Middle Africa,Cameroon,Extreme-Nord,Strategic developments,Looting/property destruction,3,0,,Strategic developments,3756,11.4565,14.792
2026-05-23,Middle Africa,Cameroon,Extreme-Nord,Strategic developments,Looting/property destruction,4,0,,Strategic developments,3756,11.4565,14.792
2026-05-30,Middle Africa,Cameroon,Extreme-Nord,Strategic developments,Looting/property destruction,5,0,,Strategic developments,3756,11.4565,14.792
2026-06-06,Middle Africa,Cameroon,Extreme-Nord,Strategic developments,Looting/property destruction,5,0,,Strategic developments,3756,11.4565,14.792
2026-06-13,Middle Africa,Cameroon,Extreme-Nord,Strategic developments,Looting/property destruction,7,0,,Strategic developments,3756,11.4565,14.792
2026-06-20,Middle Africa,Cameroon,Extreme-Nord,Strategic developments,Looting/property destruction,6,0,,Strategic developments,3756,11.4565,14.792
2026-06-27,Middle Africa,Cameroon,Extreme-Nord,Strategic developments,Looting/property destruction,4,0,,Strategic developments,3756,11.4565,14.792
2026-07-04,Middle Africa,Cameroon,Extreme-Nord,Strategic developments,Looting/property destruction,6,0,,Strategic developments,3756,11.4565,14.792
2026-07-11,Middle Africa,Cameroon,Extreme-Nord,Strategic developments,Looting/property destruction,8,0,,Strategic developments,3756,11.4565,14.792
2026-07-18,Middle Africa,Cameroon,Extreme-Nord,Strategic developments,Looting/property destruction,3,0,,Strategic developments,3756,11.4565,14.792
2026-07-25,Middle Africa,Cameroon,Extreme-Nord,Strategic developments,Looting/property destruction,4,0,,Strategic developments,3756,11.4565,14.792
2026-08-01,Middle Africa,Cameroon,Extreme-Nord,Strategic developments,Looting/property destruction,8,0,,Strategic developments,3756,11.4565,14.792
2026-08-08,Middle Africa,Cameroon,Extreme-Nord,Strategic developments,Looting/property destruction,9,0,,Strategic developments,3756,11.4565,14.792
2026-08-15,Middle Africa,Cameroon,Extreme-Nord,Strategic developments,Looting/property destruction,11,0,,Strategic developments,3756,11.4565,14.792
2026-08-22,Middle Africa,Cameroon,Extreme-Nord,Strategic developments,Looting/property destruction,5,0,,Strategic developments,3756,11.4565,14.792
2026-08-29,Middle Africa,Cameroon,Extreme-Nord,Strategic developments,Looting/property destruction,1,0,,Strategic developments,3756,11.4565,14.792
2022-04-23,Middle Africa,Cameroon,Extreme-Nord,Strategic developments,Non-violent transfer of territory,1,0,,Strategic developments,3756,11.4565,14.792
2020-10-24,Middle Africa,Cameroon,Extreme-Nord,Strategic developments,Other,1,0,,Strategic developments,3756,11.4565,14.792
2021-02-27,Middle Africa,Cameroon,Extreme-Nord,Strategic developments,Other,1,0,,Strategic developments,3756,11.4565,14.792
2021-07-17,Middle Africa,Cameroon,Extreme-Nord,Strategic developments,Other,2,0,,Strategic developments,3756,11.4565,14.792
2021-07-31,Middle Africa,Cameroon,Extreme-Nord,Strategic developments,Other,1,0,,Strategic developments,3756,11.4565,14.792
2022-06-04,Middle Africa,Cameroon,Extreme-Nord,Strategic developments,Other,1,0,,Strategic developments,3756,11.4565,14.792
2022-06-11,Middle Africa,Cameroon,Extreme-Nord,Strategic developments,Other,2,0,,Strategic developments,3756,11.4565,14.792
2022-06-18,Middle Africa,Cameroon,Extreme-Nord,Strategic developments,Other,3,0,,Strategic developments,3756,11.4565,14.792
2022-06-25,Middle Africa,Cameroon,Extreme-Nord,Strategic developments,Other,1,0,,Strategic developments,3756,11.4565,14.792
2022-07-30,Middle Africa,Cameroon,Extreme-Nord,Strategic developments,Other,1,0,,Strategic developments,3756,11.4565,14.792
2022-12-10,Middle Africa,Cameroon,Extreme-Nord,Strategic developments,Other,1,0,,Strategic developments,3756,11.4565,14.792
2023-02-25,Middle Africa,Cameroon,Extreme-Nord,Strategic developments,Other,1,0,,Strategic developments,3756,11.4565,14.792
2023-03-25,Middle Africa,Cameroon,Extreme-Nord,Strategic developments,Other,1,0,,Strategic developments,3756,11.4565,14.792
2023-07-01,Middle Africa,Cameroon,Extreme-Nord,Strategic developments,Other,2,0,,Strategic developments,3756,11.4565,14.792
2023-07-15,Middle Africa,Cameroon,Extreme-Nord,Strategic developments,Other,1,0,,Strategic developments,3756,11.4565,14.792
2023-07-29,Middle Africa,Cameroon,Extreme-Nord,Strategic developments,Other,1,0,,Strategic developments,3756,11.4565,14.792
2023-09-16,Middle Africa,Cameroon,Extreme-Nord,Strategic developments,Other,1,0,,Strategic developments,3756,11.4565,14.792
2023-10-07,Middle Africa,Cameroon,Extreme-Nord,Strategic developments,Other,1,0,,Strategic developments,3756,11.4565,14.792
2023-11-04,Middle Africa,Cameroon,Extreme-Nord,Strategic developments,Other,1,0,,Strategic developments,3756,11.4565,14.792
2024-02-17,Middle Africa,Cameroon,Extreme-Nord,Strategic developments,Other,1,0,,Strategic developments,3756,11.4565,14.792
2024-05-25,Middle Africa,Cameroon,Extreme-Nord,Strategic developments,Other,1,0,,Strategic developments,3756,11.4565,14.792
2024-06-29,Middle Africa,Cameroon,Extreme-Nord,Strategic developments,Other,1,0,,Strategic developments,3756,11.4565,14.792
2024-08-17,Middle Africa,Cameroon,Extreme-Nord,Strategic developments,Other,1,0,,Strategic developments,3756,11.4565,14.792
2024-09-07,Middle Africa,Cameroon,Extreme-Nord,Strategic developments,Other,1,0,,Strategic developments,3756,11.4565,14.792
2024-11-02,Middle Africa,Cameroon,Extreme-Nord,Strategic developments,Other,2,0,,Strategic developments,3756,11.4565,14.792
2024-11-16,Middle Africa,Cameroon,Extreme-Nord,Strategic developments,Other,3,0,,Strategic developments,3756,11.4565,14.792
2024-11-30,Middle Africa,Cameroon,Extreme-Nord,Strategic developments,Other,1,0,,Strategic developments,3756,11.4565,14.792
2024-12-07,Middle Africa,Cameroon,Extreme-Nord,Strategic developments,Other,1,0,,Strategic developments,3756,11.4565,14.792
2024-12-14,Middle Africa,Cameroon,Extreme-Nord,Strategic developments,Other,2,0,,Strategic developments,3756,11.4565,14.792
2024-12-21,Middle Africa,Cameroon,Extreme-Nord,Strategic developments,Other,1,0,,Strategic developments,3756,11.4565,14.792
2025-01-18,Middle Africa,Cameroon,Extreme-Nord,Strategic developments,Other,3,0,,Strategic developments,3756,11.4565,14.792
2025-02-08,Middle Africa,Cameroon,Extreme-Nord,Strategic developments,Other,2,0,,Strategic developments,3756,11.4565,14.792
2025-02-15,Middle Africa,Cameroon,Extreme-Nord,Strategic developments,Other,1,0,,Strategic developments,3756,11.4565,14.792
2025-03-01,Middle Africa,Cameroon,Extreme-Nord,Strategic developments,Other,2,0,,Strategic developments,3756,11.4565,14.792
2025-03-08,Middle Africa,Cameroon,Extreme-Nord,Strategic developments,Other,2,0,,Strategic developments,3756,11.4565,14.792
2025-03-22,Middle Africa,Cameroon,Extreme-Nord,Strategic developments,Other,1,0,,Strategic developments,3756,11.4565,14.792
2025-03-29,Middle Africa,Cameroon,Extreme-Nord,Strategic developments,Other,1,0,,Strategic developments,3756,11.4565,14.792
2025-04-12,Middle Africa,Cameroon,Extreme-Nord,Strategic developments,Other,2,0,,Strategic developments,3756,11.4565,14.792
2025-04-19,Middle Africa,Cameroon,Extreme-Nord,Strategic developments,Other,1,0,,Strategic developments,3756,11.4565,14.792
2025-04-26,Middle Africa,Cameroon,Extreme-Nord,Strategic developments,Other,1,0,,Strategic developments,3756,11.4565,14.792
2025-05-03,Middle Africa,Cameroon,Extreme-Nord,Strategic developments,Other,1,0,,Strategic developments,3756,11.4565,14.792
2025-06-07,Middle Africa,Cameroon,Extreme-Nord,Strategic developments,Other,1,0,,Strategic developments,3756,11.4565,14.792
2025-08-09,Middle Africa,Cameroon,Extreme-Nord,Strategic developments,Other,2,0,,Strategic developments,3756,11.4565,14.792
2025-09-06,Middle Africa,Cameroon,Extreme-Nord,Strategic developments,Other,1,0,,Strategic developments,3756,11.4565,14.792
2025-09-13,Middle Africa,Cameroon,Extreme-Nord,Strategic developments,Other,1,0,,Strategic developments,3756,11.4565,14.792
2025-09-20,Middle Africa,Cameroon,Extreme-Nord,Strategic developments,Other,3,0,,Strategic developments,3756,11.4565,14.792
2025-10-04,Middle Africa,Cameroon,Extreme-Nord,Strategic developments,Other,1,0,,Strategic developments,3756,11.4565,14.792
2025-10-11,Middle Africa,Cameroon,Extreme-Nord,Strategic developments,Other,2,0,,Strategic developments,3756,11.4565,14.792
2025-10-18,Middle Africa,Cameroon,Extreme-Nord,Strategic developments,Other,4,0,,Strategic developments,3756,11.4565,14.792
2025-11-29,Middle Africa,Cameroon,Extreme-Nord,Strategic developments,Other,2,0,,Strategic developments,3756,11.4565,14.792
2025-12-20,Middle Africa,Cameroon,Extreme-Nord,Strategic developments,Other,1,0,,Strategic developments,3756,11.4565,14.792
2025-12-27,Middle Africa,Cameroon,Extreme-Nord,Strategic developments,Other,1,0,,Strategic developments,3756,11.4565,14.792
2026-01-10,Middle Africa,Cameroon,Extreme-Nord,Strategic developments,Other,1,0,,Strategic developments,3756,11.4565,14.792
2026-01-17,Middle Africa,Cameroon,Extreme-Nord,Strategic developments,Other,2,0,,Strategic developments,3756,11.4565,14.792
2026-01-31,Middle Africa,Cameroon,Extreme-Nord,Strategic developments,Other,2,0,,Strategic developments,3756,11.4565,14.792
2026-02-21,Middle Africa,Cameroon,Extreme-Nord,Strategic developments,Other,2,0,,Strategic developments,3756,11.4565,14.792
2026-03-07,Middle Africa,Cameroon,Extreme-Nord,Strategic developments,Other,1,0,,Strategic developments,3756,11.4565,14.792
2026-03-14,Middle Africa,Cameroon,Extreme-Nord,Strategic developments,Other,5,0,,Strategic developments,3756,11.4565,14.792
2026-03-28,Middle Africa,Cameroon,Extreme-Nord,Strategic developments,Other,1,0,,Strategic developments,3756,11.4565,14.792
2026-04-04,Middle Africa,Cameroon,Extreme-Nord,Strategic developments,Other,3,0,,Strategic developments,3756,11.4565,14.792
2026-04-11,Middle Africa,Cameroon,Extreme-Nord,Strategic developments,Other,2,0,,Strategic developments,3756,11.4565,14.792
2026-04-18,Middle Africa,Cameroon,Extreme-Nord,Strategic developments,Other,2,0,,Strategic developments,3756,11.4565,14.792
2026-04-25,Middle Africa,Cameroon,Extreme-Nord,Strategic developments,Other,1,0,,Strategic developments,3756,11.4565,14.792
2026-05-02,Middle Africa,Cameroon,Extreme-Nord,Strategic developments,Other,1,0,,Strategic developments,3756,11.4565,14.792
2026-05-30,Middle Africa,Cameroon,Extreme-Nord,Strategic developments,Other,2,0,,Strategic developments,3756,11.4565,14.792
2026-06-06,Middle Africa,Cameroon,Extreme-Nord,Strategic developments,Other,2,0,,Strategic developments,3756,11.4565,14.792
2026-06-13,Middle Africa,Cameroon,Extreme-Nord,Strategic developments,Other,2,0,,Strategic developments,3756,11.4565,14.792
2026-06-20,Middle Africa,Cameroon,Extreme-Nord,Strategic developments,Other,1,0,,Strategic developments,3756,11.4565,14.792
2026-06-27,Middle Africa,Cameroon,Extreme-Nord,Strategic developments,Other,1,0,,Strategic developments,3756,11.4565,14.792
2026-07-04,Middle Africa,Cameroon,Extreme-Nord,Strategic developments,Other,3,0,,Strategic developments,3756,11.4565,14.792
2026-07-11,Middle Africa,Cameroon,Extreme-Nord,Strategic developments,Other,1,0,,Strategic developments,3756,11.4565,14.792
2026-08-01,Middle Africa,Cameroon,Extreme-Nord,Strategic developments,Other,2,0,,Strategic developments,3756,11.4565,14.792
2026-08-08,Middle Africa,Cameroon,Extreme-Nord,Strategic developments,Other,1,0,,Strategic developments,3756,11.4565,14.792
2026-08-15,Middle Africa,Cameroon,Extreme-Nord,Strategic developments,Other,2,0,,Strategic developments,3756,11.4565,14.792
2026-08-22,Middle Africa,Cameroon,Extreme-Nord,Strategic developments,Other,1,0,,Strategic developments,3756,11.4565,14.792
2020-03-14,Middle Africa,Cameroon,Extreme-Nord,Violence against civilians,Abduction/forced disappearance,1,0,5555,Political violence,3756,11.4565,14.792
2020-03-21,Middle Africa,Cameroon,Extreme-Nord,Violence against civilians,Abduction/forced disappearance,1,0,2260,Political violence,3756,11.4565,14.792
2020-03-28,Middle Africa,Cameroon,Extreme-Nord,Violence against civilians,Abduction/forced disappearance,1,0,301,Political violence,3756,11.4565,14.792
2020-04-25,Middle Africa,Cameroon,Extreme-Nord,Violence against civilians,Abduction/forced disappearance,2,0,10229,Political violence,3756,11.4565,14.792
2020-05-23,Middle Africa,Cameroon,Extreme-Nord,Violence against civilians,Abduction/forced disappearance,1,0,308,Political violence,3756,11.4565,14.792
2020-05-30,Middle Africa,Cameroon,Extreme-Nord,Violence against civilians,Abduction/forced disappearance,1,0,9596,Political violence,3756,11.4565,14.792
2020-06-06,Middle Africa,Cameroon,Extreme-Nord,Violence against civilians,Abduction/forced disappearance,2,0,12432,Political violence,3756,11.4565,14.792
2020-06-13,Middle Africa,Cameroon,Extreme-Nord,Violence against civilians,Abduction/forced disappearance,1,0,2514,Political violence,3756,11.4565,14.792
2020-06-20,Middle Africa,Cameroon,Extreme-Nord,Violence against civilians,Abduction/forced disappearance,2,0,13290,Political violence,3756,11.4565,14.792
2020-06-27,Middle Africa,Cameroon,Extreme-Nord,Violence against civilians,Abduction/forced disappearance,1,0,4397,Political violence,3756,11.4565,14.792
2020-07-25,Middle Africa,Cameroon,Extreme-Nord,Violence against civilians,Abduction/forced disappearance,1,0,1360,Political violence,3756,11.4565,14.792
2020-08-22,Middle Africa,Cameroon,Extreme-Nord,Violence against civilians,Abduction/forced disappearance,1,0,11087,Political violence,3756,11.4565,14.792
2020-08-29,Middle Africa,Cameroon,Extreme-Nord,Violence against civilians,Abduction/forced disappearance,1,0,11087,Political violence,3756,11.4565,14.792
2020-09-19,Middle Africa,Cameroon,Extreme-Nord,Violence against civilians,Abduction/forced disappearance,1,0,434,Political violence,3756,11.4565,14.792
2020-10-10,Middle Africa,Cameroon,Extreme-Nord,Violence against civilians,Abduction/forced disappearance,1,0,5021,Political violence,3756,11.4565,14.792
2020-11-07,Middle Africa,Cameroon,Extreme-Nord,Violence against civilians,Abduction/forced disappearance,2,0,11278,Political violence,3756,11.4565,14.792
2020-11-14,Middle Africa,Cameroon,Extreme-Nord,Violence against civilians,Abduction/forced disappearance,1,0,1682,Political violence,3756,11.4565,14.792
2020-12-12,Middle Africa,Cameroon,Extreme-Nord,Violence against civilians,Abduction/forced disappearance,1,0,93395,Political violence,3756,11.4565,14.792
2020-12-19,Middle Africa,Cameroon,Extreme-Nord,Violence against civilians,Abduction/forced disappearance,1,0,12702,Political violence,3756,11.4565,14.792
2020-12-26,Middle Africa,Cameroon,Extreme-Nord,Violence against civilians,Abduction/forced disappearance,1,0,9921,Political violence,3756,11.4565,14.792
2021-01-02,Middle Africa,Cameroon,Extreme-Nord,Violence against civilians,Abduction/forced disappearance,2,0,21341,Political violence,3756,11.4565,14.792
2021-01-09,Middle Africa,Cameroon,Extreme-Nord,Violence against civilians,Abduction/forced disappearance,1,0,10244,Political violence,3756,11.4565,14.792
2021-01-30,Middle Africa,Cameroon,Extreme-Nord,Violence against civilians,Abduction/forced disappearance,2,0,16580,Political violence,3756,11.4565,14.792
2021-02-13,Middle Africa,Cameroon,Extreme-Nord,Violence against civilians,Abduction/forced disappearance,1,0,11342,Political violence,3756,11.4565,14.792
2021-02-20,Middle Africa,Cameroon,Extreme-Nord,Violence against civilians,Abduction/forced disappearance,2,0,4205,Political violence,3756,11.4565,14.792
2021-03-06,Middle Africa,Cameroon,Extreme-Nord,Violence against civilians,Abduction/forced disappearance,1,0,4531,Political violence,3756,11.4565,14.792
2021-04-10,Middle Africa,Cameroon,Extreme-Nord,Violence against civilians,Abduction/forced disappearance,1,0,105786,Political violence,3756,11.4565,14.792
2021-04-17,Middle Africa,Cameroon,Extreme-Nord,Violence against civilians,Abduction/forced disappearance,1,0,105786,Political violence,3756,11.4565,14.792
2021-04-24,Middle Africa,Cameroon,Extreme-Nord,Violence against civilians,Abduction/forced disappearance,1,0,4205,Political violence,3756,11.4565,14.792
2021-05-01,Middle Africa,Cameroon,Extreme-Nord,Violence against civilians,Abduction/forced disappearance,2,0,1799,Political violence,3756,11.4565,14.792
2021-06-05,Middle Africa,Cameroon,Extreme-Nord,Violence against civilians,Abduction/forced disappearance,2,0,9306,Political violence,3756,11.4565,14.792
2021-07-10,Middle Africa,Cameroon,Extreme-Nord,Violence against civilians,Abduction/forced disappearance,1,0,3025,Political violence,3756,11.4565,14.792
2021-08-14,Middle Africa,Cameroon,Extreme-Nord,Violence against civilians,Abduction/forced disappearance,1,0,4531,Political violence,3756,11.4565,14.792
2021-08-21,Middle Africa,Cameroon,Extreme-Nord,Violence against civilians,Abduction/forced disappearance,1,0,2321,Political violence,3756,11.4565,14.792
2021-08-28,Middle Africa,Cameroon,Extreme-Nord,Violence against civilians,Abduction/forced disappearance,1,0,17947,Political violence,3756,11.4565,14.792
2021-09-04,Middle Africa,Cameroon,Extreme-Nord,Violence against civilians,Abduction/forced disappearance,2,0,17726,Political violence,3756,11.4565,14.792
2021-10-09,Middle Africa,Cameroon,Extreme-Nord,Violence against civilians,Abduction/forced disappearance,1,0,4829,Political violence,3756,11.4565,14.792
2021-10-23,Middle Africa,Cameroon,Extreme-Nord,Violence against civilians,Abduction/forced disappearance,1,0,2987,Political violence,3756,11.4565,14.792
2021-11-13,Middle Africa,Cameroon,Extreme-Nord,Violence against civilians,Abduction/forced disappearance,1,0,307,Political violence,3756,11.4565,14.792
2021-11-20,Middle Africa,Cameroon,Extreme-Nord,Violence against civilians,Abduction/forced disappearance,3,0,17508,Political violence,3756,11.4565,14.792
2021-12-11,Middle Africa,Cameroon,Extreme-Nord,Violence against civilians,Abduction/forced disappearance,2,0,6852,Political violence,3756,11.4565,14.792
2022-01-22,Middle Africa,Cameroon,Extreme-Nord,Violence against civilians,Abduction/forced disappearance,1,0,1793,Political violence,3756,11.4565,14.792
2022-02-19,Middle Africa,Cameroon,Extreme-Nord,Violence against civilians,Abduction/forced disappearance,2,0,23885,Political violence,3756,11.4565,14.792
2022-03-05,Middle Africa,Cameroon,Extreme-Nord,Violence against civilians,Abduction/forced disappearance,1,0,10705,Political violence,3756,11.4565,14.792
2022-04-09,Middle Africa,Cameroon,Extreme-Nord,Violence against civilians,Abduction/forced disappearance,1,0,15595,Political violence,3756,11.4565,14.792
2022-04-23,Middle Africa,Cameroon,Extreme-Nord,Violence against civilians,Abduction/forced disappearance,1,0,29,Political violence,3756,11.4565,14.792
2022-05-07,Middle Africa,Cameroon,Extreme-Nord,Violence against civilians,Abduction/forced disappearance,2,0,2580,Political violence,3756,11.4565,14.792
2022-05-14,Middle Africa,Cameroon,Extreme-Nord,Violence against civilians,Abduction/forced disappearance,1,0,15595,Political violence,3756,11.4565,14.792
2022-07-30,Middle Africa,Cameroon,Extreme-Nord,Violence against civilians,Abduction/forced disappearance,1,0,47297,Political violence,3756,11.4565,14.792
2022-08-20,Middle Africa,Cameroon,Extreme-Nord,Violence against civilians,Abduction/forced disappearance,2,0,7036,Political violence,3756,11.4565,14.792
2022-08-27,Middle Africa,Cameroon,Extreme-Nord,Violence against civilians,Abduction/forced disappearance,1,0,10333,Political violence,3756,11.4565,14.792
2022-09-10,Middle Africa,Cameroon,Extreme-Nord,Violence against civilians,Abduction/forced disappearance,1,0,10333,Political violence,3756,11.4565,14.792
2022-09-24,Middle Africa,Cameroon,Extreme-Nord,Violence against civilians,Abduction/forced disappearance,2,0,34079,Political violence,3756,11.4565,14.792
2022-10-01,Middle Africa,Cameroon,Extreme-Nord,Violence against civilians,Abduction/forced disappearance,1,0,4323,Political violence,3756,11.4565,14.792
2022-10-08,Middle Africa,Cameroon,Extreme-Nord,Violence against civilians,Abduction/forced disappearance,4,0,60101,Political violence,3756,11.4565,14.792
2022-10-22,Middle Africa,Cameroon,Extreme-Nord,Violence against civilians,Abduction/forced disappearance,2,0,7814,Political violence,3756,11.4565,14.792
2022-10-29,Middle Africa,Cameroon,Extreme-Nord,Violence against civilians,Abduction/forced disappearance,3,0,8771,Political violence,3756,11.4565,14.792
2022-11-19,Middle Africa,Cameroon,Extreme-Nord,Violence against civilians,Abduction/forced disappearance,1,0,19464,Political violence,3756,11.4565,14.792
2022-12-03,Middle Africa,Cameroon,Extreme-Nord,Violence against civilians,Abduction/forced disappearance,1,0,2068,Political violence,3756,11.4565,14.792
2022-12-10,Middle Africa,Cameroon,Extreme-Nord,Violence against civilians,Abduction/forced disappearance,1,0,3876,Political violence,3756,11.4565,14.792
2022-12-17,Middle Africa,Cameroon,Extreme-Nord,Violence against civilians,Abduction/forced disappearance,2,0,4323,Political violence,3756,11.4565,14.792
2022-12-24,Middle Africa,Cameroon,Extreme-Nord,Violence against civilians,Abduction/forced disappearance,1,0,4656,Political violence,3756,11.4565,14.792
2023-01-21,Middle Africa,Cameroon,Extreme-Nord,Violence against civilians,Abduction/forced disappearance,1,0,10915,Political violence,3756,11.4565,14.792
2023-01-28,Middle Africa,Cameroon,Extreme-Nord,Violence against civilians,Abduction/forced disappearance,1,0,48555,Political violence,3756,11.4565,14.792
2023-02-04,Middle Africa,Cameroon,Extreme-Nord,Violence against civilians,Abduction/forced disappearance,2,0,21486,Political violence,3756,11.4565,14.792
2023-02-18,Middle Africa,Cameroon,Extreme-Nord,Violence against civilians,Abduction/forced disappearance,2,0,4999,Political violence,3756,11.4565,14.792
2023-03-11,Middle Africa,Cameroon,Extreme-Nord,Violence against civilians,Abduction/forced disappearance,2,0,35717,Political violence,3756,11.4565,14.792
2023-04-01,Middle Africa,Cameroon,Extreme-Nord,Violence against civilians,Abduction/forced disappearance,1,0,4440,Political violence,3756,11.4565,14.792
2023-04-29,Middle Africa,Cameroon,Extreme-Nord,Violence against civilians,Abduction/forced disappearance,1,0,19912,Political violence,3756,11.4565,14.792
2023-05-13,Middle Africa,Cameroon,Extreme-Nord,Violence against civilians,Abduction/forced disappearance,1,0,1601,Political violence,3756,11.4565,14.792
2023-05-27,Middle Africa,Cameroon,Extreme-Nord,Violence against civilians,Abduction/forced disappearance,1,0,85569,Political violence,3756,11.4565,14.792
2023-06-17,Middle Africa,Cameroon,Extreme-Nord,Violence against civilians,Abduction/forced disappearance,1,0,29,Political violence,3756,11.4565,14.792
2023-06-24,Middle Africa,Cameroon,Extreme-Nord,Violence against civilians,Abduction/forced disappearance,2,0,4626,Political violence,3756,11.4565,14.792
2023-07-01,Middle Africa,Cameroon,Extreme-Nord,Violence against civilians,Abduction/forced disappearance,8,0,60635,Political violence,3756,11.4565,14.792
2023-07-08,Middle Africa,Cameroon,Extreme-Nord,Violence against civilians,Abduction/forced disappearance,3,0,148090,Political violence,3756,11.4565,14.792
2023-07-29,Middle Africa,Cameroon,Extreme-Nord,Violence against civilians,Abduction/forced disappearance,5,0,10040,Political violence,3756,11.4565,14.792
2023-08-05,Middle Africa,Cameroon,Extreme-Nord,Violence against civilians,Abduction/forced disappearance,2,0,10915,Political violence,3756,11.4565,14.792
2023-08-12,Middle Africa,Cameroon,Extreme-Nord,Violence against civilians,Abduction/forced disappearance,1,0,1950,Political violence,3756,11.4565,14.792
2023-09-02,Middle Africa,Cameroon,Extreme-Nord,Violence against civilians,Abduction/forced disappearance,2,0,22417,Political violence,3756,11.4565,14.792
2023-09-16,Middle Africa,Cameroon,Extreme-Nord,Violence against civilians,Abduction/forced disappearance,1,0,1299,Political violence,3756,11.4565,14.792
2023-09-23,Middle Africa,Cameroon,Extreme-Nord,Violence against civilians,Abduction/forced disappearance,2,0,10816,Political violence,3756,11.4565,14.792
2023-09-30,Middle Africa,Cameroon,Extreme-Nord,Violence against civilians,Abduction/forced disappearance,2,0,588,Political violence,3756,11.4565,14.792
2023-10-07,Middle Africa,Cameroon,Extreme-Nord,Violence against civilians,Abduction/forced disappearance,1,0,19912,Political violence,3756,11.4565,14.792
2023-10-21,Middle Africa,Cameroon,Extreme-Nord,Violence against civilians,Abduction/forced disappearance,1,0,2522,Political violence,3756,11.4565,14.792
2023-10-28,Middle Africa,Cameroon,Extreme-Nord,Violence against civilians,Abduction/forced disappearance,2,0,35061,Political violence,3756,11.4565,14.792
2023-11-04,Middle Africa,Cameroon,Extreme-Nord,Violence against civilians,Abduction/forced disappearance,3,0,8921,Political violence,3756,11.4565,14.792
2023-11-11,Middle Africa,Cameroon,Extreme-Nord,Violence against civilians,Abduction/forced disappearance,2,0,4440,Political violence,3756,11.4565,14.792
2023-11-18,Middle Africa,Cameroon,Extreme-Nord,Violence against civilians,Abduction/forced disappearance,3,0,9122,Political violence,3756,11.4565,14.792
2023-11-25,Middle Africa,Cameroon,Extreme-Nord,Violence against civilians,Abduction/forced disappearance,1,0,4440,Political violence,3756,11.4565,14.792
2023-12-02,Middle Africa,Cameroon,Extreme-Nord,Violence against civilians,Abduction/forced disappearance,7,0,35004,Political violence,3756,11.4565,14.792
2023-12-09,Middle Africa,Cameroon,Extreme-Nord,Violence against civilians,Abduction/forced disappearance,4,0,38246,Political violence,3756,11.4565,14.792
2023-12-16,Middle Africa,Cameroon,Extreme-Nord,Violence against civilians,Abduction/forced disappearance,4,0,7168,Political violence,3756,11.4565,14.792
2023-12-23,Middle Africa,Cameroon,Extreme-Nord,Violence against civilians,Abduction/forced disappearance,5,0,134285,Political violence,3756,11.4565,14.792
2023-12-30,Middle Africa,Cameroon,Extreme-Nord,Violence against civilians,Abduction/forced disappearance,3,0,17420,Political violence,3756,11.4565,14.792
2024-01-06,Middle Africa,Cameroon,Extreme-Nord,Violence against civilians,Abduction/forced disappearance,2,0,28578,Political violence,3756,11.4565,14.792
2024-01-20,Middle Africa,Cameroon,Extreme-Nord,Violence against civilians,Abduction/forced disappearance,1,0,129026,Political violence,3756,11.4565,14.792
2024-01-27,Middle Africa,Cameroon,Extreme-Nord,Violence against civilians,Abduction/forced disappearance,1,0,4553,Political violence,3756,11.4565,14.792
2024-02-03,Middle Africa,Cameroon,Extreme-Nord,Violence against civilians,Abduction/forced disappearance,18,0,140978,Political violence,3756,11.4565,14.792
2024-02-10,Middle Africa,Cameroon,Extreme-Nord,Violence against civilians,Abduction/forced disappearance,9,0,184073,Political violence,3756,11.4565,14.792
2024-02-17,Middle Africa,Cameroon,Extreme-Nord,Violence against civilians,Abduction/forced disappearance,2,0,4553,Political violence,3756,11.4565,14.792
2024-03-02,Middle Africa,Cameroon,Extreme-Nord,Violence against civilians,Abduction/forced disappearance,5,0,106788,Political violence,3756,11.4565,14.792
2024-03-09,Middle Africa,Cameroon,Extreme-Nord,Violence against civilians,Abduction/forced disappearance,2,0,4858,Political violence,3756,11.4565,14.792
2024-03-23,Middle Africa,Cameroon,Extreme-Nord,Violence against civilians,Abduction/forced disappearance,3,0,21108,Political violence,3756,11.4565,14.792
2024-03-30,Middle Africa,Cameroon,Extreme-Nord,Violence against civilians,Abduction/forced disappearance,2,0,5694,Political violence,3756,11.4565,14.792
2024-04-13,Middle Africa,Cameroon,Extreme-Nord,Violence against civilians,Abduction/forced disappearance,5,0,51521,Political violence,3756,11.4565,14.792
2024-04-20,Middle Africa,Cameroon,Extreme-Nord,Violence against civilians,Abduction/forced disappearance,4,0,6553,Political violence,3756,11.4565,14.792
2024-05-04,Middle Africa,Cameroon,Extreme-Nord,Violence against civilians,Abduction/forced disappearance,3,0,4307,Political violence,3756,11.4565,14.792
2024-05-11,Middle Africa,Cameroon,Extreme-Nord,Violence against civilians,Abduction/forced disappearance,5,0,126718,Political violence,3756,11.4565,14.792
2024-05-18,Middle Africa,Cameroon,Extreme-Nord,Violence against civilians,Abduction/forced disappearance,1,0,1395,Political violence,3756,11.4565,14.792
2024-05-25,Middle Africa,Cameroon,Extreme-Nord,Violence against civilians,Abduction/forced disappearance,2,0,105986,Political violence,3756,11.4565,14.792
2024-06-01,Middle Africa,Cameroon,Extreme-Nord,Violence against civilians,Abduction/forced disappearance,4,0,10737,Political violence,3756,11.4565,14.792
2024-06-08,Middle Africa,Cameroon,Extreme-Nord,Violence against civilians,Abduction/forced disappearance,4,0,26239,Political violence,3756,11.4565,14.792
2024-06-15,Middle Africa,Cameroon,Extreme-Nord,Violence against civilians,Abduction/forced disappearance,1,0,4553,Political violence,3756,11.4565,14.792
2024-06-29,Middle Africa,Cameroon,Extreme-Nord,Violence against civilians,Abduction/forced disappearance,1,0,2770,Political violence,3756,11.4565,14.792
2024-07-06,Middle Africa,Cameroon,Extreme-Nord,Violence against civilians,Abduction/forced disappearance,1,0,103492,Political violence,3756,11.4565,14.792
2024-07-13,Middle Africa,Cameroon,Extreme-Nord,Violence against civilians,Abduction/forced disappearance,2,0,104704,Political violence,3756,11.4565,14.792
2024-07-27,Middle Africa,Cameroon,Extreme-Nord,Violence against civilians,Abduction/forced disappearance,5,0,27400,Political violence,3756,11.4565,14.792
2024-08-10,Middle Africa,Cameroon,Extreme-Nord,Violence against civilians,Abduction/forced disappearance,3,0,29438,Political violence,3756,11.4565,14.792
2024-08-17,Middle Africa,Cameroon,Extreme-Nord,Violence against civilians,Abduction/forced disappearance,6,0,24911,Political violence,3756,11.4565,14.792
2024-08-24,Middle Africa,Cameroon,Extreme-Nord,Violence against civilians,Abduction/forced disappearance,2,0,7709,Political violence,3756,11.4565,14.792
2024-08-31,Middle Africa,Cameroon,Extreme-Nord,Violence against civilians,Abduction/forced disappearance,1,0,17,Political violence,3756,11.4565,14.792
2024-09-07,Middle Africa,Cameroon,Extreme-Nord,Violence against civilians,Abduction/forced disappearance,5,0,117514,Political violence,3756,11.4565,14.792
2024-09-14,Middle Africa,Cameroon,Extreme-Nord,Violence against civilians,Abduction/forced disappearance,5,0,128072,Political violence,3756,11.4565,14.792
2024-09-21,Middle Africa,Cameroon,Extreme-Nord,Violence against civilians,Abduction/forced disappearance,1,0,622,Political violence,3756,11.4565,14.792
2024-09-28,Middle Africa,Cameroon,Extreme-Nord,Violence against civilians,Abduction/forced disappearance,4,0,4833,Political violence,3756,11.4565,14.792
2024-10-05,Middle Africa,Cameroon,Extreme-Nord,Violence against civilians,Abduction/forced disappearance,3,0,5805,Political violence,3756,11.4565,14.792
2024-10-12,Middle Africa,Cameroon,Extreme-Nord,Violence against civilians,Abduction/forced disappearance,9,0,62078,Political violence,3756,11.4565,14.792
2024-10-19,Middle Africa,Cameroon,Extreme-Nord,Violence against civilians,Abduction/forced disappearance,1,0,16592,Political violence,3756,11.4565,14.792
2024-11-02,Middle Africa,Cameroon,Extreme-Nord,Violence against civilians,Abduction/forced disappearance,4,0,7023,Political violence,3756,11.4565,14.792
2024-11-09,Middle Africa,Cameroon,Extreme-Nord,Violence against civilians,Abduction/forced disappearance,4,0,20610,Political violence,3756,11.4565,14.792
2024-11-16,Middle Africa,Cameroon,Extreme-Nord,Violence against civilians,Abduction/forced disappearance,3,0,16003,Political violence,3756,11.4565,14.792
2024-11-23,Middle Africa,Cameroon,Extreme-Nord,Violence against civilians,Abduction/forced disappearance,1,0,3158,Political violence,3756,11.4565,14.792
2024-11-30,Middle Africa,Cameroon,Extreme-Nord,Violence against civilians,Abduction/forced disappearance,5,0,27959,Political violence,3756,11.4565,14.792
2024-12-07,Middle Africa,Cameroon,Extreme-Nord,Violence against civilians,Abduction/forced disappearance,10,0,51266,Political violence,3756,11.4565,14.792
2024-12-14,Middle Africa,Cameroon,Extreme-Nord,Violence against civilians,Abduction/forced disappearance,4,0,10651,Political violence,3756,11.4565,14.792
2024-12-21,Middle Africa,Cameroon,Extreme-Nord,Violence against civilians,Abduction/forced disappearance,9,0,45459,Political violence,3756,11.4565,14.792
2024-12-28,Middle Africa,Cameroon,Extreme-Nord,Violence against civilians,Abduction/forced disappearance,2,0,11911,Political violence,3756,11.4565,14.792
2025-01-04,Middle Africa,Cameroon,Extreme-Nord,Violence against civilians,Abduction/forced disappearance,10,0,63176,Political violence,3756,11.4565,14.792
2025-01-11,Middle Africa,Cameroon,Extreme-Nord,Violence against civilians,Abduction/forced disappearance,6,0,24158,Political violence,3756,11.4565,14.792
2025-01-18,Middle Africa,Cameroon,Extreme-Nord,Violence against civilians,Abduction/forced disappearance,8,0,34692,Political violence,3756,11.4565,14.792
2025-01-25,Middle Africa,Cameroon,Extreme-Nord,Violence against civilians,Abduction/forced disappearance,11,0,26399,Political violence,3756,11.4565,14.792
2025-02-01,Middle Africa,Cameroon,Extreme-Nord,Violence against civilians,Abduction/forced disappearance,3,0,11430,Political violence,3756,11.4565,14.792
2025-02-08,Middle Africa,Cameroon,Extreme-Nord,Violence against civilians,Abduction/forced disappearance,2,0,2394,Political violence,3756,11.4565,14.792
2025-02-15,Middle Africa,Cameroon,Extreme-Nord,Violence against civilians,Abduction/forced disappearance,4,0,24610,Political violence,3756,11.4565,14.792
2025-02-22,Middle Africa,Cameroon,Extreme-Nord,Violence against civilians,Abduction/forced disappearance,3,0,17629,Political violence,3756,11.4565,14.792
2025-03-01,Middle Africa,Cameroon,Extreme-Nord,Violence against civilians,Abduction/forced disappearance,6,0,18719,Political violence,3756,11.4565,14.792
2025-03-08,Middle Africa,Cameroon,Extreme-Nord,Violence against civilians,Abduction/forced disappearance,1,0,2730,Political violence,3756,11.4565,14.792
2025-03-15,Middle Africa,Cameroon,Extreme-Nord,Violence against civilians,Abduction/forced disappearance,2,0,916,Political violence,3756,11.4565,14.792
2025-03-22,Middle Africa,Cameroon,Extreme-Nord,Violence against civilians,Abduction/forced disappearance,2,0,3734,Political violence,3756,11.4565,14.792
2025-03-29,Middle Africa,Cameroon,Extreme-Nord,Violence against civilians,Abduction/forced disappearance,5,0,21738,Political violence,3756,11.4565,14.792
2025-04-05,Middle Africa,Cameroon,Extreme-Nord,Violence against civilians,Abduction/forced disappearance,2,0,5028,Political violence,3756,11.4565,14.792
2025-04-12,Middle Africa,Cameroon,Extreme-Nord,Violence against civilians,Abduction/forced disappearance,1,0,5602,Political violence,3756,11.4565,14.792
2025-04-19,Middle Africa,Cameroon,Extreme-Nord,Violence against civilians,Abduction/forced disappearance,1,0,9887,Political violence,3756,11.4565,14.792
2025-04-26,Middle Africa,Cameroon,Extreme-Nord,Violence against civilians,Abduction/forced disappearance,1,0,2318,Political violence,3756,11.4565,14.792
2025-05-03,Middle Africa,Cameroon,Extreme-Nord,Violence against civilians,Abduction/forced disappearance,5,0,66700,Political violence,3756,11.4565,14.792
2025-05-10,Middle Africa,Cameroon,Extreme-Nord,Violence against civilians,Abduction/forced disappearance,2,0,7609,Political violence,3756,11.4565,14.792
2025-05-17,Middle Africa,Cameroon,Extreme-Nord,Violence against civilians,Abduction/forced disappearance,7,0,68536,Political violence,3756,11.4565,14.792
2025-05-24,Middle Africa,Cameroon,Extreme-Nord,Violence against civilians,Abduction/forced disappearance,5,0,26266,Political violence,3756,11.4565,14.792
2025-05-31,Middle Africa,Cameroon,Extreme-Nord,Violence against civilians,Abduction/forced disappearance,1,0,10685,Political violence,3756,11.4565,14.792
2025-06-07,Middle Africa,Cameroon,Extreme-Nord,Violence against civilians,Abduction/forced disappearance,20,0,70014,Political violence,3756,11.4565,14.792
2025-06-14,Middle Africa,Cameroon,Extreme-Nord,Violence against civilians,Abduction/forced disappearance,11,0,40036,Political violence,3756,11.4565,14.792
2025-06-21,Middle Africa,Cameroon,Extreme-Nord,Violence against civilians,Abduction/forced disappearance,6,0,35966,Political violence,3756,11.4565,14.792
2025-06-28,Middle Africa,Cameroon,Extreme-Nord,Violence against civilians,Abduction/forced disappearance,10,0,86055,Political violence,3756,11.4565,14.792
2025-07-05,Middle Africa,Cameroon,Extreme-Nord,Violence against civilians,Abduction/forced disappearance,5,0,30451,Political violence,3756,11.4565,14.792
2025-07-12,Middle Africa,Cameroon,Extreme-Nord,Violence against civilians,Abduction/forced disappearance,13,0,56538,Political violence,3756,11.4565,14.792
2025-07-19,Middle Africa,Cameroon,Extreme-Nord,Violence against civilians,Abduction/forced disappearance,5,0,21595,Political violence,3756,11.4565,14.792
2025-07-26,Middle Africa,Cameroon,Extreme-Nord,Violence against civilians,Abduction/forced disappearance,6,0,16320,Political violence,3756,11.4565,14.792
2025-08-02,Middle Africa,Cameroon,Extreme-Nord,Violence against civilians,Abduction/forced disappearance,10,0,31852,Political violence,3756,11.4565,14.792
2025-08-09,Middle Africa,Cameroon,Extreme-Nord,Violence against civilians,Abduction/forced disappearance,14,0,89373,Political violence,3756,11.4565,14.792
2025-08-16,Middle Africa,Cameroon,Extreme-Nord,Violence against civilians,Abduction/forced disappearance,10,0,33219,Political violence,3756,11.4565,14.792
2025-08-23,Middle Africa,Cameroon,Extreme-Nord,Violence against civilians,Abduction/forced disappearance,1,0,10606,Political violence,3756,11.4565,14.792
2025-08-30,Middle Africa,Cameroon,Extreme-Nord,Violence against civilians,Abduction/forced disappearance,5,0,66953,Political violence,3756,11.4565,14.792
2025-09-06,Middle Africa,Cameroon,Extreme-Nord,Violence against civilians,Abduction/forced disappearance,5,0,60482,Political violence,3756,11.4565,14.792
2025-09-13,Middle Africa,Cameroon,Extreme-Nord,Violence against civilians,Abduction/forced disappearance,11,0,20483,Political violence,3756,11.4565,14.792
2025-09-20,Middle Africa,Cameroon,Extreme-Nord,Violence against civilians,Abduction/forced disappearance,14,0,43736,Political violence,3756,11.4565,14.792
2025-09-27,Middle Africa,Cameroon,Extreme-Nord,Violence against civilians,Abduction/forced disappearance,4,0,6866,Political violence,3756,11.4565,14.792
2025-10-04,Middle Africa,Cameroon,Extreme-Nord,Violence against civilians,Abduction/forced disappearance,4,0,10879,Political violence,3756,11.4565,14.792
2025-10-11,Middle Africa,Cameroon,Extreme-Nord,Violence against civilians,Abduction/forced disappearance,18,0,86453,Political violence,3756,11.4565,14.792
2025-10-18,Middle Africa,Cameroon,Extreme-Nord,Violence against civilians,Abduction/forced disappearance,3,0,6275,Political violence,3756,11.4565,14.792
2025-10-25,Middle Africa,Cameroon,Extreme-Nord,Violence against civilians,Abduction/forced disappearance,6,0,63780,Political violence,3756,11.4565,14.792
2025-11-01,Middle Africa,Cameroon,Extreme-Nord,Violence against civilians,Abduction/forced disappearance,15,0,229658,Political violence,3756,11.4565,14.792
2025-11-08,Middle Africa,Cameroon,Extreme-Nord,Violence against civilians,Abduction/forced disappearance,6,0,15187,Political violence,3756,11.4565,14.792
2025-11-15,Middle Africa,Cameroon,Extreme-Nord,Violence against civilians,Abduction/forced disappearance,7,0,30175,Political violence,3756,11.4565,14.792
2025-11-22,Middle Africa,Cameroon,Extreme-Nord,Violence against civilians,Abduction/forced disappearance,11,0,72946,Political violence,3756,11.4565,14.792
2025-12-06,Middle Africa,Cameroon,Extreme-Nord,Violence against civilians,Abduction/forced disappearance,5,0,8982,Political violence,3756,11.4565,14.792
2025-12-13,Middle Africa,Cameroon,Extreme-Nord,Violence against civilians,Abduction/forced disappearance,2,0,9328,Political violence,3756,11.4565,14.792
2025-12-20,Middle Africa,Cameroon,Extreme-Nord,Violence against civilians,Abduction/forced disappearance,7,0,95924,Political violence,3756,11.4565,14.792
2025-12-27,Middle Africa,Cameroon,Extreme-Nord,Violence against civilians,Abduction/forced disappearance,7,0,39119,Political violence,3756,11.4565,14.792
2026-01-03,Middle Africa,Cameroon,Extreme-Nord,Violence against civilians,Abduction/forced disappearance,2,0,6245,Political violence,3756,11.4565,14.792
2026-01-10,Middle Africa,Cameroon,Extreme-Nord,Violence against civilians,Abduction/forced disappearance,8,0,63855,Political violence,3756,11.4565,14.792
2026-01-17,Middle Africa,Cameroon,Extreme-Nord,Violence against civilians,Abduction/forced disappearance,4,0,15891,Political violence,3756,11.4565,14.792
2026-01-24,Middle Africa,Cameroon,Extreme-Nord,Violence against civilians,Abduction/forced disappearance,9,0,55830,Political violence,3756,11.4565,14.792
2026-01-31,Middle Africa,Cameroon,Extreme-Nord,Violence against civilians,Abduction/forced disappearance,6,0,34733,Political violence,3756,11.4565,14.792
2026-02-07,Middle Africa,Cameroon,Extreme-Nord,Violence against civilians,Abduction/forced disappearance,5,0,18839,Political violence,3756,11.4565,14.792
2026-02-14,Middle Africa,Cameroon,Extreme-Nord,Violence against civilians,Abduction/forced disappearance,14,0,109105,Political violence,3756,11.4565,14.792
2026-02-21,Middle Africa,Cameroon,Extreme-Nord,Violence against civilians,Abduction/forced disappearance,5,0,34713,Political violence,3756,11.4565,14.792
2026-02-28,Middle Africa,Cameroon,Extreme-Nord,Violence against civilians,Abduction/forced disappearance,3,0,18433,Political violence,3756,11.4565,14.792
2026-03-07,Middle Africa,Cameroon,Extreme-Nord,Violence against civilians,Abduction/forced disappearance,6,0,14742,Political violence,3756,11.4565,14.792
2026-03-14,Middle Africa,Cameroon,Extreme-Nord,Violence against civilians,Abduction/forced disappearance,6,0,27166,Political violence,3756,11.4565,14.792
2026-03-28,Middle Africa,Cameroon,Extreme-Nord,Violence against civilians,Abduction/forced disappearance,9,0,34476,Political violence,3756,11.4565,14.792
2026-04-04,Middle Africa,Cameroon,Extreme-Nord,Violence against civilians,Abduction/forced disappearance,4,0,63777,Political violence,3756,11.4565,14.792
2026-04-11,Middle Africa,Cameroon,Extreme-Nord,Violence against civilians,Abduction/forced disappearance,3,0,54980,Political violence,3756,11.4565,14.792
2026-04-18,Middle Africa,Cameroon,Extreme-Nord,Violence against civilians,Abduction/forced disappearance,2,0,2951,Political violence,3756,11.4565,14.792
2026-04-25,Middle Africa,Cameroon,Extreme-Nord,Violence against civilians,Abduction/forced disappearance,8,0,36228,Political violence,3756,11.4565,14.792
2026-05-02,Middle Africa,Cameroon,Extreme-Nord,Violence against civilians,Abduction/forced disappearance,7,0,20616,Political violence,3756,11.4565,14.792
2026-05-09,Middle Africa,Cameroon,Extreme-Nord,Violence against civilians,Abduction/forced disappearance,8,0,73615,Political violence,3756,11.4565,14.792
2026-05-16,Middle Africa,Cameroon,Extreme-Nord,Violence against civilians,Abduction/forced disappearance,6,0,63157,Political violence,3756,11.4565,14.792
2026-05-23,Middle Africa,Cameroon,Extreme-Nord,Violence against civilians,Abduction/forced disappearance,3,0,11962,Political violence,3756,11.4565,14.792
2026-05-30,Middle Africa,Cameroon,Extreme-Nord,Violence against civilians,Abduction/forced disappearance,11,0,85348,Political violence,3756,11.4565,14.792
2026-06-06,Middle Africa,Cameroon,Extreme-Nord,Violence against civilians,Abduction/forced disappearance,7,0,32170,Political violence,3756,11.4565,14.792
2026-06-13,Middle Africa,Cameroon,Extreme-Nord,Violence against civilians,Abduction/forced disappearance,3,0,20369,Political violence,3756,11.4565,14.792
2026-06-20,Middle Africa,Cameroon,Extreme-Nord,Violence against civilians,Abduction/forced disappearance,8,0,29345,Political violence,3756,11.4565,14.792
2026-06-27,Middle Africa,Cameroon,Extreme-Nord,Violence against civilians,Abduction/forced disappearance,5,0,38368,Political violence,3756,11.4565,14.792
2026-07-04,Middle Africa,Cameroon,Extreme-Nord,Violence against civilians,Abduction/forced disappearance,9,0,28047,Political violence,3756,11.4565,14.792
2026-07-11,Middle Africa,Cameroon,Extreme-Nord,Violence against civilians,Abduction/forced disappearance,10,0,212333,Political violence,3756,11.4565,14.792
2026-07-18,Middle Africa,Cameroon,Extreme-Nord,Violence against civilians,Abduction/forced disappearance,7,0,33420,Political violence,3756,11.4565,14.792
2026-07-25,Middle Africa,Cameroon,Extreme-Nord,Violence against civilians,Abduction/forced disappearance,8,0,88197,Political violence,3756,11.4565,14.792
2026-08-01,Middle Africa,Cameroon,Extreme-Nord,Violence against civilians,Abduction/forced disappearance,1,0,9461,Political violence,3756,11.4565,14.792
2026-08-08,Middle Africa,Cameroon,Extreme-Nord,Violence against civilians,Abduction/forced disappearance,9,0,34118,Political violence,3756,11.4565,14.792
2026-08-15,Middle Africa,Cameroon,Extreme-Nord,Violence against civilians,Abduction/forced disappearance,11,0,5917,Political violence,3756,11.4565,14.792
2026-08-22,Middle Africa,Cameroon,Extreme-Nord,Violence against civilians,Abduction/forced disappearance,11,0,7168,Political violence,3756,11.4565,14.792
2026-08-29,Middle Africa,Cameroon,Extreme-Nord,Violence against civilians,Abduction/forced disappearance,8,0,,Political violence,3756,11.4565,14.792
2020-01-04,Middle Africa,Cameroon,Extreme-Nord,Violence against civilians,Attack,5,9,75235,Political violence,3756,11.4565,14.792
2020-01-11,Middle Africa,Cameroon,Extreme-Nord,Violence against civilians,Attack,4,2,8509,Political violence,3756,11.4565,14.792
2020-01-18,Middle Africa,Cameroon,Extreme-Nord,Violence against civilians,Attack,3,7,12555,Political violence,3756,11.4565,14.792
2020-01-25,Middle Africa,Cameroon,Extreme-Nord,Violence against civilians,Attack,4,2,75716,Political violence,3756,11.4565,14.792
2020-02-01,Middle Africa,Cameroon,Extreme-Nord,Violence against civilians,Attack,3,1,102965,Political violence,3756,11.4565,14.792
2020-02-08,Middle Africa,Cameroon,Extreme-Nord,Violence against civilians,Attack,9,17,164008,Political violence,3756,11.4565,14.792
2020-02-15,Middle Africa,Cameroon,Extreme-Nord,Violence against civilians,Attack,7,11,48406,Political violence,3756,11.4565,14.792
2020-02-22,Middle Africa,Cameroon,Extreme-Nord,Violence against civilians,Attack,5,6,16674,Political violence,3756,11.4565,14.792
2020-02-29,Middle Africa,Cameroon,Extreme-Nord,Violence against civilians,Attack,12,3,81898,Political violence,3756,11.4565,14.792
2020-03-07,Middle Africa,Cameroon,Extreme-Nord,Violence against civilians,Attack,3,2,107268,Political violence,3756,11.4565,14.792
2020-03-14,Middle Africa,Cameroon,Extreme-Nord,Violence against civilians,Attack,3,0,20868,Political violence,3756,11.4565,14.792
2020-03-21,Middle Africa,Cameroon,Extreme-Nord,Violence against civilians,Attack,3,10,51426,Political violence,3756,11.4565,14.792
2020-03-28,Middle Africa,Cameroon,Extreme-Nord,Violence against civilians,Attack,5,1,34906,Political violence,3756,11.4565,14.792
2020-04-04,Middle Africa,Cameroon,Extreme-Nord,Violence against civilians,Attack,5,6,142410,Political violence,3756,11.4565,14.792
2020-04-11,Middle Africa,Cameroon,Extreme-Nord,Violence against civilians,Attack,3,2,17147,Political violence,3756,11.4565,14.792
2020-04-18,Middle Africa,Cameroon,Extreme-Nord,Violence against civilians,Attack,6,8,126819,Political violence,3756,11.4565,14.792
2020-05-02,Middle Africa,Cameroon,Extreme-Nord,Violence against civilians,Attack,3,0,20011,Political violence,3756,11.4565,14.792
2020-05-09,Middle Africa,Cameroon,Extreme-Nord,Violence against civilians,Attack,2,5,101013,Political violence,3756,11.4565,14.792
2020-05-16,Middle Africa,Cameroon,Extreme-Nord,Violence against civilians,Attack,6,2,353103,Political violence,3756,11.4565,14.792
2020-05-23,Middle Africa,Cameroon,Extreme-Nord,Violence against civilians,Attack,1,0,78622,Political violence,3756,11.4565,14.792
2020-05-30,Middle Africa,Cameroon,Extreme-Nord,Violence against civilians,Attack,4,3,43442,Political violence,3756,11.4565,14.792
2020-06-06,Middle Africa,Cameroon,Extreme-Nord,Violence against civilians,Attack,4,1,32920,Political violence,3756,11.4565,14.792
2020-06-13,Middle Africa,Cameroon,Extreme-Nord,Violence against civilians,Attack,3,5,354099,Political violence,3756,11.4565,14.792
2020-06-20,Middle Africa,Cameroon,Extreme-Nord,Violence against civilians,Attack,3,3,101681,Political violence,3756,11.4565,14.792
2020-06-27,Middle Africa,Cameroon,Extreme-Nord,Violence against civilians,Attack,3,3,360532,Political violence,3756,11.4565,14.792
2020-07-04,Middle Africa,Cameroon,Extreme-Nord,Violence against civilians,Attack,4,3,39269,Political violence,3756,11.4565,14.792
2020-07-11,Middle Africa,Cameroon,Extreme-Nord,Violence against civilians,Attack,3,1,19992,Political violence,3756,11.4565,14.792
2020-07-18,Middle Africa,Cameroon,Extreme-Nord,Violence against civilians,Attack,2,1,9588,Political violence,3756,11.4565,14.792
2020-07-25,Middle Africa,Cameroon,Extreme-Nord,Violence against civilians,Attack,6,2,30952,Political violence,3756,11.4565,14.792
2020-08-01,Middle Africa,Cameroon,Extreme-Nord,Violence against civilians,Attack,3,1,27309,Political violence,3756,11.4565,14.792
2020-08-08,Middle Africa,Cameroon,Extreme-Nord,Violence against civilians,Attack,4,2,75699,Political violence,3756,11.4565,14.792
2020-08-15,Middle Africa,Cameroon,Extreme-Nord,Violence against civilians,Attack,1,1,1048,Political violence,3756,11.4565,14.792
2020-08-22,Middle Africa,Cameroon,Extreme-Nord,Violence against civilians,Attack,4,3,21003,Political violence,3756,11.4565,14.792
2020-08-29,Middle Africa,Cameroon,Extreme-Nord,Violence against civilians,Attack,4,2,57454,Political violence,3756,11.4565,14.792
2020-09-05,Middle Africa,Cameroon,Extreme-Nord,Violence against civilians,Attack,3,2,29031,Political violence,3756,11.4565,14.792
2020-09-12,Middle Africa,Cameroon,Extreme-Nord,Violence against civilians,Attack,5,8,23322,Political violence,3756,11.4565,14.792
2020-09-19,Middle Africa,Cameroon,Extreme-Nord,Violence against civilians,Attack,7,7,80145,Political violence,3756,11.4565,14.792
2020-09-26,Middle Africa,Cameroon,Extreme-Nord,Violence against civilians,Attack,4,3,65876,Political violence,3756,11.4565,14.792
2020-10-03,Middle Africa,Cameroon,Extreme-Nord,Violence against civilians,Attack,2,1,16040,Political violence,3756,11.4565,14.792
2020-10-10,Middle Africa,Cameroon,Extreme-Nord,Violence against civilians,Attack,4,6,68158,Political violence,3756,11.4565,14.792
2020-10-17,Middle Africa,Cameroon,Extreme-Nord,Violence against civilians,Attack,1,1,106140,Political violence,3756,11.4565,14.792
2020-10-24,Middle Africa,Cameroon,Extreme-Nord,Violence against civilians,Attack,8,8,75085,Political violence,3756,11.4565,14.792
2020-10-31,Middle Africa,Cameroon,Extreme-Nord,Violence against civilians,Attack,4,1,55983,Political violence,3756,11.4565,14.792
2020-11-07,Middle Africa,Cameroon,Extreme-Nord,Violence against civilians,Attack,4,5,12985,Political violence,3756,11.4565,14.792
2020-11-14,Middle Africa,Cameroon,Extreme-Nord,Violence against civilians,Attack,4,8,62298,Political violence,3756,11.4565,14.792
2020-11-21,Middle Africa,Cameroon,Extreme-Nord,Violence against civilians,Attack,6,6,58672,Political violence,3756,11.4565,14.792
2020-11-28,Middle Africa,Cameroon,Extreme-Nord,Violence against civilians,Attack,8,7,169852,Political violence,3756,11.4565,14.792
2020-12-05,Middle Africa,Cameroon,Extreme-Nord,Violence against civilians,Attack,2,0,3353,Political violence,3756,11.4565,14.792
2020-12-12,Middle Africa,Cameroon,Extreme-Nord,Violence against civilians,Attack,5,4,61314,Political violence,3756,11.4565,14.792
2020-12-19,Middle Africa,Cameroon,Extreme-Nord,Violence against civilians,Attack,3,14,25293,Political violence,3756,11.4565,14.792
2020-12-26,Middle Africa,Cameroon,Extreme-Nord,Violence against civilians,Attack,3,5,55173,Political violence,3756,11.4565,14.792
2021-01-02,Middle Africa,Cameroon,Extreme-Nord,Violence against civilians,Attack,2,1,28758,Political violence,3756,11.4565,14.792
2021-01-09,Middle Africa,Cameroon,Extreme-Nord,Violence against civilians,Attack,1,1,11350,Political violence,3756,11.4565,14.792
2021-01-16,Middle Africa,Cameroon,Extreme-Nord,Violence against civilians,Attack,2,1,30648,Political violence,3756,11.4565,14.792
2021-01-23,Middle Africa,Cameroon,Extreme-Nord,Violence against civilians,Attack,1,2,8803,Political violence,3756,11.4565,14.792
2021-01-30,Middle Africa,Cameroon,Extreme-Nord,Violence against civilians,Attack,3,4,52172,Political violence,3756,11.4565,14.792
2021-02-06,Middle Africa,Cameroon,Extreme-Nord,Violence against civilians,Attack,2,3,24135,Political violence,3756,11.4565,14.792
2021-02-13,Middle Africa,Cameroon,Extreme-Nord,Violence against civilians,Attack,2,0,39990,Political violence,3756,11.4565,14.792
2021-02-20,Middle Africa,Cameroon,Extreme-Nord,Violence against civilians,Attack,8,12,89574,Political violence,3756,11.4565,14.792
2021-02-27,Middle Africa,Cameroon,Extreme-Nord,Violence against civilians,Attack,9,8,295344,Political violence,3756,11.4565,14.792
2021-03-06,Middle Africa,Cameroon,Extreme-Nord,Violence against civilians,Attack,7,4,430840,Political violence,3756,11.4565,14.792
2021-03-13,Middle Africa,Cameroon,Extreme-Nord,Violence against civilians,Attack,2,2,28648,Political violence,3756,11.4565,14.792
2021-03-20,Middle Africa,Cameroon,Extreme-Nord,Violence against civilians,Attack,8,12,277325,Political violence,3756,11.4565,14.792
2021-03-27,Middle Africa,Cameroon,Extreme-Nord,Violence against civilians,Attack,2,3,43192,Political violence,3756,11.4565,14.792
2021-04-03,Middle Africa,Cameroon,Extreme-Nord,Violence against civilians,Attack,4,6,112004,Political violence,3756,11.4565,14.792
2021-04-10,Middle Africa,Cameroon,Extreme-Nord,Violence against civilians,Attack,1,3,2022,Political violence,3756,11.4565,14.792
2021-04-17,Middle Africa,Cameroon,Extreme-Nord,Violence against civilians,Attack,2,1,46330,Political violence,3756,11.4565,14.792
2021-04-24,Middle Africa,Cameroon,Extreme-Nord,Violence against civilians,Attack,4,1,16534,Political violence,3756,11.4565,14.792
2021-05-01,Middle Africa,Cameroon,Extreme-Nord,Violence against civilians,Attack,1,1,654,Political violence,3756,11.4565,14.792
2021-05-08,Middle Africa,Cameroon,Extreme-Nord,Violence against civilians,Attack,3,2,28968,Political violence,3756,11.4565,14.792
2021-05-15,Middle Africa,Cameroon,Extreme-Nord,Violence against civilians,Attack,4,4,46731,Political violence,3756,11.4565,14.792
2021-05-22,Middle Africa,Cameroon,Extreme-Nord,Violence against civilians,Attack,1,1,11670,Political violence,3756,11.4565,14.792
2021-06-26,Middle Africa,Cameroon,Extreme-Nord,Violence against civilians,Attack,1,1,42558,Political violence,3756,11.4565,14.792
2021-07-03,Middle Africa,Cameroon,Extreme-Nord,Violence against civilians,Attack,1,0,9813,Political violence,3756,11.4565,14.792
2021-08-21,Middle Africa,Cameroon,Extreme-Nord,Violence against civilians,Attack,2,4,56576,Political violence,3756,11.4565,14.792
2021-08-28,Middle Africa,Cameroon,Extreme-Nord,Violence against civilians,Attack,3,1,16603,Political violence,3756,11.4565,14.792
2021-09-04,Middle Africa,Cameroon,Extreme-Nord,Violence against civilians,Attack,2,1,54296,Political violence,3756,11.4565,14.792
2021-09-11,Middle Africa,Cameroon,Extreme-Nord,Violence against civilians,Attack,3,9,98817,Political violence,3756,11.4565,14.792
2021-09-18,Middle Africa,Cameroon,Extreme-Nord,Violence against civilians,Attack,2,2,29408,Political violence,3756,11.4565,14.792
2021-09-25,Middle Africa,Cameroon,Extreme-Nord,Violence against civilians,Attack,2,1,6733,Political violence,3756,11.4565,14.792
2021-10-02,Middle Africa,Cameroon,Extreme-Nord,Violence against civilians,Attack,4,15,11910,Political violence,3756,11.4565,14.792
2021-10-16,Middle Africa,Cameroon,Extreme-Nord,Violence against civilians,Attack,1,0,10408,Political violence,3756,11.4565,14.792
2021-10-23,Middle Africa,Cameroon,Extreme-Nord,Violence against civilians,Attack,2,0,12998,Political violence,3756,11.4565,14.792
2021-10-30,Middle Africa,Cameroon,Extreme-Nord,Violence against civilians,Attack,1,2,3512,Political violence,3756,11.4565,14.792
2021-11-06,Middle Africa,Cameroon,Extreme-Nord,Violence against civilians,Attack,4,11,48638,Political violence,3756,11.4565,14.792
2021-11-13,Middle Africa,Cameroon,Extreme-Nord,Violence against civilians,Attack,1,1,29408,Political violence,3756,11.4565,14.792
2021-12-04,Middle Africa,Cameroon,Extreme-Nord,Violence against civilians,Attack,2,3,17126,Political violence,3756,11.4565,14.792
2021-12-11,Middle Africa,Cameroon,Extreme-Nord,Violence against civilians,Attack,3,8,20974,Political violence,3756,11.4565,14.792
2021-12-25,Middle Africa,Cameroon,Extreme-Nord,Violence against civilians,Attack,2,5,45272,Political violence,3756,11.4565,14.792
2022-01-15,Middle Africa,Cameroon,Extreme-Nord,Violence against civilians,Attack,2,2,35259,Political violence,3756,11.4565,14.792
2022-01-22,Middle Africa,Cameroon,Extreme-Nord,Violence against civilians,Attack,1,1,9895,Political violence,3756,11.4565,14.792
2022-02-05,Middle Africa,Cameroon,Extreme-Nord,Violence against civilians,Attack,3,1,22068,Political violence,3756,11.4565,14.792
2022-02-12,Middle Africa,Cameroon,Extreme-Nord,Violence against civilians,Attack,5,10,28406,Political violence,3756,11.4565,14.792
2022-02-19,Middle Africa,Cameroon,Extreme-Nord,Violence against civilians,Attack,2,2,65943,Political violence,3756,11.4565,14.792
2022-02-26,Middle Africa,Cameroon,Extreme-Nord,Violence against civilians,Attack,1,0,19464,Political violence,3756,11.4565,14.792
2022-03-05,Middle Africa,Cameroon,Extreme-Nord,Violence against civilians,Attack,3,1,15146,Political violence,3756,11.4565,14.792
2022-03-12,Middle Africa,Cameroon,Extreme-Nord,Violence against civilians,Attack,4,5,32557,Political violence,3756,11.4565,14.792
2022-03-19,Middle Africa,Cameroon,Extreme-Nord,Violence against civilians,Attack,1,2,5547,Political violence,3756,11.4565,14.792
2022-04-02,Middle Africa,Cameroon,Extreme-Nord,Violence against civilians,Attack,2,2,84621,Political violence,3756,11.4565,14.792
2022-04-09,Middle Africa,Cameroon,Extreme-Nord,Violence against civilians,Attack,4,4,197842,Political violence,3756,11.4565,14.792
2022-04-16,Middle Africa,Cameroon,Extreme-Nord,Violence against civilians,Attack,3,4,38151,Political violence,3756,11.4565,14.792
2022-04-23,Middle Africa,Cameroon,Extreme-Nord,Violence against civilians,Attack,3,3,58889,Political violence,3756,11.4565,14.792
2022-04-30,Middle Africa,Cameroon,Extreme-Nord,Violence against civilians,Attack,1,1,355024,Political violence,3756,11.4565,14.792
2022-05-07,Middle Africa,Cameroon,Extreme-Nord,Violence against civilians,Attack,2,1,29264,Political violence,3756,11.4565,14.792
2022-05-21,Middle Africa,Cameroon,Extreme-Nord,Violence against civilians,Attack,7,18,85129,Political violence,3756,11.4565,14.792
2022-05-28,Middle Africa,Cameroon,Extreme-Nord,Violence against civilians,Attack,1,0,19464,Political violence,3756,11.4565,14.792
2022-06-04,Middle Africa,Cameroon,Extreme-Nord,Violence against civilians,Attack,4,8,108005,Political violence,3756,11.4565,14.792
2022-06-11,Middle Africa,Cameroon,Extreme-Nord,Violence against civilians,Attack,6,15,253776,Political violence,3756,11.4565,14.792
2022-06-18,Middle Africa,Cameroon,Extreme-Nord,Violence against civilians,Attack,4,3,33183,Political violence,3756,11.4565,14.792
2022-06-25,Middle Africa,Cameroon,Extreme-Nord,Violence against civilians,Attack,1,1,11145,Political violence,3756,11.4565,14.792
2022-07-02,Middle Africa,Cameroon,Extreme-Nord,Violence against civilians,Attack,2,4,114887,Political violence,3756,11.4565,14.792
2022-07-09,Middle Africa,Cameroon,Extreme-Nord,Violence against civilians,Attack,2,6,51660,Political violence,3756,11.4565,14.792
2022-07-16,Middle Africa,Cameroon,Extreme-Nord,Violence against civilians,Attack,1,4,49584,Political violence,3756,11.4565,14.792
2022-07-23,Middle Africa,Cameroon,Extreme-Nord,Violence against civilians,Attack,3,6,139169,Political violence,3756,11.4565,14.792
2022-07-30,Middle Africa,Cameroon,Extreme-Nord,Violence against civilians,Attack,2,3,7849,Political violence,3756,11.4565,14.792
2022-08-06,Middle Africa,Cameroon,Extreme-Nord,Violence against civilians,Attack,10,15,407752,Political violence,3756,11.4565,14.792
2022-08-13,Middle Africa,Cameroon,Extreme-Nord,Violence against civilians,Attack,5,4,38858,Political violence,3756,11.4565,14.792
2022-08-20,Middle Africa,Cameroon,Extreme-Nord,Violence against civilians,Attack,4,4,81458,Political violence,3756,11.4565,14.792
2022-09-03,Middle Africa,Cameroon,Extreme-Nord,Violence against civilians,Attack,3,1,14381,Political violence,3756,11.4565,14.792
2022-09-10,Middle Africa,Cameroon,Extreme-Nord,Violence against civilians,Attack,1,2,17695,Political violence,3756,11.4565,14.792
2022-09-17,Middle Africa,Cameroon,Extreme-Nord,Violence against civilians,Attack,3,3,138595,Political violence,3756,11.4565,14.792
2022-09-24,Middle Africa,Cameroon,Extreme-Nord,Violence against civilians,Attack,7,10,157923,Political violence,3756,11.4565,14.792
2022-10-01,Middle Africa,Cameroon,Extreme-Nord,Violence against civilians,Attack,2,0,11612,Political violence,3756,11.4565,14.792
2022-10-08,Middle Africa,Cameroon,Extreme-Nord,Violence against civilians,Attack,7,10,279584,Political violence,3756,11.4565,14.792
2022-10-15,Middle Africa,Cameroon,Extreme-Nord,Violence against civilians,Attack,3,3,121047,Political violence,3756,11.4565,14.792
2022-10-22,Middle Africa,Cameroon,Extreme-Nord,Violence against civilians,Attack,2,1,21682,Political violence,3756,11.4565,14.792
2022-10-29,Middle Africa,Cameroon,Extreme-Nord,Violence against civilians,Attack,1,4,4792,Political violence,3756,11.4565,14.792
2022-11-12,Middle Africa,Cameroon,Extreme-Nord,Violence against civilians,Attack,2,2,52547,Political violence,3756,11.4565,14.792
2022-11-19,Middle Africa,Cameroon,Extreme-Nord,Violence against civilians,Attack,3,3,13013,Political violence,3756,11.4565,14.792
2022-12-03,Middle Africa,Cameroon,Extreme-Nord,Violence against civilians,Attack,4,1,125702,Political violence,3756,11.4565,14.792
2022-12-10,Middle Africa,Cameroon,Extreme-Nord,Violence against civilians,Attack,5,2,56024,Political violence,3756,11.4565,14.792
2022-12-17,Middle Africa,Cameroon,Extreme-Nord,Violence against civilians,Attack,9,5,82351,Political violence,3756,11.4565,14.792
2022-12-31,Middle Africa,Cameroon,Extreme-Nord,Violence against civilians,Attack,2,1,15954,Political violence,3756,11.4565,14.792
2023-01-07,Middle Africa,Cameroon,Extreme-Nord,Violence against civilians,Attack,5,3,242676,Political violence,3756,11.4565,14.792
2023-01-14,Middle Africa,Cameroon,Extreme-Nord,Violence against civilians,Attack,3,4,135894,Political violence,3756,11.4565,14.792
2023-01-28,Middle Africa,Cameroon,Extreme-Nord,Violence against civilians,Attack,3,14,58473,Political violence,3756,11.4565,14.792
2023-02-04,Middle Africa,Cameroon,Extreme-Nord,Violence against civilians,Attack,3,10,20558,Political violence,3756,11.4565,14.792
2023-02-11,Middle Africa,Cameroon,Extreme-Nord,Violence against civilians,Attack,3,2,18152,Political violence,3756,11.4565,14.792
2023-02-18,Middle Africa,Cameroon,Extreme-Nord,Violence against civilians,Attack,2,2,7567,Political violence,3756,11.4565,14.792
2023-02-25,Middle Africa,Cameroon,Extreme-Nord,Violence against civilians,Attack,5,4,204994,Political violence,3756,11.4565,14.792
2023-03-04,Middle Africa,Cameroon,Extreme-Nord,Violence against civilians,Attack,3,8,6984,Political violence,3756,11.4565,14.792
2023-03-11,Middle Africa,Cameroon,Extreme-Nord,Violence against civilians,Attack,1,1,5598,Political violence,3756,11.4565,14.792
2023-03-18,Middle Africa,Cameroon,Extreme-Nord,Violence against civilians,Attack,5,6,66276,Political violence,3756,11.4565,14.792
2023-04-01,Middle Africa,Cameroon,Extreme-Nord,Violence against civilians,Attack,5,1,34314,Political violence,3756,11.4565,14.792
2023-04-08,Middle Africa,Cameroon,Extreme-Nord,Violence against civilians,Attack,1,1,21029,Political violence,3756,11.4565,14.792
2023-04-15,Middle Africa,Cameroon,Extreme-Nord,Violence against civilians,Attack,4,3,24104,Political violence,3756,11.4565,14.792
2023-04-29,Middle Africa,Cameroon,Extreme-Nord,Violence against civilians,Attack,4,2,18422,Political violence,3756,11.4565,14.792
2023-05-06,Middle Africa,Cameroon,Extreme-Nord,Violence against civilians,Attack,1,0,3800,Political violence,3756,11.4565,14.792
2023-05-13,Middle Africa,Cameroon,Extreme-Nord,Violence against civilians,Attack,2,0,77315,Political violence,3756,11.4565,14.792
2023-05-20,Middle Africa,Cameroon,Extreme-Nord,Violence against civilians,Attack,1,1,5598,Political violence,3756,11.4565,14.792
2023-05-27,Middle Africa,Cameroon,Extreme-Nord,Violence against civilians,Attack,3,3,17525,Political violence,3756,11.4565,14.792
2023-06-03,Middle Africa,Cameroon,Extreme-Nord,Violence against civilians,Attack,3,1,20454,Political violence,3756,11.4565,14.792
2023-06-10,Middle Africa,Cameroon,Extreme-Nord,Violence against civilians,Attack,1,0,10915,Political violence,3756,11.4565,14.792
2023-06-17,Middle Africa,Cameroon,Extreme-Nord,Violence against civilians,Attack,3,3,47634,Political violence,3756,11.4565,14.792
2023-06-24,Middle Africa,Cameroon,Extreme-Nord,Violence against civilians,Attack,6,4,39967,Political violence,3756,11.4565,14.792
2023-07-01,Middle Africa,Cameroon,Extreme-Nord,Violence against civilians,Attack,4,2,19517,Political violence,3756,11.4565,14.792
2023-07-08,Middle Africa,Cameroon,Extreme-Nord,Violence against civilians,Attack,8,7,92243,Political violence,3756,11.4565,14.792
2023-07-15,Middle Africa,Cameroon,Extreme-Nord,Violence against civilians,Attack,9,10,348890,Political violence,3756,11.4565,14.792
2023-07-22,Middle Africa,Cameroon,Extreme-Nord,Violence against civilians,Attack,7,6,404968,Political violence,3756,11.4565,14.792
2023-07-29,Middle Africa,Cameroon,Extreme-Nord,Violence against civilians,Attack,13,34,153902,Political violence,3756,11.4565,14.792
2023-08-05,Middle Africa,Cameroon,Extreme-Nord,Violence against civilians,Attack,8,8,434170,Political violence,3756,11.4565,14.792
2023-08-12,Middle Africa,Cameroon,Extreme-Nord,Violence against civilians,Attack,4,4,10079,Political violence,3756,11.4565,14.792
2023-08-19,Middle Africa,Cameroon,Extreme-Nord,Violence against civilians,Attack,9,4,62881,Political violence,3756,11.4565,14.792
2023-08-26,Middle Africa,Cameroon,Extreme-Nord,Violence against civilians,Attack,4,4,42993,Political violence,3756,11.4565,14.792
2023-09-02,Middle Africa,Cameroon,Extreme-Nord,Violence against civilians,Attack,8,7,118021,Political violence,3756,11.4565,14.792
2023-09-09,Middle Africa,Cameroon,Extreme-Nord,Violence against civilians,Attack,9,5,47197,Political violence,3756,11.4565,14.792
2023-09-16,Middle Africa,Cameroon,Extreme-Nord,Violence against civilians,Attack,3,1,33704,Political violence,3756,11.4565,14.792
2023-09-23,Middle Africa,Cameroon,Extreme-Nord,Violence against civilians,Attack,6,3,55622,Political violence,3756,11.4565,14.792
2023-09-30,Middle Africa,Cameroon,Extreme-Nord,Violence against civilians,Attack,7,5,193705,Political violence,3756,11.4565,14.792
2023-10-07,Middle Africa,Cameroon,Extreme-Nord,Violence against civilians,Attack,1,1,1743,Political violence,3756,11.4565,14.792
2023-10-14,Middle Africa,Cameroon,Extreme-Nord,Violence against civilians,Attack,9,4,240094,Political violence,3756,11.4565,14.792
2023-10-21,Middle Africa,Cameroon,Extreme-Nord,Violence against civilians,Attack,2,1,29530,Political violence,3756,11.4565,14.792
2023-10-28,Middle Africa,Cameroon,Extreme-Nord,Violence against civilians,Attack,6,5,237540,Political violence,3756,11.4565,14.792
2023-11-04,Middle Africa,Cameroon,Extreme-Nord,Violence against civilians,Attack,3,2,117407,Political violence,3756,11.4565,14.792
2023-11-11,Middle Africa,Cameroon,Extreme-Nord,Violence against civilians,Attack,15,20,335753,Political violence,3756,11.4565,14.792
2023-11-18,Middle Africa,Cameroon,Extreme-Nord,Violence against civilians,Attack,6,6,51602,Political violence,3756,11.4565,14.792
2023-11-25,Middle Africa,Cameroon,Extreme-Nord,Violence against civilians,Attack,6,3,522035,Political violence,3756,11.4565,14.792
2023-12-02,Middle Africa,Cameroon,Extreme-Nord,Violence against civilians,Attack,9,3,404431,Political violence,3756,11.4565,14.792
2023-12-09,Middle Africa,Cameroon,Extreme-Nord,Violence against civilians,Attack,10,6,205643,Political violence,3756,11.4565,14.792
2023-12-16,Middle Africa,Cameroon,Extreme-Nord,Violence against civilians,Attack,17,32,98479,Political violence,3756,11.4565,14.792
2023-12-23,Middle Africa,Cameroon,Extreme-Nord,Violence against civilians,Attack,10,14,202570,Political violence,3756,11.4565,14.792
2023-12-30,Middle Africa,Cameroon,Extreme-Nord,Violence against civilians,Attack,13,13,87757,Political violence,3756,11.4565,14.792
2024-01-06,Middle Africa,Cameroon,Extreme-Nord,Violence against civilians,Attack,5,6,38684,Political violence,3756,11.4565,14.792
2024-01-13,Middle Africa,Cameroon,Extreme-Nord,Violence against civilians,Attack,7,5,34095,Political violence,3756,11.4565,14.792
2024-01-20,Middle Africa,Cameroon,Extreme-Nord,Violence against civilians,Attack,5,11,32341,Political violence,3756,11.4565,14.792
2024-01-27,Middle Africa,Cameroon,Extreme-Nord,Violence against civilians,Attack,7,6,44580,Political violence,3756,11.4565,14.792
2024-02-03,Middle Africa,Cameroon,Extreme-Nord,Violence against civilians,Attack,4,1,391009,Political violence,3756,11.4565,14.792
2024-02-10,Middle Africa,Cameroon,Extreme-Nord,Violence against civilians,Attack,8,8,61004,Political violence,3756,11.4565,14.792
2024-02-17,Middle Africa,Cameroon,Extreme-Nord,Violence against civilians,Attack,9,10,57537,Political violence,3756,11.4565,14.792
2024-02-24,Middle Africa,Cameroon,Extreme-Nord,Violence against civilians,Attack,12,8,317184,Political violence,3756,11.4565,14.792
2024-03-02,Middle Africa,Cameroon,Extreme-Nord,Violence against civilians,Attack,4,5,15069,Political violence,3756,11.4565,14.792
2024-03-09,Middle Africa,Cameroon,Extreme-Nord,Violence against civilians,Attack,4,3,164048,Political violence,3756,11.4565,14.792
2024-03-16,Middle Africa,Cameroon,Extreme-Nord,Violence against civilians,Attack,1,0,533,Political violence,3756,11.4565,14.792
2024-03-23,Middle Africa,Cameroon,Extreme-Nord,Violence against civilians,Attack,17,18,215841,Political violence,3756,11.4565,14.792
2024-03-30,Middle Africa,Cameroon,Extreme-Nord,Violence against civilians,Attack,6,10,42597,Political violence,3756,11.4565,14.792
2024-04-06,Middle Africa,Cameroon,Extreme-Nord,Violence against civilians,Attack,5,11,35392,Political violence,3756,11.4565,14.792
2024-04-13,Middle Africa,Cameroon,Extreme-Nord,Violence against civilians,Attack,8,11,183420,Political violence,3756,11.4565,14.792
2024-04-20,Middle Africa,Cameroon,Extreme-Nord,Violence against civilians,Attack,6,4,41672,Political violence,3756,11.4565,14.792
2024-04-27,Middle Africa,Cameroon,Extreme-Nord,Violence against civilians,Attack,10,6,45960,Political violence,3756,11.4565,14.792
2024-05-04,Middle Africa,Cameroon,Extreme-Nord,Violence against civilians,Attack,6,3,15016,Political violence,3756,11.4565,14.792
2024-05-11,Middle Africa,Cameroon,Extreme-Nord,Violence against civilians,Attack,8,10,211772,Political violence,3756,11.4565,14.792
2024-05-18,Middle Africa,Cameroon,Extreme-Nord,Violence against civilians,Attack,15,34,54672,Political violence,3756,11.4565,14.792
2024-05-25,Middle Africa,Cameroon,Extreme-Nord,Violence against civilians,Attack,8,9,30667,Political violence,3756,11.4565,14.792
2024-06-01,Middle Africa,Cameroon,Extreme-Nord,Violence against civilians,Attack,9,11,72254,Political violence,3756,11.4565,14.792
2024-06-08,Middle Africa,Cameroon,Extreme-Nord,Violence against civilians,Attack,6,5,67540,Political violence,3756,11.4565,14.792
2024-06-15,Middle Africa,Cameroon,Extreme-Nord,Violence against civilians,Attack,6,4,74761,Political violence,3756,11.4565,14.792
2024-06-22,Middle Africa,Cameroon,Extreme-Nord,Violence against civilians,Attack,8,7,53017,Political violence,3756,11.4565,14.792
2024-06-29,Middle Africa,Cameroon,Extreme-Nord,Violence against civilians,Attack,8,2,51034,Political violence,3756,11.4565,14.792
2024-07-13,Middle Africa,Cameroon,Extreme-Nord,Violence against civilians,Attack,7,4,31762,Political violence,3756,11.4565,14.792
2024-07-20,Middle Africa,Cameroon,Extreme-Nord,Violence against civilians,Attack,9,11,106526,Political violence,3756,11.4565,14.792
2024-07-27,Middle Africa,Cameroon,Extreme-Nord,Violence against civilians,Attack,9,6,12314,Political violence,3756,11.4565,14.792
2024-08-03,Middle Africa,Cameroon,Extreme-Nord,Violence against civilians,Attack,9,6,59669,Political violence,3756,11.4565,14.792
2024-08-10,Middle Africa,Cameroon,Extreme-Nord,Violence against civilians,Attack,8,3,71111,Political violence,3756,11.4565,14.792
2024-08-17,Middle Africa,Cameroon,Extreme-Nord,Violence against civilians,Attack,11,9,30866,Political violence,3756,11.4565,14.792
2024-08-24,Middle Africa,Cameroon,Extreme-Nord,Violence against civilians,Attack,8,6,31202,Political violence,3756,11.4565,14.792
2024-08-31,Middle Africa,Cameroon,Extreme-Nord,Violence against civilians,Attack,5,7,26517,Political violence,3756,11.4565,14.792
2024-09-07,Middle Africa,Cameroon,Extreme-Nord,Violence against civilians,Attack,3,2,6702,Political violence,3756,11.4565,14.792
2024-09-14,Middle Africa,Cameroon,Extreme-Nord,Violence against civilians,Attack,10,10,88398,Political violence,3756,11.4565,14.792
2024-09-21,Middle Africa,Cameroon,Extreme-Nord,Violence against civilians,Attack,11,6,16366,Political violence,3756,11.4565,14.792
2024-09-28,Middle Africa,Cameroon,Extreme-Nord,Violence against civilians,Attack,5,5,126907,Political violence,3756,11.4565,14.792
2024-10-05,Middle Africa,Cameroon,Extreme-Nord,Violence against civilians,Attack,10,10,82083,Political violence,3756,11.4565,14.792
2024-10-12,Middle Africa,Cameroon,Extreme-Nord,Violence against civilians,Attack,19,17,77443,Political violence,3756,11.4565,14.792
2024-10-19,Middle Africa,Cameroon,Extreme-Nord,Violence against civilians,Attack,4,1,105127,Political violence,3756,11.4565,14.792
2024-10-26,Middle Africa,Cameroon,Extreme-Nord,Violence against civilians,Attack,4,1,43380,Political violence,3756,11.4565,14.792
2024-11-02,Middle Africa,Cameroon,Extreme-Nord,Violence against civilians,Attack,10,14,39614,Political violence,3756,11.4565,14.792
2024-11-09,Middle Africa,Cameroon,Extreme-Nord,Violence against civilians,Attack,3,12,17791,Political violence,3756,11.4565,14.792
2024-11-16,Middle Africa,Cameroon,Extreme-Nord,Violence against civilians,Attack,5,1,23592,Political violence,3756,11.4565,14.792
2024-11-23,Middle Africa,Cameroon,Extreme-Nord,Violence against civilians,Attack,6,3,27197,Political violence,3756,11.4565,14.792
2024-11-30,Middle Africa,Cameroon,Extreme-Nord,Violence against civilians,Attack,13,13,215756,Political violence,3756,11.4565,14.792
2024-12-07,Middle Africa,Cameroon,Extreme-Nord,Violence against civilians,Attack,4,1,44040,Political violence,3756,11.4565,14.792
2024-12-14,Middle Africa,Cameroon,Extreme-Nord,Violence against civilians,Attack,9,4,61498,Political violence,3756,11.4565,14.792
2024-12-21,Middle Africa,Cameroon,Extreme-Nord,Violence against civilians,Attack,1,0,22006,Political violence,3756,11.4565,14.792
2024-12-28,Middle Africa,Cameroon,Extreme-Nord,Violence against civilians,Attack,3,1,119131,Political violence,3756,11.4565,14.792
2025-01-04,Middle Africa,Cameroon,Extreme-Nord,Violence against civilians,Attack,2,2,10523,Political violence,3756,11.4565,14.792
2025-01-11,Middle Africa,Cameroon,Extreme-Nord,Violence against civilians,Attack,6,3,19048,Political violence,3756,11.4565,14.792
2025-01-18,Middle Africa,Cameroon,Extreme-Nord,Violence against civilians,Attack,4,3,24538,Political violence,3756,11.4565,14.792
2025-01-25,Middle Africa,Cameroon,Extreme-Nord,Violence against civilians,Attack,9,8,69584,Political violence,3756,11.4565,14.792
2025-02-01,Middle Africa,Cameroon,Extreme-Nord,Violence against civilians,Attack,5,4,79376,Political violence,3756,11.4565,14.792
2025-02-08,Middle Africa,Cameroon,Extreme-Nord,Violence against civilians,Attack,1,2,7967,Political violence,3756,11.4565,14.792
2025-02-22,Middle Africa,Cameroon,Extreme-Nord,Violence against civilians,Attack,4,3,42121,Political violence,3756,11.4565,14.792
2025-03-01,Middle Africa,Cameroon,Extreme-Nord,Violence against civilians,Attack,4,12,142843,Political violence,3756,11.4565,14.792
2025-03-08,Middle Africa,Cameroon,Extreme-Nord,Violence against civilians,Attack,4,1,12643,Political violence,3756,11.4565,14.792
2025-03-15,Middle Africa,Cameroon,Extreme-Nord,Violence against civilians,Attack,11,10,58183,Political violence,3756,11.4565,14.792
2025-03-22,Middle Africa,Cameroon,Extreme-Nord,Violence against civilians,Attack,2,1,14163,Political violence,3756,11.4565,14.792
2025-03-29,Middle Africa,Cameroon,Extreme-Nord,Violence against civilians,Attack,2,1,306836,Political violence,3756,11.4565,14.792
2025-04-05,Middle Africa,Cameroon,Extreme-Nord,Violence against civilians,Attack,3,2,20155,Political violence,3756,11.4565,14.792
2025-04-19,Middle Africa,Cameroon,Extreme-Nord,Violence against civilians,Attack,6,5,39833,Political violence,3756,11.4565,14.792
2025-05-03,Middle Africa,Cameroon,Extreme-Nord,Violence against civilians,Attack,7,5,55405,Political violence,3756,11.4565,14.792
2025-05-10,Middle Africa,Cameroon,Extreme-Nord,Violence against civilians,Attack,7,7,84633,Political violence,3756,11.4565,14.792
2025-05-17,Middle Africa,Cameroon,Extreme-Nord,Violence against civilians,Attack,2,3,2609,Political violence,3756,11.4565,14.792
2025-05-24,Middle Africa,Cameroon,Extreme-Nord,Violence against civilians,Attack,4,6,16364,Political violence,3756,11.4565,14.792
2025-05-31,Middle Africa,Cameroon,Extreme-Nord,Violence against civilians,Attack,9,15,281554,Political violence,3756,11.4565,14.792
2025-06-07,Middle Africa,Cameroon,Extreme-Nord,Violence against civilians,Attack,10,18,78866,Political violence,3756,11.4565,14.792
2025-06-14,Middle Africa,Cameroon,Extreme-Nord,Violence against civilians,Attack,9,14,70575,Political violence,3756,11.4565,14.792
2025-06-21,Middle Africa,Cameroon,Extreme-Nord,Violence against civilians,Attack,11,22,80262,Political violence,3756,11.4565,14.792
2025-06-28,Middle Africa,Cameroon,Extreme-Nord,Violence against civilians,Attack,9,29,78264,Political violence,3756,11.4565,14.792
2025-07-05,Middle Africa,Cameroon,Extreme-Nord,Violence against civilians,Attack,5,4,56014,Political violence,3756,11.4565,14.792
2025-07-12,Middle Africa,Cameroon,Extreme-Nord,Violence against civilians,Attack,2,2,11091,Political violence,3756,11.4565,14.792
2025-07-19,Middle Africa,Cameroon,Extreme-Nord,Violence against civilians,Attack,6,1,143508,Political violence,3756,11.4565,14.792
2025-07-26,Middle Africa,Cameroon,Extreme-Nord,Violence against civilians,Attack,12,10,252887,Political violence,3756,11.4565,14.792
2025-08-02,Middle Africa,Cameroon,Extreme-Nord,Violence against civilians,Attack,5,2,15336,Political violence,3756,11.4565,14.792
2025-08-09,Middle Africa,Cameroon,Extreme-Nord,Violence against civilians,Attack,9,8,9767,Political violence,3756,11.4565,14.792
2025-08-16,Middle Africa,Cameroon,Extreme-Nord,Violence against civilians,Attack,4,3,72783,Political violence,3756,11.4565,14.792
2025-08-23,Middle Africa,Cameroon,Extreme-Nord,Violence against civilians,Attack,1,0,8690,Political violence,3756,11.4565,14.792
2025-08-30,Middle Africa,Cameroon,Extreme-Nord,Violence against civilians,Attack,4,3,30741,Political violence,3756,11.4565,14.792
2025-09-06,Middle Africa,Cameroon,Extreme-Nord,Violence against civilians,Attack,4,11,20498,Political violence,3756,11.4565,14.792
2025-09-13,Middle Africa,Cameroon,Extreme-Nord,Violence against civilians,Attack,2,1,22429,Political violence,3756,11.4565,14.792
2025-09-20,Middle Africa,Cameroon,Extreme-Nord,Violence against civilians,Attack,11,11,28486,Political violence,3756,11.4565,14.792
2025-09-27,Middle Africa,Cameroon,Extreme-Nord,Violence against civilians,Attack,3,2,8188,Political violence,3756,11.4565,14.792
2025-10-04,Middle Africa,Cameroon,Extreme-Nord,Violence against civilians,Attack,4,1,8284,Political violence,3756,11.4565,14.792
2025-10-11,Middle Africa,Cameroon,Extreme-Nord,Violence against civilians,Attack,1,0,765,Political violence,3756,11.4565,14.792
2025-10-18,Middle Africa,Cameroon,Extreme-Nord,Violence against civilians,Attack,6,7,71147,Political violence,3756,11.4565,14.792
2025-10-25,Middle Africa,Cameroon,Extreme-Nord,Violence against civilians,Attack,2,2,29633,Political violence,3756,11.4565,14.792
2025-11-01,Middle Africa,Cameroon,Extreme-Nord,Violence against civilians,Attack,3,2,8362,Political violence,3756,11.4565,14.792
2025-11-08,Middle Africa,Cameroon,Extreme-Nord,Violence against civilians,Attack,9,12,145307,Political violence,3756,11.4565,14.792
2025-11-15,Middle Africa,Cameroon,Extreme-Nord,Violence against civilians,Attack,5,4,84347,Political violence,3756,11.4565,14.792
2025-11-22,Middle Africa,Cameroon,Extreme-Nord,Violence against civilians,Attack,6,10,45120,Political violence,3756,11.4565,14.792
2025-11-29,Middle Africa,Cameroon,Extreme-Nord,Violence against civilians,Attack,3,2,124884,Political violence,3756,11.4565,14.792
2025-12-06,Middle Africa,Cameroon,Extreme-Nord,Violence against civilians,Attack,4,3,66922,Political violence,3756,11.4565,14.792
2025-12-13,Middle Africa,Cameroon,Extreme-Nord,Violence against civilians,Attack,4,3,28103,Political violence,3756,11.4565,14.792
2025-12-20,Middle Africa,Cameroon,Extreme-Nord,Violence against civilians,Attack,2,1,10000,Political violence,3756,11.4565,14.792
2025-12-27,Middle Africa,Cameroon,Extreme-Nord,Violence against civilians,Attack,5,7,14218,Political violence,3756,11.4565,14.792
2026-01-03,Middle Africa,Cameroon,Extreme-Nord,Violence against civilians,Attack,4,3,23445,Political violence,3756,11.4565,14.792
2026-01-10,Middle Africa,Cameroon,Extreme-Nord,Violence against civilians,Attack,7,9,88695,Political violence,3756,11.4565,14.792
2026-01-17,Middle Africa,Cameroon,Extreme-Nord,Violence against civilians,Attack,5,4,100829,Political violence,3756,11.4565,14.792
2026-01-24,Middle Africa,Cameroon,Extreme-Nord,Violence against civilians,Attack,5,6,41790,Political violence,3756,11.4565,14.792
2026-01-31,Middle Africa,Cameroon,Extreme-Nord,Violence against civilians,Attack,2,3,22901,Political violence,3756,11.4565,14.792
2026-02-07,Middle Africa,Cameroon,Extreme-Nord,Violence against civilians,Attack,6,6,158443,Political violence,3756,11.4565,14.792
2026-02-14,Middle Africa,Cameroon,Extreme-Nord,Violence against civilians,Attack,3,3,33492,Political violence,3756,11.4565,14.792
2026-02-21,Middle Africa,Cameroon,Extreme-Nord,Violence against civilians,Attack,4,4,41733,Political violence,3756,11.4565,14.792
2026-02-28,Middle Africa,Cameroon,Extreme-Nord,Violence against civilians,Attack,2,2,665,Political violence,3756,11.4565,14.792
2026-03-07,Middle Africa,Cameroon,Extreme-Nord,Violence against civilians,Attack,3,3,23506,Political violence,3756,11.4565,14.792
2026-03-14,Middle Africa,Cameroon,Extreme-Nord,Violence against civilians,Attack,2,3,11297,Political violence,3756,11.4565,14.792
2026-03-21,Middle Africa,Cameroon,Extreme-Nord,Violence against civilians,Attack,2,2,36228,Political violence,3756,11.4565,14.792
2026-03-28,Middle Africa,Cameroon,Extreme-Nord,Violence against civilians,Attack,6,8,53012,Political violence,3756,11.4565,14.792
2026-04-04,Middle Africa,Cameroon,Extreme-Nord,Violence against civilians,Attack,6,7,132098,Political violence,3756,11.4565,14.792
2026-04-11,Middle Africa,Cameroon,Extreme-Nord,Violence against civilians,Attack,10,8,28922,Political violence,3756,11.4565,14.792
2026-04-18,Middle Africa,Cameroon,Extreme-Nord,Violence against civilians,Attack,5,2,27456,Political violence,3756,11.4565,14.792
2026-04-25,Middle Africa,Cameroon,Extreme-Nord,Violence against civilians,Attack,4,5,31102,Political violence,3756,11.4565,14.792
2026-05-02,Middle Africa,Cameroon,Extreme-Nord,Violence against civilians,Attack,3,7,10826,Political violence,3756,11.4565,14.792
2026-05-09,Middle Africa,Cameroon,Extreme-Nord,Violence against civilians,Attack,4,3,46627,Political violence,3756,11.4565,14.792
2026-05-16,Middle Africa,Cameroon,Extreme-Nord,Violence against civilians,Attack,3,1,26056,Political violence,3756,11.4565,14.792
2026-05-23,Middle Africa,Cameroon,Extreme-Nord,Violence against civilians,Attack,1,2,6112,Political violence,3756,11.4565,14.792
2026-05-30,Middle Africa,Cameroon,Extreme-Nord,Violence against civilians,Attack,2,0,19385,Political violence,3756,11.4565,14.792
2026-06-06,Middle Africa,Cameroon,Extreme-Nord,Violence against civilians,Attack,7,9,96602,Political violence,3756,11.4565,14.792
2026-06-13,Middle Africa,Cameroon,Extreme-Nord,Violence against civilians,Attack,7,9,105403,Political violence,3756,11.4565,14.792
2026-06-20,Middle Africa,Cameroon,Extreme-Nord,Violence against civilians,Attack,6,0,25479,Political violence,3756,11.4565,14.792
2026-06-27,Middle Africa,Cameroon,Extreme-Nord,Violence against civilians,Attack,13,31,131778,Political violence,3756,11.4565,14.792
2026-07-04,Middle Africa,Cameroon,Extreme-Nord,Violence against civilians,Attack,2,4,80902,Political violence,3756,11.4565,14.792
2026-07-11,Middle Africa,Cameroon,Extreme-Nord,Violence against civilians,Attack,2,4,65829,Political violence,3756,11.4565,14.792
2026-07-18,Middle Africa,Cameroon,Extreme-Nord,Violence against civilians,Attack,4,2,18622,Political violence,3756,11.4565,14.792
2026-07-25,Middle Africa,Cameroon,Extreme-Nord,Violence against civilians,Attack,5,5,39727,Political violence,3756,11.4565,14.792
2026-08-01,Middle Africa,Cameroon,Extreme-Nord,Violence against civilians,Attack,7,11,65879,Political violence,3756,11.4565,14.792
2026-08-08,Middle Africa,Cameroon,Extreme-Nord,Violence against civilians,Attack,7,12,2558,Political violence,3756,11.4565,14.792
2026-08-15,Middle Africa,Cameroon,Extreme-Nord,Violence against civilians,Attack,7,3,7571,Political violence,3756,11.4565,14.792
2026-08-22,Middle Africa,Cameroon,Extreme-Nord,Violence against civilians,Attack,5,8,,Political violence,3756,11.4565,14.792
2026-08-29,Middle Africa,Cameroon,Extreme-Nord,Violence against civilians,Attack,1,1,,Political violence,3756,11.4565,14.792
2022-03-12,Middle Africa,Cameroon,Extreme-Nord,Violence against civilians,Sexual violence,1,0,19464,Political violence,3756,11.4565,14.792
2022-12-17,Middle Africa,Cameroon,Extreme-Nord,Violence against civilians,Sexual violence,1,0,10537,Political violence,3756,11.4565,14.792
2023-01-21,Middle Africa,Cameroon,Extreme-Nord,Violence against civilians,Sexual violence,1,0,19912,Political violence,3756,11.4565,14.792
2023-02-04,Middle Africa,Cameroon,Extreme-Nord,Violence against civilians,Sexual violence,1,1,13785,Political violence,3756,11.4565,14.792
2023-08-05,Middle Africa,Cameroon,Extreme-Nord,Violence against civilians,Sexual violence,1,0,10915,Political violence,3756,11.4565,14.792
2023-11-04,Middle Africa,Cameroon,Extreme-Nord,Violence against civilians,Sexual violence,1,0,3378,Political violence,3756,11.4565,14.792
2023-12-09,Middle Africa,Cameroon,Extreme-Nord,Violence against civilians,Sexual violence,2,0,32418,Political violence,3756,11.4565,14.792
2024-01-13,Middle Africa,Cameroon,Extreme-Nord,Violence against civilians,Sexual violence,1,0,6243,Political violence,3756,11.4565,14.792
2024-01-27,Middle Africa,Cameroon,Extreme-Nord,Violence against civilians,Sexual violence,1,0,2919,Political violence,3756,11.4565,14.792
2024-02-17,Middle Africa,Cameroon,Extreme-Nord,Violence against civilians,Sexual violence,1,1,169943,Political violence,3756,11.4565,14.792
2024-03-02,Middle Africa,Cameroon,Extreme-Nord,Violence against civilians,Sexual violence,1,0,11014,Political violence,3756,11.4565,14.792
2024-06-01,Middle Africa,Cameroon,Extreme-Nord,Violence against civilians,Sexual violence,1,0,129026,Political violence,3756,11.4565,14.792
2024-07-27,Middle Africa,Cameroon,Extreme-Nord,Violence against civilians,Sexual violence,1,0,8415,Political violence,3756,11.4565,14.792
2024-08-24,Middle Africa,Cameroon,Extreme-Nord,Violence against civilians,Sexual violence,4,2,20751,Political violence,3756,11.4565,14.792
2024-09-28,Middle Africa,Cameroon,Extreme-Nord,Violence against civilians,Sexual violence,1,0,114073,Political violence,3756,11.4565,14.792
2024-10-12,Middle Africa,Cameroon,Extreme-Nord,Violence against civilians,Sexual violence,1,0,1119,Political violence,3756,11.4565,14.792
2024-12-07,Middle Africa,Cameroon,Extreme-Nord,Violence against civilians,Sexual violence,1,0,29,Political violence,3756,11.4565,14.792
2025-05-17,Middle Africa,Cameroon,Extreme-Nord,Violence against civilians,Sexual violence,1,0,33723,Political violence,3756,11.4565,14.792
2026-04-11,Middle Africa,Cameroon,Extreme-Nord,Violence against civilians,Sexual violence,1,0,2807,Political violence,3756,11.4565,14.792
2020-05-30,Middle Africa,Cameroon,Littoral,Battles,Armed clash,1,1,863107,Political violence,3754,4.2905,10.2235
2022-06-04,Middle Africa,Cameroon,Littoral,Battles,Armed clash,2,2,49710,Political violence,3754,4.2905,10.2235
2022-09-17,Middle Africa,Cameroon,Littoral,Battles,Armed clash,1,0,901291,Political violence,3754,4.2905,10.2235
2022-11-26,Middle Africa,Cameroon,Littoral,Battles,Armed clash,1,1,339061,Political violence,3754,4.2905,10.2235
2023-04-29,Middle Africa,Cameroon,Littoral,Battles,Armed clash,1,6,2478,Political violence,3754,4.2905,10.2235
2023-06-10,Middle Africa,Cameroon,Littoral,Battles,Armed clash,1,1,959,Political violence,3754,4.2905,10.2235
2023-10-21,Middle Africa,Cameroon,Littoral,Battles,Armed clash,1,1,347116,Political violence,3754,4.2905,10.2235
2025-05-03,Middle Africa,Cameroon,Littoral,Battles,Armed clash,1,2,1082,Political violence,3754,4.2905,10.2235
2020-11-14,Middle Africa,Cameroon,Littoral,Explosions/Remote violence,Remote explosive/landmine/IED,1,0,863107,Political violence,3754,4.2905,10.2235
2022-07-23,Middle Africa,Cameroon,Littoral,Explosions/Remote violence,Remote explosive/landmine/IED,1,0,3633,Political violence,3754,4.2905,10.2235
2022-07-30,Middle Africa,Cameroon,Littoral,Explosions/Remote violence,Remote explosive/landmine/IED,1,0,901291,Political violence,3754,4.2905,10.2235
2020-09-19,Middle Africa,Cameroon,Littoral,Protests,Excessive force against protesters,1,1,59477,Political violence; Demonstrations,3754,4.2905,10.2235
2025-10-25,Middle Africa,Cameroon,Littoral,Protests,Excessive force against protesters,1,7,66007,Political violence; Demonstrations,3754,4.2905,10.2235
2020-01-18,Middle Africa,Cameroon,Littoral,Protests,Peaceful protest,1,0,59477,Demonstrations,3754,4.2905,10.2235
2020-01-25,Middle Africa,Cameroon,Littoral,Protests,Peaceful protest,1,0,59477,Demonstrations,3754,4.2905,10.2235
2020-02-22,Middle Africa,Cameroon,Littoral,Protests,Peaceful protest,1,0,59477,Demonstrations,3754,4.2905,10.2235
2020-03-28,Middle Africa,Cameroon,Littoral,Protests,Peaceful protest,1,0,59477,Demonstrations,3754,4.2905,10.2235
2020-04-25,Middle Africa,Cameroon,Littoral,Protests,Peaceful protest,2,0,59477,Demonstrations,3754,4.2905,10.2235
2020-05-30,Middle Africa,Cameroon,Littoral,Protests,Peaceful protest,1,0,59477,Demonstrations,3754,4.2905,10.2235
2020-06-06,Middle Africa,Cameroon,Littoral,Protests,Peaceful protest,1,0,59477,Demonstrations,3754,4.2905,10.2235
2020-07-25,Middle Africa,Cameroon,Littoral,Protests,Peaceful protest,1,0,,Demonstrations,3754,4.2905,10.2235
2020-08-29,Middle Africa,Cameroon,Littoral,Protests,Peaceful protest,1,0,59477,Demonstrations,3754,4.2905,10.2235
2020-09-05,Middle Africa,Cameroon,Littoral,Protests,Peaceful protest,2,0,59477,Demonstrations,3754,4.2905,10.2235
2020-09-12,Middle Africa,Cameroon,Littoral,Protests,Peaceful protest,1,0,59477,Demonstrations,3754,4.2905,10.2235
2020-09-19,Middle Africa,Cameroon,Littoral,Protests,Peaceful protest,1,0,260,Demonstrations,3754,4.2905,10.2235
2020-10-10,Middle Africa,Cameroon,Littoral,Protests,Peaceful protest,1,0,59477,Demonstrations,3754,4.2905,10.2235
2020-10-24,Middle Africa,Cameroon,Littoral,Protests,Peaceful protest,2,0,59477,Demonstrations,3754,4.2905,10.2235
2020-10-31,Middle Africa,Cameroon,Littoral,Protests,Peaceful protest,1,0,59477,Demonstrations,3754,4.2905,10.2235
2020-11-14,Middle Africa,Cameroon,Littoral,Protests,Peaceful protest,2,0,59839,Demonstrations,3754,4.2905,10.2235
2020-11-21,Middle Africa,Cameroon,Littoral,Protests,Peaceful protest,1,0,17348,Demonstrations,3754,4.2905,10.2235
2021-01-23,Middle Africa,Cameroon,Littoral,Protests,Peaceful protest,1,0,60840,Demonstrations,3754,4.2905,10.2235
2021-02-13,Middle Africa,Cameroon,Littoral,Protests,Peaceful protest,1,0,60840,Demonstrations,3754,4.2905,10.2235
2021-04-03,Middle Africa,Cameroon,Littoral,Protests,Peaceful protest,1,0,60840,Demonstrations,3754,4.2905,10.2235
2021-05-22,Middle Africa,Cameroon,Littoral,Protests,Peaceful protest,1,0,60840,Demonstrations,3754,4.2905,10.2235
2021-06-19,Middle Africa,Cameroon,Littoral,Protests,Peaceful protest,1,0,60840,Demonstrations,3754,4.2905,10.2235
2021-07-03,Middle Africa,Cameroon,Littoral,Protests,Peaceful protest,1,0,60840,Demonstrations,3754,4.2905,10.2235
2021-07-10,Middle Africa,Cameroon,Littoral,Protests,Peaceful protest,1,0,60840,Demonstrations,3754,4.2905,10.2235
2021-10-02,Middle Africa,Cameroon,Littoral,Protests,Peaceful protest,1,0,21022,Demonstrations,3754,4.2905,10.2235
2021-10-23,Middle Africa,Cameroon,Littoral,Protests,Peaceful protest,1,0,60840,Demonstrations,3754,4.2905,10.2235
2021-12-11,Middle Africa,Cameroon,Littoral,Protests,Peaceful protest,1,0,60840,Demonstrations,3754,4.2905,10.2235
2022-01-08,Middle Africa,Cameroon,Littoral,Protests,Peaceful protest,1,0,62155,Demonstrations,3754,4.2905,10.2235
2022-02-19,Middle Africa,Cameroon,Littoral,Protests,Peaceful protest,1,0,62155,Demonstrations,3754,4.2905,10.2235
2022-03-05,Middle Africa,Cameroon,Littoral,Protests,Peaceful protest,1,0,62155,Demonstrations,3754,4.2905,10.2235
2022-03-12,Middle Africa,Cameroon,Littoral,Protests,Peaceful protest,1,0,62155,Demonstrations,3754,4.2905,10.2235
2022-03-19,Middle Africa,Cameroon,Littoral,Protests,Peaceful protest,1,0,62155,Demonstrations,3754,4.2905,10.2235
2022-04-02,Middle Africa,Cameroon,Littoral,Protests,Peaceful protest,1,0,62155,Demonstrations,3754,4.2905,10.2235
2022-04-30,Middle Africa,Cameroon,Littoral,Protests,Peaceful protest,1,0,62155,Demonstrations,3754,4.2905,10.2235
2022-05-21,Middle Africa,Cameroon,Littoral,Protests,Peaceful protest,2,0,70458,Demonstrations,3754,4.2905,10.2235
2022-07-23,Middle Africa,Cameroon,Littoral,Protests,Peaceful protest,1,0,24517,Demonstrations,3754,4.2905,10.2235
2022-08-06,Middle Africa,Cameroon,Littoral,Protests,Peaceful protest,1,0,62155,Demonstrations,3754,4.2905,10.2235
2022-09-03,Middle Africa,Cameroon,Littoral,Protests,Peaceful protest,2,0,62155,Demonstrations,3754,4.2905,10.2235
2022-10-01,Middle Africa,Cameroon,Littoral,Protests,Peaceful protest,2,0,62155,Demonstrations,3754,4.2905,10.2235
2023-04-22,Middle Africa,Cameroon,Littoral,Protests,Peaceful protest,1,0,63457,Demonstrations,3754,4.2905,10.2235
2023-05-06,Middle Africa,Cameroon,Littoral,Protests,Peaceful protest,1,0,57051,Demonstrations,3754,4.2905,10.2235
2023-11-04,Middle Africa,Cameroon,Littoral,Protests,Peaceful protest,1,0,63457,Demonstrations,3754,4.2905,10.2235
2024-03-09,Middle Africa,Cameroon,Littoral,Protests,Peaceful protest,1,0,64733,Demonstrations,3754,4.2905,10.2235
2024-03-30,Middle Africa,Cameroon,Littoral,Protests,Peaceful protest,1,0,64733,Demonstrations,3754,4.2905,10.2235
2024-10-05,Middle Africa,Cameroon,Littoral,Protests,Peaceful protest,1,0,64733,Demonstrations,3754,4.2905,10.2235
2025-10-18,Middle Africa,Cameroon,Littoral,Protests,Peaceful protest,1,0,66007,Demonstrations,3754,4.2905,10.2235
2025-10-25,Middle Africa,Cameroon,Littoral,Protests,Peaceful protest,3,0,66007,Demonstrations,3754,4.2905,10.2235
2025-11-01,Middle Africa,Cameroon,Littoral,Protests,Peaceful protest,1,0,66007,Demonstrations,3754,4.2905,10.2235
2026-01-31,Middle Africa,Cameroon,Littoral,Protests,Peaceful protest,1,0,19936,Demonstrations,3754,4.2905,10.2235
2026-03-14,Middle Africa,Cameroon,Littoral,Protests,Peaceful protest,1,0,60608,Demonstrations,3754,4.2905,10.2235
2026-05-30,Middle Africa,Cameroon,Littoral,Protests,Peaceful protest,1,0,53708,Demonstrations,3754,4.2905,10.2235
2020-01-25,Middle Africa,Cameroon,Littoral,Protests,Protest with intervention,1,0,59477,Demonstrations,3754,4.2905,10.2235
2020-02-15,Middle Africa,Cameroon,Littoral,Protests,Protest with intervention,1,0,59477,Demonstrations,3754,4.2905,10.2235
2020-04-04,Middle Africa,Cameroon,Littoral,Protests,Protest with intervention,1,0,59477,Demonstrations,3754,4.2905,10.2235
2020-06-06,Middle Africa,Cameroon,Littoral,Protests,Protest with intervention,1,0,59477,Demonstrations,3754,4.2905,10.2235
2020-09-05,Middle Africa,Cameroon,Littoral,Protests,Protest with intervention,1,0,59477,Demonstrations,3754,4.2905,10.2235
2020-10-31,Middle Africa,Cameroon,Littoral,Protests,Protest with intervention,1,0,59477,Demonstrations,3754,4.2905,10.2235
2020-11-07,Middle Africa,Cameroon,Littoral,Protests,Protest with intervention,1,0,59477,Demonstrations,3754,4.2905,10.2235
2021-02-13,Middle Africa,Cameroon,Littoral,Protests,Protest with intervention,1,0,60840,Demonstrations,3754,4.2905,10.2235
2021-03-27,Middle Africa,Cameroon,Littoral,Protests,Protest with intervention,1,0,60840,Demonstrations,3754,4.2905,10.2235
2021-11-13,Middle Africa,Cameroon,Littoral,Protests,Protest with intervention,1,0,60840,Demonstrations,3754,4.2905,10.2235
2022-03-12,Middle Africa,Cameroon,Littoral,Protests,Protest with intervention,1,0,62155,Demonstrations,3754,4.2905,10.2235
2022-04-02,Middle Africa,Cameroon,Littoral,Protests,Protest with intervention,1,0,62155,Demonstrations,3754,4.2905,10.2235
2022-05-14,Middle Africa,Cameroon,Littoral,Protests,Protest with intervention,1,0,62155,Demonstrations,3754,4.2905,10.2235
2022-05-21,Middle Africa,Cameroon,Littoral,Protests,Protest with intervention,1,0,62155,Demonstrations,3754,4.2905,10.2235
2022-07-02,Middle Africa,Cameroon,Littoral,Protests,Protest with intervention,1,0,27015,Demonstrations,3754,4.2905,10.2235
2022-09-24,Middle Africa,Cameroon,Littoral,Protests,Protest with intervention,1,0,62155,Demonstrations,3754,4.2905,10.2235
2023-06-03,Middle Africa,Cameroon,Littoral,Protests,Protest with intervention,1,0,63457,Demonstrations,3754,4.2905,10.2235
2024-06-15,Middle Africa,Cameroon,Littoral,Protests,Protest with intervention,1,0,9013,Demonstrations,3754,4.2905,10.2235
2025-06-07,Middle Africa,Cameroon,Littoral,Protests,Protest with intervention,1,0,52728,Demonstrations,3754,4.2905,10.2235
2025-10-11,Middle Africa,Cameroon,Littoral,Protests,Protest with intervention,1,0,47110,Demonstrations,3754,4.2905,10.2235
2020-04-11,Middle Africa,Cameroon,Littoral,Riots,Mob violence,1,3,1369,Political violence,3754,4.2905,10.2235
2020-04-18,Middle Africa,Cameroon,Littoral,Riots,Mob violence,2,4,205805,Political violence,3754,4.2905,10.2235
2020-05-02,Middle Africa,Cameroon,Littoral,Riots,Mob violence,1,0,205805,Political violence,3754,4.2905,10.2235
2020-05-30,Middle Africa,Cameroon,Littoral,Riots,Mob violence,1,0,205805,Political violence,3754,4.2905,10.2235
2020-07-18,Middle Africa,Cameroon,Littoral,Riots,Mob violence,1,1,205805,Political violence,3754,4.2905,10.2235
2020-07-25,Middle Africa,Cameroon,Littoral,Riots,Mob violence,1,0,205805,Political violence,3754,4.2905,10.2235
2021-01-09,Middle Africa,Cameroon,Littoral,Riots,Mob violence,1,0,210526,Political violence,3754,4.2905,10.2235
2021-01-23,Middle Africa,Cameroon,Littoral,Riots,Mob violence,1,0,134025,Political violence,3754,4.2905,10.2235
2021-05-08,Middle Africa,Cameroon,Littoral,Riots,Mob violence,1,1,33299,Political violence,3754,4.2905,10.2235
2021-05-22,Middle Africa,Cameroon,Littoral,Riots,Mob violence,1,0,210526,Political violence,3754,4.2905,10.2235
2021-05-29,Middle Africa,Cameroon,Littoral,Riots,Mob violence,1,1,210526,Political violence,3754,4.2905,10.2235
2021-06-26,Middle Africa,Cameroon,Littoral,Riots,Mob violence,1,0,210526,Political violence,3754,4.2905,10.2235
2021-08-07,Middle Africa,Cameroon,Littoral,Riots,Mob violence,1,0,210526,Political violence,3754,4.2905,10.2235
2022-01-29,Middle Africa,Cameroon,Littoral,Riots,Mob violence,1,0,215100,Political violence,3754,4.2905,10.2235
2022-04-30,Middle Africa,Cameroon,Littoral,Riots,Mob violence,1,1,34192,Political violence,3754,4.2905,10.2235
2022-06-04,Middle Africa,Cameroon,Littoral,Riots,Mob violence,1,0,75251,Political violence,3754,4.2905,10.2235
2022-06-11,Middle Africa,Cameroon,Littoral,Riots,Mob violence,1,1,215100,Political violence,3754,4.2905,10.2235
2022-07-23,Middle Africa,Cameroon,Littoral,Riots,Mob violence,1,0,9025,Political violence,3754,4.2905,10.2235
2022-07-30,Middle Africa,Cameroon,Littoral,Riots,Mob violence,1,0,75251,Political violence,3754,4.2905,10.2235
2022-08-27,Middle Africa,Cameroon,Littoral,Riots,Mob violence,1,0,45411,Political violence,3754,4.2905,10.2235
2022-09-10,Middle Africa,Cameroon,Littoral,Riots,Mob violence,1,0,34192,Political violence,3754,4.2905,10.2235
2022-09-24,Middle Africa,Cameroon,Littoral,Riots,Mob violence,1,0,215100,Political violence,3754,4.2905,10.2235
2022-10-29,Middle Africa,Cameroon,Littoral,Riots,Mob violence,1,1,215100,Political violence,3754,4.2905,10.2235
2023-01-07,Middle Africa,Cameroon,Littoral,Riots,Mob violence,1,0,140087,Political violence,3754,4.2905,10.2235
2023-01-21,Middle Africa,Cameroon,Littoral,Riots,Mob violence,1,1,219653,Political violence,3754,4.2905,10.2235
2023-01-28,Middle Africa,Cameroon,Littoral,Riots,Mob violence,1,3,219653,Political violence,3754,4.2905,10.2235
2023-03-11,Middle Africa,Cameroon,Littoral,Riots,Mob violence,1,0,44138,Political violence,3754,4.2905,10.2235
2023-03-25,Middle Africa,Cameroon,Littoral,Riots,Mob violence,1,2,219653,Political violence,3754,4.2905,10.2235
2023-04-22,Middle Africa,Cameroon,Littoral,Riots,Mob violence,1,0,140087,Political violence,3754,4.2905,10.2235
2023-06-24,Middle Africa,Cameroon,Littoral,Riots,Mob violence,2,1,219653,Political violence,3754,4.2905,10.2235
2023-07-08,Middle Africa,Cameroon,Littoral,Riots,Mob violence,1,2,219653,Political violence,3754,4.2905,10.2235
2023-08-05,Middle Africa,Cameroon,Littoral,Riots,Mob violence,1,0,219653,Political violence,3754,4.2905,10.2235
2023-08-26,Middle Africa,Cameroon,Littoral,Riots,Mob violence,1,1,219653,Political violence,3754,4.2905,10.2235
2023-09-02,Middle Africa,Cameroon,Littoral,Riots,Mob violence,1,0,219653,Political violence,3754,4.2905,10.2235
2023-09-30,Middle Africa,Cameroon,Littoral,Riots,Mob violence,1,0,219653,Political violence,3754,4.2905,10.2235
2023-10-14,Middle Africa,Cameroon,Littoral,Riots,Mob violence,1,0,219653,Political violence,3754,4.2905,10.2235
2023-10-21,Middle Africa,Cameroon,Littoral,Riots,Mob violence,1,0,140087,Political violence,3754,4.2905,10.2235
2023-12-16,Middle Africa,Cameroon,Littoral,Riots,Mob violence,2,0,243509,Political violence,3754,4.2905,10.2235
2023-12-23,Middle Africa,Cameroon,Littoral,Riots,Mob violence,1,1,2103,Political violence,3754,4.2905,10.2235
2024-06-08,Middle Africa,Cameroon,Littoral,Riots,Mob violence,1,0,224159,Political violence,3754,4.2905,10.2235
2024-06-15,Middle Africa,Cameroon,Littoral,Riots,Mob violence,1,0,224159,Political violence,3754,4.2905,10.2235
2024-09-07,Middle Africa,Cameroon,Littoral,Riots,Mob violence,1,2,224159,Political violence,3754,4.2905,10.2235
2024-10-12,Middle Africa,Cameroon,Littoral,Riots,Mob violence,1,0,224159,Political violence,3754,4.2905,10.2235
2025-06-07,Middle Africa,Cameroon,Littoral,Riots,Mob violence,1,0,48603,Political violence,3754,4.2905,10.2235
2025-10-11,Middle Africa,Cameroon,Littoral,Riots,Mob violence,1,1,179911,Political violence,3754,4.2905,10.2235
2025-10-25,Middle Africa,Cameroon,Littoral,Riots,Mob violence,1,0,36847,Political violence,3754,4.2905,10.2235
2026-01-24,Middle Africa,Cameroon,Littoral,Riots,Mob violence,1,0,183412,Political violence,3754,4.2905,10.2235
2026-02-21,Middle Africa,Cameroon,Littoral,Riots,Mob violence,1,0,183412,Political violence,3754,4.2905,10.2235
2026-06-06,Middle Africa,Cameroon,Littoral,Riots,Mob violence,1,0,149017,Political violence,3754,4.2905,10.2235
2026-06-27,Middle Africa,Cameroon,Littoral,Riots,Mob violence,1,1,149017,Political violence,3754,4.2905,10.2235
2026-07-18,Middle Africa,Cameroon,Littoral,Riots,Mob violence,1,1,149017,Political violence,3754,4.2905,10.2235
2026-08-29,Middle Africa,Cameroon,Littoral,Riots,Mob violence,1,2,,Political violence,3754,4.2905,10.2235
2020-02-29,Middle Africa,Cameroon,Littoral,Riots,Violent demonstration,1,0,205805,Demonstrations,3754,4.2905,10.2235
2020-05-09,Middle Africa,Cameroon,Littoral,Riots,Violent demonstration,1,0,205805,Demonstrations,3754,4.2905,10.2235
2021-01-02,Middle Africa,Cameroon,Littoral,Riots,Violent demonstration,1,0,210526,Demonstrations,3754,4.2905,10.2235
2021-02-13,Middle Africa,Cameroon,Littoral,Riots,Violent demonstration,1,0,210526,Demonstrations,3754,4.2905,10.2235
2021-02-27,Middle Africa,Cameroon,Littoral,Riots,Violent demonstration,1,0,210526,Demonstrations,3754,4.2905,10.2235
2021-03-13,Middle Africa,Cameroon,Littoral,Riots,Violent demonstration,1,0,210526,Demonstrations,3754,4.2905,10.2235
2021-03-20,Middle Africa,Cameroon,Littoral,Riots,Violent demonstration,1,0,210526,Demonstrations,3754,4.2905,10.2235
2021-06-05,Middle Africa,Cameroon,Littoral,Riots,Violent demonstration,1,0,210526,Demonstrations,3754,4.2905,10.2235
2021-11-13,Middle Africa,Cameroon,Littoral,Riots,Violent demonstration,1,0,210526,Demonstrations,3754,4.2905,10.2235
2022-04-09,Middle Africa,Cameroon,Littoral,Riots,Violent demonstration,1,0,215100,Demonstrations,3754,4.2905,10.2235
2022-10-29,Middle Africa,Cameroon,Littoral,Riots,Violent demonstration,1,0,215100,Demonstrations,3754,4.2905,10.2235
2025-10-25,Middle Africa,Cameroon,Littoral,Riots,Violent demonstration,3,19,223565,Demonstrations,3754,4.2905,10.2235
2025-12-06,Middle Africa,Cameroon,Littoral,Riots,Violent demonstration,1,0,184167,Demonstrations,3754,4.2905,10.2235
2026-05-02,Middle Africa,Cameroon,Littoral,Riots,Violent demonstration,1,0,49606,Demonstrations,3754,4.2905,10.2235
2021-10-16,Middle Africa,Cameroon,Littoral,Strategic developments,Arrests,1,0,,Strategic developments,3754,4.2905,10.2235
2022-11-12,Middle Africa,Cameroon,Littoral,Strategic developments,Arrests,1,0,,Strategic developments,3754,4.2905,10.2235
2023-03-18,Middle Africa,Cameroon,Littoral,Strategic developments,Arrests,1,0,,Strategic developments,3754,4.2905,10.2235
2023-10-28,Middle Africa,Cameroon,Littoral,Strategic developments,Arrests,1,0,,Strategic developments,3754,4.2905,10.2235
2024-09-21,Middle Africa,Cameroon,Littoral,Strategic developments,Arrests,1,0,,Strategic developments,3754,4.2905,10.2235
2025-01-11,Middle Africa,Cameroon,Littoral,Strategic developments,Arrests,1,0,,Strategic developments,3754,4.2905,10.2235
2025-10-25,Middle Africa,Cameroon,Littoral,Strategic developments,Arrests,1,0,,Strategic developments,3754,4.2905,10.2235
2025-10-25,Middle Africa,Cameroon,Littoral,Strategic developments,Change to group/activity,2,0,,Strategic developments,3754,4.2905,10.2235
2021-01-30,Middle Africa,Cameroon,Littoral,Strategic developments,Disrupted weapons use,1,1,,Strategic developments,3754,4.2905,10.2235
2020-01-25,Middle Africa,Cameroon,Littoral,Strategic developments,Looting/property destruction,1,0,,Strategic developments,3754,4.2905,10.2235
2020-02-29,Middle Africa,Cameroon,Littoral,Strategic developments,Looting/property destruction,1,0,,Strategic developments,3754,4.2905,10.2235
2020-10-17,Middle Africa,Cameroon,Littoral,Strategic developments,Looting/property destruction,1,0,,Strategic developments,3754,4.2905,10.2235
2021-03-27,Middle Africa,Cameroon,Littoral,Strategic developments,Looting/property destruction,1,0,,Strategic developments,3754,4.2905,10.2235
2024-09-07,Middle Africa,Cameroon,Littoral,Strategic developments,Looting/property destruction,1,0,,Strategic developments,3754,4.2905,10.2235
2023-01-28,Middle Africa,Cameroon,Littoral,Strategic developments,Other,1,0,,Strategic developments,3754,4.2905,10.2235
2023-10-14,Middle Africa,Cameroon,Littoral,Strategic developments,Other,1,0,,Strategic developments,3754,4.2905,10.2235
2023-10-21,Middle Africa,Cameroon,Littoral,Strategic developments,Other,1,0,,Strategic developments,3754,4.2905,10.2235
2025-10-18,Middle Africa,Cameroon,Littoral,Strategic developments,Other,1,0,,Strategic developments,3754,4.2905,10.2235
2025-12-06,Middle Africa,Cameroon,Littoral,Strategic developments,Other,1,0,,Strategic developments,3754,4.2905,10.2235
2023-04-01,Middle Africa,Cameroon,Littoral,Violence against civilians,Abduction/forced disappearance,1,0,219653,Political violence,3754,4.2905,10.2235
2024-02-24,Middle Africa,Cameroon,Littoral,Violence against civilians,Abduction/forced disappearance,1,0,224159,Political violence,3754,4.2905,10.2235
2025-07-12,Middle Africa,Cameroon,Littoral,Violence against civilians,Abduction/forced disappearance,1,0,593,Political violence,3754,4.2905,10.2235
2025-08-16,Middle Africa,Cameroon,Littoral,Violence against civilians,Abduction/forced disappearance,1,0,266,Political violence,3754,4.2905,10.2235
2020-02-15,Middle Africa,Cameroon,Littoral,Violence against civilians,Attack,1,0,205805,Political violence,3754,4.2905,10.2235
2020-02-29,Middle Africa,Cameroon,Littoral,Violence against civilians,Attack,1,1,863107,Political violence,3754,4.2905,10.2235
2020-04-25,Middle Africa,Cameroon,Littoral,Violence against civilians,Attack,1,0,205805,Political violence,3754,4.2905,10.2235
2020-05-09,Middle Africa,Cameroon,Littoral,Violence against civilians,Attack,1,0,205805,Political violence,3754,4.2905,10.2235
2020-07-18,Middle Africa,Cameroon,Littoral,Violence against civilians,Attack,1,1,863107,Political violence,3754,4.2905,10.2235
2020-08-08,Middle Africa,Cameroon,Littoral,Violence against civilians,Attack,1,1,5411,Political violence,3754,4.2905,10.2235
2020-11-14,Middle Africa,Cameroon,Littoral,Violence against civilians,Attack,1,0,205805,Political violence,3754,4.2905,10.2235
2021-02-13,Middle Africa,Cameroon,Littoral,Violence against civilians,Attack,1,1,830410,Political violence,3754,4.2905,10.2235
2021-03-20,Middle Africa,Cameroon,Littoral,Violence against civilians,Attack,1,0,12388,Political violence,3754,4.2905,10.2235
2021-07-10,Middle Africa,Cameroon,Littoral,Violence against civilians,Attack,1,0,210526,Political violence,3754,4.2905,10.2235
2021-07-17,Middle Africa,Cameroon,Littoral,Violence against civilians,Attack,1,1,1537,Political violence,3754,4.2905,10.2235
2021-10-02,Middle Africa,Cameroon,Littoral,Violence against civilians,Attack,1,1,830410,Political violence,3754,4.2905,10.2235
2021-10-09,Middle Africa,Cameroon,Littoral,Violence against civilians,Attack,1,0,210526,Political violence,3754,4.2905,10.2235
2021-11-13,Middle Africa,Cameroon,Littoral,Violence against civilians,Attack,1,1,830410,Political violence,3754,4.2905,10.2235
2022-04-30,Middle Africa,Cameroon,Littoral,Violence against civilians,Attack,1,1,45859,Political violence,3754,4.2905,10.2235
2022-06-25,Middle Africa,Cameroon,Littoral,Violence against civilians,Attack,1,1,901291,Political violence,3754,4.2905,10.2235
2022-07-23,Middle Africa,Cameroon,Littoral,Violence against civilians,Attack,1,3,3633,Political violence,3754,4.2905,10.2235
2022-08-06,Middle Africa,Cameroon,Littoral,Violence against civilians,Attack,2,1,901291,Political violence,3754,4.2905,10.2235
2022-10-08,Middle Africa,Cameroon,Littoral,Violence against civilians,Attack,2,2,3633,Political violence,3754,4.2905,10.2235
2022-10-22,Middle Africa,Cameroon,Littoral,Violence against civilians,Attack,1,1,84393,Political violence,3754,4.2905,10.2235
2022-10-29,Middle Africa,Cameroon,Littoral,Violence against civilians,Attack,1,1,14987,Political violence,3754,4.2905,10.2235
2022-11-05,Middle Africa,Cameroon,Littoral,Violence against civilians,Attack,1,0,156,Political violence,3754,4.2905,10.2235
2022-12-10,Middle Africa,Cameroon,Littoral,Violence against civilians,Attack,3,1,215100,Political violence,3754,4.2905,10.2235
2022-12-17,Middle Africa,Cameroon,Littoral,Violence against civilians,Attack,1,0,215100,Political violence,3754,4.2905,10.2235
2022-12-24,Middle Africa,Cameroon,Littoral,Violence against civilians,Attack,1,1,848129,Political violence,3754,4.2905,10.2235
2022-12-31,Middle Africa,Cameroon,Littoral,Violence against civilians,Attack,2,2,865979,Political violence,3754,4.2905,10.2235
2023-02-18,Middle Africa,Cameroon,Littoral,Violence against civilians,Attack,1,0,219653,Political violence,3754,4.2905,10.2235
2023-03-25,Middle Africa,Cameroon,Littoral,Violence against civilians,Attack,1,1,27967,Political violence,3754,4.2905,10.2235
2023-04-01,Middle Africa,Cameroon,Littoral,Violence against civilians,Attack,1,0,564,Political violence,3754,4.2905,10.2235
2023-04-15,Middle Africa,Cameroon,Littoral,Violence against civilians,Attack,1,0,40539,Political violence,3754,4.2905,10.2235
2023-05-20,Middle Africa,Cameroon,Littoral,Violence against civilians,Attack,1,1,865979,Political violence,3754,4.2905,10.2235
2023-05-27,Middle Africa,Cameroon,Littoral,Violence against civilians,Attack,1,0,219653,Political violence,3754,4.2905,10.2235
2023-09-30,Middle Africa,Cameroon,Littoral,Violence against civilians,Attack,1,0,219653,Political violence,3754,4.2905,10.2235
2024-09-14,Middle Africa,Cameroon,Littoral,Violence against civilians,Attack,1,1,883722,Political violence,3754,4.2905,10.2235
2024-10-05,Middle Africa,Cameroon,Littoral,Violence against civilians,Attack,1,0,224159,Political violence,3754,4.2905,10.2235
2024-10-12,Middle Africa,Cameroon,Littoral,Violence against civilians,Attack,1,1,1636,Political violence,3754,4.2905,10.2235
2024-11-23,Middle Africa,Cameroon,Littoral,Violence against civilians,Attack,1,0,224159,Political violence,3754,4.2905,10.2235
2024-12-21,Middle Africa,Cameroon,Littoral,Violence against civilians,Attack,1,0,578,Political violence,3754,4.2905,10.2235
2025-10-25,Middle Africa,Cameroon,Littoral,Violence against civilians,Attack,3,3,569138,Political violence,3754,4.2905,10.2235
2025-12-06,Middle Africa,Cameroon,Littoral,Violence against civilians,Attack,1,1,382480,Political violence,3754,4.2905,10.2235
2021-05-22,Middle Africa,Cameroon,Nord,Battles,Armed clash,1,3,8213,Political violence,3755,8.6371,13.8726
2021-11-27,Middle Africa,Cameroon,Nord,Battles,Armed clash,1,0,20067,Political violence,3755,8.6371,13.8726
2022-10-22,Middle Africa,Cameroon,Nord,Battles,Armed clash,1,0,2364,Political violence,3755,8.6371,13.8726
2022-11-05,Middle Africa,Cameroon,Nord,Battles,Armed clash,1,0,29973,Political violence,3755,8.6371,13.8726
2023-01-07,Middle Africa,Cameroon,Nord,Battles,Armed clash,2,7,11292,Political violence,3755,8.6371,13.8726
2023-05-06,Middle Africa,Cameroon,Nord,Battles,Armed clash,1,1,530536,Political violence,3755,8.6371,13.8726
2024-03-02,Middle Africa,Cameroon,Nord,Battles,Armed clash,1,3,2993,Political violence,3755,8.6371,13.8726
2024-07-27,Middle Africa,Cameroon,Nord,Battles,Armed clash,1,1,74918,Political violence,3755,8.6371,13.8726
2025-03-08,Middle Africa,Cameroon,Nord,Battles,Armed clash,1,2,15938,Political violence,3755,8.6371,13.8726
2025-10-18,Middle Africa,Cameroon,Nord,Protests,Excessive force against protesters,1,1,50383,Political violence; Demonstrations,3755,8.6371,13.8726
2025-10-25,Middle Africa,Cameroon,Nord,Protests,Excessive force against protesters,1,2,50383,Political violence; Demonstrations,3755,8.6371,13.8726
2020-02-22,Middle Africa,Cameroon,Nord,Protests,Peaceful protest,1,0,43354,Demonstrations,3755,8.6371,13.8726
2022-10-22,Middle Africa,Cameroon,Nord,Protests,Peaceful protest,1,0,32832,Demonstrations,3755,8.6371,13.8726
2024-11-30,Middle Africa,Cameroon,Nord,Protests,Peaceful protest,1,0,7904,Demonstrations,3755,8.6371,13.8726
2025-09-13,Middle Africa,Cameroon,Nord,Protests,Peaceful protest,1,0,50383,Demonstrations,3755,8.6371,13.8726
2025-10-18,Middle Africa,Cameroon,Nord,Protests,Peaceful protest,2,0,102970,Demonstrations,3755,8.6371,13.8726
2026-05-16,Middle Africa,Cameroon,Nord,Protests,Peaceful protest,1,0,19799,Demonstrations,3755,8.6371,13.8726
2020-09-19,Middle Africa,Cameroon,Nord,Protests,Protest with intervention,1,0,43354,Demonstrations,3755,8.6371,13.8726
2025-10-18,Middle Africa,Cameroon,Nord,Protests,Protest with intervention,1,0,50383,Demonstrations,3755,8.6371,13.8726
2020-03-07,Middle Africa,Cameroon,Nord,Riots,Mob violence,1,0,131001,Political violence,3755,8.6371,13.8726
2020-11-07,Middle Africa,Cameroon,Nord,Riots,Mob violence,1,0,131001,Political violence,3755,8.6371,13.8726
2021-01-02,Middle Africa,Cameroon,Nord,Riots,Mob violence,1,1,135226,Political violence,3755,8.6371,13.8726
2022-01-29,Middle Africa,Cameroon,Nord,Riots,Mob violence,1,1,139495,Political violence,3755,8.6371,13.8726
2022-12-10,Middle Africa,Cameroon,Nord,Riots,Mob violence,1,1,139495,Political violence,3755,8.6371,13.8726
2023-01-07,Middle Africa,Cameroon,Nord,Riots,Mob violence,1,0,18915,Political violence,3755,8.6371,13.8726
2023-03-11,Middle Africa,Cameroon,Nord,Riots,Mob violence,1,0,56709,Political violence,3755,8.6371,13.8726
2023-08-26,Middle Africa,Cameroon,Nord,Riots,Mob violence,1,1,13765,Political violence,3755,8.6371,13.8726
2024-10-12,Middle Africa,Cameroon,Nord,Riots,Mob violence,1,0,2988,Political violence,3755,8.6371,13.8726
2025-09-27,Middle Africa,Cameroon,Nord,Riots,Mob violence,1,0,68987,Political violence,3755,8.6371,13.8726
2025-10-18,Middle Africa,Cameroon,Nord,Riots,Mob violence,1,0,128260,Political violence,3755,8.6371,13.8726
2025-10-25,Middle Africa,Cameroon,Nord,Riots,Mob violence,1,3,68987,Political violence,3755,8.6371,13.8726
2025-11-01,Middle Africa,Cameroon,Nord,Riots,Mob violence,1,0,68987,Political violence,3755,8.6371,13.8726
2025-11-22,Middle Africa,Cameroon,Nord,Riots,Mob violence,1,1,33312,Political violence,3755,8.6371,13.8726
2026-05-09,Middle Africa,Cameroon,Nord,Riots,Mob violence,1,0,1587,Political violence,3755,8.6371,13.8726
2026-06-13,Middle Africa,Cameroon,Nord,Riots,Mob violence,1,0,1587,Political violence,3755,8.6371,13.8726
2026-07-25,Middle Africa,Cameroon,Nord,Riots,Mob violence,1,0,39037,Political violence,3755,8.6371,13.8726
2025-10-25,Middle Africa,Cameroon,Nord,Riots,Violent demonstration,4,3,221434,Demonstrations,3755,8.6371,13.8726
2025-11-01,Middle Africa,Cameroon,Nord,Riots,Violent demonstration,1,0,152447,Demonstrations,3755,8.6371,13.8726
2024-12-21,Middle Africa,Cameroon,Nord,Strategic developments,Arrests,1,0,,Strategic developments,3755,8.6371,13.8726
2020-08-29,Middle Africa,Cameroon,Nord,Strategic developments,Disrupted weapons use,1,0,,Strategic developments,3755,8.6371,13.8726
2023-01-28,Middle Africa,Cameroon,Nord,Strategic developments,Disrupted weapons use,1,0,,Strategic developments,3755,8.6371,13.8726
2023-04-29,Middle Africa,Cameroon,Nord,Strategic developments,Disrupted weapons use,1,0,,Strategic developments,3755,8.6371,13.8726
2024-07-27,Middle Africa,Cameroon,Nord,Strategic developments,Disrupted weapons use,1,0,,Strategic developments,3755,8.6371,13.8726
2025-10-25,Middle Africa,Cameroon,Nord,Strategic developments,Disrupted weapons use,2,0,,Strategic developments,3755,8.6371,13.8726
2022-10-08,Middle Africa,Cameroon,Nord,Strategic developments,Looting/property destruction,1,0,,Strategic developments,3755,8.6371,13.8726
2023-05-06,Middle Africa,Cameroon,Nord,Strategic developments,Looting/property destruction,1,0,,Strategic developments,3755,8.6371,13.8726
2024-04-06,Middle Africa,Cameroon,Nord,Strategic developments,Looting/property destruction,1,0,,Strategic developments,3755,8.6371,13.8726
2024-05-04,Middle Africa,Cameroon,Nord,Strategic developments,Looting/property destruction,1,0,,Strategic developments,3755,8.6371,13.8726
2025-10-11,Middle Africa,Cameroon,Nord,Strategic developments,Other,1,0,,Strategic developments,3755,8.6371,13.8726
2025-10-18,Middle Africa,Cameroon,Nord,Strategic developments,Other,1,0,,Strategic developments,3755,8.6371,13.8726
2021-01-30,Middle Africa,Cameroon,Nord,Violence against civilians,Abduction/forced disappearance,1,0,1575,Political violence,3755,8.6371,13.8726
2021-10-30,Middle Africa,Cameroon,Nord,Violence against civilians,Abduction/forced disappearance,1,0,135226,Political violence,3755,8.6371,13.8726
2022-03-19,Middle Africa,Cameroon,Nord,Violence against civilians,Abduction/forced disappearance,2,0,3192,Political violence,3755,8.6371,13.8726
2022-08-13,Middle Africa,Cameroon,Nord,Violence against civilians,Abduction/forced disappearance,1,0,60321,Political violence,3755,8.6371,13.8726
2023-03-18,Middle Africa,Cameroon,Nord,Violence against civilians,Abduction/forced disappearance,1,0,392,Political violence,3755,8.6371,13.8726
2023-09-02,Middle Africa,Cameroon,Nord,Violence against civilians,Abduction/forced disappearance,1,0,18915,Political violence,3755,8.6371,13.8726
2023-10-21,Middle Africa,Cameroon,Nord,Violence against civilians,Abduction/forced disappearance,3,0,65272,Political violence,3755,8.6371,13.8726
2024-03-02,Middle Africa,Cameroon,Nord,Violence against civilians,Abduction/forced disappearance,1,0,66188,Political violence,3755,8.6371,13.8726
2024-04-27,Middle Africa,Cameroon,Nord,Violence against civilians,Abduction/forced disappearance,1,0,66188,Political violence,3755,8.6371,13.8726
2024-05-18,Middle Africa,Cameroon,Nord,Violence against civilians,Abduction/forced disappearance,1,0,271,Political violence,3755,8.6371,13.8726
2024-05-25,Middle Africa,Cameroon,Nord,Violence against civilians,Abduction/forced disappearance,1,0,86,Political violence,3755,8.6371,13.8726
2024-06-01,Middle Africa,Cameroon,Nord,Violence against civilians,Abduction/forced disappearance,1,0,2835,Political violence,3755,8.6371,13.8726
2024-06-08,Middle Africa,Cameroon,Nord,Violence against civilians,Abduction/forced disappearance,2,0,67833,Political violence,3755,8.6371,13.8726
2024-06-22,Middle Africa,Cameroon,Nord,Violence against civilians,Abduction/forced disappearance,1,0,1643,Political violence,3755,8.6371,13.8726
2024-07-27,Middle Africa,Cameroon,Nord,Violence against civilians,Abduction/forced disappearance,1,0,2769,Political violence,3755,8.6371,13.8726
2024-08-03,Middle Africa,Cameroon,Nord,Violence against civilians,Abduction/forced disappearance,1,0,66188,Political violence,3755,8.6371,13.8726
2024-08-10,Middle Africa,Cameroon,Nord,Violence against civilians,Abduction/forced disappearance,1,0,21817,Political violence,3755,8.6371,13.8726
2024-08-17,Middle Africa,Cameroon,Nord,Violence against civilians,Abduction/forced disappearance,4,0,79341,Political violence,3755,8.6371,13.8726
2024-08-24,Middle Africa,Cameroon,Nord,Violence against civilians,Abduction/forced disappearance,2,0,10082,Political violence,3755,8.6371,13.8726
2024-09-28,Middle Africa,Cameroon,Nord,Violence against civilians,Abduction/forced disappearance,1,0,14386,Political violence,3755,8.6371,13.8726
2024-10-05,Middle Africa,Cameroon,Nord,Violence against civilians,Abduction/forced disappearance,1,0,19744,Political violence,3755,8.6371,13.8726
2025-01-18,Middle Africa,Cameroon,Nord,Violence against civilians,Abduction/forced disappearance,2,0,89529,Political violence,3755,8.6371,13.8726
2025-01-25,Middle Africa,Cameroon,Nord,Violence against civilians,Abduction/forced disappearance,1,0,3653,Political violence,3755,8.6371,13.8726
2025-02-01,Middle Africa,Cameroon,Nord,Violence against civilians,Abduction/forced disappearance,2,0,89529,Political violence,3755,8.6371,13.8726
2025-02-15,Middle Africa,Cameroon,Nord,Violence against civilians,Abduction/forced disappearance,2,0,6623,Political violence,3755,8.6371,13.8726
2025-10-04,Middle Africa,Cameroon,Nord,Violence against civilians,Abduction/forced disappearance,1,0,68987,Political violence,3755,8.6371,13.8726
2025-11-01,Middle Africa,Cameroon,Nord,Violence against civilians,Abduction/forced disappearance,1,0,15097,Political violence,3755,8.6371,13.8726
2025-11-08,Middle Africa,Cameroon,Nord,Violence against civilians,Abduction/forced disappearance,2,0,152447,Political violence,3755,8.6371,13.8726
2026-06-13,Middle Africa,Cameroon,Nord,Violence against civilians,Abduction/forced disappearance,1,0,15628,Political violence,3755,8.6371,13.8726
2022-04-09,Middle Africa,Cameroon,Nord,Violence against civilians,Attack,1,1,5183,Political violence,3755,8.6371,13.8726
2022-06-11,Middle Africa,Cameroon,Nord,Violence against civilians,Attack,1,2,68531,Political violence,3755,8.6371,13.8726
2022-10-01,Middle Africa,Cameroon,Nord,Violence against civilians,Attack,1,0,60321,Political violence,3755,8.6371,13.8726
2022-12-31,Middle Africa,Cameroon,Nord,Violence against civilians,Attack,1,0,1407,Political violence,3755,8.6371,13.8726
2023-01-07,Middle Africa,Cameroon,Nord,Violence against civilians,Attack,1,2,21813,Political violence,3755,8.6371,13.8726
2023-07-08,Middle Africa,Cameroon,Nord,Violence against civilians,Attack,1,3,6681,Political violence,3755,8.6371,13.8726
2023-08-26,Middle Africa,Cameroon,Nord,Violence against civilians,Attack,1,1,17761,Political violence,3755,8.6371,13.8726
2024-01-06,Middle Africa,Cameroon,Nord,Violence against civilians,Attack,1,1,22985,Political violence,3755,8.6371,13.8726
2024-01-27,Middle Africa,Cameroon,Nord,Violence against civilians,Attack,1,4,74918,Political violence,3755,8.6371,13.8726
2024-02-17,Middle Africa,Cameroon,Nord,Violence against civilians,Attack,1,1,2763,Political violence,3755,8.6371,13.8726
2024-03-16,Middle Africa,Cameroon,Nord,Violence against civilians,Attack,1,1,74918,Political violence,3755,8.6371,13.8726
2024-04-20,Middle Africa,Cameroon,Nord,Violence against civilians,Attack,1,1,74918,Political violence,3755,8.6371,13.8726
2024-04-27,Middle Africa,Cameroon,Nord,Violence against civilians,Attack,1,1,74918,Political violence,3755,8.6371,13.8726
2024-07-27,Middle Africa,Cameroon,Nord,Violence against civilians,Attack,2,3,78645,Political violence,3755,8.6371,13.8726
2024-08-10,Middle Africa,Cameroon,Nord,Violence against civilians,Attack,1,1,9082,Political violence,3755,8.6371,13.8726
2024-08-24,Middle Africa,Cameroon,Nord,Violence against civilians,Attack,1,0,1421,Political violence,3755,8.6371,13.8726
2025-04-26,Middle Africa,Cameroon,Nord,Violence against civilians,Attack,1,0,15097,Political violence,3755,8.6371,13.8726
2025-05-03,Middle Africa,Cameroon,Nord,Violence against civilians,Attack,1,1,23642,Political violence,3755,8.6371,13.8726
2025-10-25,Middle Africa,Cameroon,Nord,Violence against civilians,Attack,1,2,566321,Political violence,3755,8.6371,13.8726
2026-05-02,Middle Africa,Cameroon,Nord,Violence against civilians,Attack,1,1,20532,Political violence,3755,8.6371,13.8726
2026-07-25,Middle Africa,Cameroon,Nord,Violence against civilians,Attack,1,1,11812,Political violence,3755,8.6371,13.8726
2020-01-04,Middle Africa,Cameroon,Nord-Ouest,Battles,Armed clash,6,6,158811,Political violence,3749,6.4342,10.4682
2020-01-11,Middle Africa,Cameroon,Nord-Ouest,Battles,Armed clash,2,1,50559,Political violence,3749,6.4342,10.4682
2020-01-18,Middle Africa,Cameroon,Nord-Ouest,Battles,Armed clash,1,23,31593,Political violence,3749,6.4342,10.4682
2020-01-25,Middle Africa,Cameroon,Nord-Ouest,Battles,Armed clash,1,4,15333,Political violence,3749,6.4342,10.4682
2020-02-01,Middle Africa,Cameroon,Nord-Ouest,Battles,Armed clash,6,6,293855,Political violence,3749,6.4342,10.4682
2020-02-08,Middle Africa,Cameroon,Nord-Ouest,Battles,Armed clash,4,5,264062,Political violence,3749,6.4342,10.4682
2020-02-15,Middle Africa,Cameroon,Nord-Ouest,Battles,Armed clash,2,3,23681,Political violence,3749,6.4342,10.4682
2020-02-22,Middle Africa,Cameroon,Nord-Ouest,Battles,Armed clash,2,6,44610,Political violence,3749,6.4342,10.4682
2020-03-07,Middle Africa,Cameroon,Nord-Ouest,Battles,Armed clash,7,17,298816,Political violence,3749,6.4342,10.4682
2020-03-14,Middle Africa,Cameroon,Nord-Ouest,Battles,Armed clash,2,0,78669,Political violence,3749,6.4342,10.4682
2020-03-21,Middle Africa,Cameroon,Nord-Ouest,Battles,Armed clash,5,38,192007,Political violence,3749,6.4342,10.4682
2020-03-28,Middle Africa,Cameroon,Nord-Ouest,Battles,Armed clash,1,4,10295,Political violence,3749,6.4342,10.4682
2020-04-04,Middle Africa,Cameroon,Nord-Ouest,Battles,Armed clash,1,0,218822,Political violence,3749,6.4342,10.4682
2020-04-11,Middle Africa,Cameroon,Nord-Ouest,Battles,Armed clash,5,10,124402,Political violence,3749,6.4342,10.4682
2020-04-18,Middle Africa,Cameroon,Nord-Ouest,Battles,Armed clash,2,4,38132,Political violence,3749,6.4342,10.4682
2020-04-25,Middle Africa,Cameroon,Nord-Ouest,Battles,Armed clash,5,15,276258,Political violence,3749,6.4342,10.4682
2020-05-09,Middle Africa,Cameroon,Nord-Ouest,Battles,Armed clash,1,0,218822,Political violence,3749,6.4342,10.4682
2020-05-16,Middle Africa,Cameroon,Nord-Ouest,Battles,Armed clash,4,8,285644,Political violence,3749,6.4342,10.4682
2020-05-23,Middle Africa,Cameroon,Nord-Ouest,Battles,Armed clash,2,2,259215,Political violence,3749,6.4342,10.4682
2020-05-30,Middle Africa,Cameroon,Nord-Ouest,Battles,Armed clash,1,0,23853,Political violence,3749,6.4342,10.4682
2020-06-06,Middle Africa,Cameroon,Nord-Ouest,Battles,Armed clash,5,14,314325,Political violence,3749,6.4342,10.4682
2020-06-13,Middle Africa,Cameroon,Nord-Ouest,Battles,Armed clash,11,40,350826,Political violence,3749,6.4342,10.4682
2020-06-20,Middle Africa,Cameroon,Nord-Ouest,Battles,Armed clash,1,0,29246,Political violence,3749,6.4342,10.4682
2020-06-27,Middle Africa,Cameroon,Nord-Ouest,Battles,Armed clash,10,25,392157,Political violence,3749,6.4342,10.4682
2020-07-04,Middle Africa,Cameroon,Nord-Ouest,Battles,Armed clash,3,2,218822,Political violence,3749,6.4342,10.4682
2020-07-11,Middle Africa,Cameroon,Nord-Ouest,Battles,Armed clash,3,1,32995,Political violence,3749,6.4342,10.4682
2020-07-18,Middle Africa,Cameroon,Nord-Ouest,Battles,Armed clash,7,19,356214,Political violence,3749,6.4342,10.4682
2020-07-25,Middle Africa,Cameroon,Nord-Ouest,Battles,Armed clash,3,4,235810,Political violence,3749,6.4342,10.4682
2020-08-01,Middle Africa,Cameroon,Nord-Ouest,Battles,Armed clash,2,4,43422,Political violence,3749,6.4342,10.4682
2020-08-08,Middle Africa,Cameroon,Nord-Ouest,Battles,Armed clash,3,4,45522,Political violence,3749,6.4342,10.4682
2020-08-15,Middle Africa,Cameroon,Nord-Ouest,Battles,Armed clash,2,0,227856,Political violence,3749,6.4342,10.4682
2020-08-22,Middle Africa,Cameroon,Nord-Ouest,Battles,Armed clash,4,19,240191,Political violence,3749,6.4342,10.4682
2020-08-29,Middle Africa,Cameroon,Nord-Ouest,Battles,Armed clash,3,9,233879,Political violence,3749,6.4342,10.4682
2020-09-05,Middle Africa,Cameroon,Nord-Ouest,Battles,Armed clash,3,2,218822,Political violence,3749,6.4342,10.4682
2020-09-12,Middle Africa,Cameroon,Nord-Ouest,Battles,Armed clash,4,5,240003,Political violence,3749,6.4342,10.4682
2020-09-19,Middle Africa,Cameroon,Nord-Ouest,Battles,Armed clash,2,4,218822,Political violence,3749,6.4342,10.4682
2020-09-26,Middle Africa,Cameroon,Nord-Ouest,Battles,Armed clash,2,8,50615,Political violence,3749,6.4342,10.4682
2020-10-03,Middle Africa,Cameroon,Nord-Ouest,Battles,Armed clash,1,0,218252,Political violence,3749,6.4342,10.4682
2020-10-10,Middle Africa,Cameroon,Nord-Ouest,Battles,Armed clash,2,4,27513,Political violence,3749,6.4342,10.4682
2020-10-17,Middle Africa,Cameroon,Nord-Ouest,Battles,Armed clash,1,0,40393,Political violence,3749,6.4342,10.4682
2020-10-24,Middle Africa,Cameroon,Nord-Ouest,Battles,Armed clash,3,19,25105,Political violence,3749,6.4342,10.4682
2020-11-07,Middle Africa,Cameroon,Nord-Ouest,Battles,Armed clash,1,0,218252,Political violence,3749,6.4342,10.4682
2020-11-14,Middle Africa,Cameroon,Nord-Ouest,Battles,Armed clash,3,5,23486,Political violence,3749,6.4342,10.4682
2020-11-21,Middle Africa,Cameroon,Nord-Ouest,Battles,Armed clash,2,2,227286,Political violence,3749,6.4342,10.4682
2020-11-28,Middle Africa,Cameroon,Nord-Ouest,Battles,Armed clash,3,7,19144,Political violence,3749,6.4342,10.4682
2020-12-05,Middle Africa,Cameroon,Nord-Ouest,Battles,Armed clash,2,1,233309,Political violence,3749,6.4342,10.4682
2020-12-12,Middle Africa,Cameroon,Nord-Ouest,Battles,Armed clash,8,4,364591,Political violence,3749,6.4342,10.4682
2020-12-19,Middle Africa,Cameroon,Nord-Ouest,Battles,Armed clash,8,11,313001,Political violence,3749,6.4342,10.4682
2020-12-26,Middle Africa,Cameroon,Nord-Ouest,Battles,Armed clash,11,15,437935,Political violence,3749,6.4342,10.4682
2021-01-02,Middle Africa,Cameroon,Nord-Ouest,Battles,Armed clash,16,33,429667,Political violence,3749,6.4342,10.4682
2021-01-09,Middle Africa,Cameroon,Nord-Ouest,Battles,Armed clash,6,2,285884,Political violence,3749,6.4342,10.4682
2021-01-16,Middle Africa,Cameroon,Nord-Ouest,Battles,Armed clash,6,5,92415,Political violence,3749,6.4342,10.4682
2021-01-23,Middle Africa,Cameroon,Nord-Ouest,Battles,Armed clash,10,14,344408,Political violence,3749,6.4342,10.4682
2021-01-30,Middle Africa,Cameroon,Nord-Ouest,Battles,Armed clash,7,5,346895,Political violence,3749,6.4342,10.4682
2021-02-06,Middle Africa,Cameroon,Nord-Ouest,Battles,Armed clash,16,22,443704,Political violence,3749,6.4342,10.4682
2021-02-13,Middle Africa,Cameroon,Nord-Ouest,Battles,Armed clash,8,4,140114,Political violence,3749,6.4342,10.4682
2021-02-20,Middle Africa,Cameroon,Nord-Ouest,Battles,Armed clash,9,25,136948,Political violence,3749,6.4342,10.4682
2021-02-27,Middle Africa,Cameroon,Nord-Ouest,Battles,Armed clash,6,31,259856,Political violence,3749,6.4342,10.4682
2021-03-06,Middle Africa,Cameroon,Nord-Ouest,Battles,Armed clash,6,5,302854,Political violence,3749,6.4342,10.4682
2021-03-13,Middle Africa,Cameroon,Nord-Ouest,Battles,Armed clash,4,2,299565,Political violence,3749,6.4342,10.4682
2021-03-20,Middle Africa,Cameroon,Nord-Ouest,Battles,Armed clash,1,4,24158,Political violence,3749,6.4342,10.4682
2021-04-03,Middle Africa,Cameroon,Nord-Ouest,Battles,Armed clash,7,6,117139,Political violence,3749,6.4342,10.4682
2021-04-17,Middle Africa,Cameroon,Nord-Ouest,Battles,Armed clash,4,4,282329,Political violence,3749,6.4342,10.4682
2021-04-24,Middle Africa,Cameroon,Nord-Ouest,Battles,Armed clash,4,2,274150,Political violence,3749,6.4342,10.4682
2021-05-01,Middle Africa,Cameroon,Nord-Ouest,Battles,Armed clash,4,1,254983,Political violence,3749,6.4342,10.4682
2021-05-15,Middle Africa,Cameroon,Nord-Ouest,Battles,Armed clash,9,8,100258,Political violence,3749,6.4342,10.4682
2021-05-22,Middle Africa,Cameroon,Nord-Ouest,Battles,Armed clash,4,12,59937,Political violence,3749,6.4342,10.4682
2021-05-29,Middle Africa,Cameroon,Nord-Ouest,Battles,Armed clash,4,0,242995,Political violence,3749,6.4342,10.4682
2021-06-05,Middle Africa,Cameroon,Nord-Ouest,Battles,Armed clash,5,6,294007,Political violence,3749,6.4342,10.4682
2021-06-12,Middle Africa,Cameroon,Nord-Ouest,Battles,Armed clash,2,3,232397,Political violence,3749,6.4342,10.4682
2021-06-19,Middle Africa,Cameroon,Nord-Ouest,Battles,Armed clash,6,5,295527,Political violence,3749,6.4342,10.4682
2021-07-03,Middle Africa,Cameroon,Nord-Ouest,Battles,Armed clash,5,6,110018,Political violence,3749,6.4342,10.4682
2021-07-10,Middle Africa,Cameroon,Nord-Ouest,Battles,Armed clash,2,6,16322,Political violence,3749,6.4342,10.4682
2021-07-17,Middle Africa,Cameroon,Nord-Ouest,Battles,Armed clash,6,10,311617,Political violence,3749,6.4342,10.4682
2021-07-31,Middle Africa,Cameroon,Nord-Ouest,Battles,Armed clash,2,0,41946,Political violence,3749,6.4342,10.4682
2021-08-07,Middle Africa,Cameroon,Nord-Ouest,Battles,Armed clash,1,1,30684,Political violence,3749,6.4342,10.4682
2021-08-14,Middle Africa,Cameroon,Nord-Ouest,Battles,Armed clash,5,13,152032,Political violence,3749,6.4342,10.4682
2021-08-21,Middle Africa,Cameroon,Nord-Ouest,Battles,Armed clash,2,2,46288,Political violence,3749,6.4342,10.4682
2021-08-28,Middle Africa,Cameroon,Nord-Ouest,Battles,Armed clash,1,0,15092,Political violence,3749,6.4342,10.4682
2021-09-04,Middle Africa,Cameroon,Nord-Ouest,Battles,Armed clash,5,9,108690,Political violence,3749,6.4342,10.4682
2021-09-11,Middle Africa,Cameroon,Nord-Ouest,Battles,Armed clash,13,79,399220,Political violence,3749,6.4342,10.4682
2021-09-18,Middle Africa,Cameroon,Nord-Ouest,Battles,Armed clash,2,1,25483,Political violence,3749,6.4342,10.4682
2021-09-25,Middle Africa,Cameroon,Nord-Ouest,Battles,Armed clash,11,13,399691,Political violence,3749,6.4342,10.4682
2021-10-02,Middle Africa,Cameroon,Nord-Ouest,Battles,Armed clash,4,2,280217,Political violence,3749,6.4342,10.4682
2021-10-09,Middle Africa,Cameroon,Nord-Ouest,Battles,Armed clash,2,4,30056,Political violence,3749,6.4342,10.4682
2021-10-16,Middle Africa,Cameroon,Nord-Ouest,Battles,Armed clash,6,27,295212,Political violence,3749,6.4342,10.4682
2021-10-23,Middle Africa,Cameroon,Nord-Ouest,Battles,Armed clash,4,5,117186,Political violence,3749,6.4342,10.4682
2021-10-30,Middle Africa,Cameroon,Nord-Ouest,Battles,Armed clash,5,3,289105,Political violence,3749,6.4342,10.4682
2021-11-13,Middle Africa,Cameroon,Nord-Ouest,Battles,Armed clash,4,12,295102,Political violence,3749,6.4342,10.4682
2021-11-20,Middle Africa,Cameroon,Nord-Ouest,Battles,Armed clash,1,2,14162,Political violence,3749,6.4342,10.4682
2021-11-27,Middle Africa,Cameroon,Nord-Ouest,Battles,Armed clash,4,6,273344,Political violence,3749,6.4342,10.4682
2021-12-04,Middle Africa,Cameroon,Nord-Ouest,Battles,Armed clash,2,0,230053,Political violence,3749,6.4342,10.4682
2021-12-11,Middle Africa,Cameroon,Nord-Ouest,Battles,Armed clash,1,0,30684,Political violence,3749,6.4342,10.4682
2021-12-18,Middle Africa,Cameroon,Nord-Ouest,Battles,Armed clash,1,0,37010,Political violence,3749,6.4342,10.4682
2021-12-25,Middle Africa,Cameroon,Nord-Ouest,Battles,Armed clash,2,1,232397,Political violence,3749,6.4342,10.4682
2022-01-01,Middle Africa,Cameroon,Nord-Ouest,Battles,Armed clash,1,1,22303,Political violence,3749,6.4342,10.4682
2022-01-08,Middle Africa,Cameroon,Nord-Ouest,Battles,Armed clash,2,3,66797,Political violence,3749,6.4342,10.4682
2022-01-15,Middle Africa,Cameroon,Nord-Ouest,Battles,Armed clash,4,7,273301,Political violence,3749,6.4342,10.4682
2022-01-22,Middle Africa,Cameroon,Nord-Ouest,Battles,Armed clash,2,5,234223,Political violence,3749,6.4342,10.4682
2022-01-29,Middle Africa,Cameroon,Nord-Ouest,Battles,Armed clash,7,11,310026,Political violence,3749,6.4342,10.4682
2022-02-05,Middle Africa,Cameroon,Nord-Ouest,Battles,Armed clash,4,3,248150,Political violence,3749,6.4342,10.4682
2022-02-12,Middle Africa,Cameroon,Nord-Ouest,Battles,Armed clash,5,5,245888,Political violence,3749,6.4342,10.4682
2022-02-19,Middle Africa,Cameroon,Nord-Ouest,Battles,Armed clash,3,4,239655,Political violence,3749,6.4342,10.4682
2022-02-26,Middle Africa,Cameroon,Nord-Ouest,Battles,Armed clash,1,0,51695,Political violence,3749,6.4342,10.4682
2022-03-05,Middle Africa,Cameroon,Nord-Ouest,Battles,Armed clash,3,1,214267,Political violence,3749,6.4342,10.4682
2022-03-12,Middle Africa,Cameroon,Nord-Ouest,Battles,Armed clash,1,0,36783,Political violence,3749,6.4342,10.4682
2022-03-19,Middle Africa,Cameroon,Nord-Ouest,Battles,Armed clash,1,0,177484,Political violence,3749,6.4342,10.4682
2022-03-26,Middle Africa,Cameroon,Nord-Ouest,Battles,Armed clash,5,2,281243,Political violence,3749,6.4342,10.4682
2022-04-02,Middle Africa,Cameroon,Nord-Ouest,Battles,Armed clash,6,1,285024,Political violence,3749,6.4342,10.4682
2022-04-09,Middle Africa,Cameroon,Nord-Ouest,Battles,Armed clash,5,7,240611,Political violence,3749,6.4342,10.4682
2022-04-16,Middle Africa,Cameroon,Nord-Ouest,Battles,Armed clash,2,2,177484,Political violence,3749,6.4342,10.4682
2022-04-23,Middle Africa,Cameroon,Nord-Ouest,Battles,Armed clash,7,19,215541,Political violence,3749,6.4342,10.4682
2022-04-30,Middle Africa,Cameroon,Nord-Ouest,Battles,Armed clash,6,7,281203,Political violence,3749,6.4342,10.4682
2022-05-07,Middle Africa,Cameroon,Nord-Ouest,Battles,Armed clash,14,19,385003,Political violence,3749,6.4342,10.4682
2022-05-14,Middle Africa,Cameroon,Nord-Ouest,Battles,Armed clash,13,13,489701,Political violence,3749,6.4342,10.4682
2022-05-21,Middle Africa,Cameroon,Nord-Ouest,Battles,Armed clash,9,3,382135,Political violence,3749,6.4342,10.4682
2022-05-28,Middle Africa,Cameroon,Nord-Ouest,Battles,Armed clash,13,17,187100,Political violence,3749,6.4342,10.4682
2022-06-04,Middle Africa,Cameroon,Nord-Ouest,Battles,Armed clash,10,8,313996,Political violence,3749,6.4342,10.4682
2022-06-11,Middle Africa,Cameroon,Nord-Ouest,Battles,Armed clash,9,12,128326,Political violence,3749,6.4342,10.4682
2022-06-18,Middle Africa,Cameroon,Nord-Ouest,Battles,Armed clash,4,2,230889,Political violence,3749,6.4342,10.4682
2022-06-25,Middle Africa,Cameroon,Nord-Ouest,Battles,Armed clash,8,14,135775,Political violence,3749,6.4342,10.4682
2022-07-02,Middle Africa,Cameroon,Nord-Ouest,Battles,Armed clash,12,26,243744,Political violence,3749,6.4342,10.4682
2022-07-09,Middle Africa,Cameroon,Nord-Ouest,Battles,Armed clash,7,16,190532,Political violence,3749,6.4342,10.4682
2022-07-16,Middle Africa,Cameroon,Nord-Ouest,Battles,Armed clash,4,4,70282,Political violence,3749,6.4342,10.4682
2022-07-23,Middle Africa,Cameroon,Nord-Ouest,Battles,Armed clash,11,14,346282,Political violence,3749,6.4342,10.4682
2022-07-30,Middle Africa,Cameroon,Nord-Ouest,Battles,Armed clash,17,47,379568,Political violence,3749,6.4342,10.4682
2022-08-06,Middle Africa,Cameroon,Nord-Ouest,Battles,Armed clash,10,20,363143,Political violence,3749,6.4342,10.4682
2022-08-13,Middle Africa,Cameroon,Nord-Ouest,Battles,Armed clash,6,10,125746,Political violence,3749,6.4342,10.4682
2022-08-20,Middle Africa,Cameroon,Nord-Ouest,Battles,Armed clash,6,1,129363,Political violence,3749,6.4342,10.4682
2022-08-27,Middle Africa,Cameroon,Nord-Ouest,Battles,Armed clash,16,16,271782,Political violence,3749,6.4342,10.4682
2022-09-03,Middle Africa,Cameroon,Nord-Ouest,Battles,Armed clash,7,12,257099,Political violence,3749,6.4342,10.4682
2022-09-10,Middle Africa,Cameroon,Nord-Ouest,Battles,Armed clash,10,24,128272,Political violence,3749,6.4342,10.4682
2022-09-17,Middle Africa,Cameroon,Nord-Ouest,Battles,Armed clash,3,2,204394,Political violence,3749,6.4342,10.4682
2022-09-24,Middle Africa,Cameroon,Nord-Ouest,Battles,Armed clash,8,8,317543,Political violence,3749,6.4342,10.4682
2022-10-01,Middle Africa,Cameroon,Nord-Ouest,Battles,Armed clash,5,4,72607,Political violence,3749,6.4342,10.4682
2022-10-08,Middle Africa,Cameroon,Nord-Ouest,Battles,Armed clash,9,13,163898,Political violence,3749,6.4342,10.4682
2022-10-15,Middle Africa,Cameroon,Nord-Ouest,Battles,Armed clash,12,10,240640,Political violence,3749,6.4342,10.4682
2022-10-22,Middle Africa,Cameroon,Nord-Ouest,Battles,Armed clash,11,8,274257,Political violence,3749,6.4342,10.4682
2022-10-29,Middle Africa,Cameroon,Nord-Ouest,Battles,Armed clash,6,6,150725,Political violence,3749,6.4342,10.4682
2022-11-05,Middle Africa,Cameroon,Nord-Ouest,Battles,Armed clash,6,6,263973,Political violence,3749,6.4342,10.4682
2022-11-12,Middle Africa,Cameroon,Nord-Ouest,Battles,Armed clash,9,13,284583,Political violence,3749,6.4342,10.4682
2022-11-19,Middle Africa,Cameroon,Nord-Ouest,Battles,Armed clash,6,4,151933,Political violence,3749,6.4342,10.4682
2022-11-26,Middle Africa,Cameroon,Nord-Ouest,Battles,Armed clash,14,17,401336,Political violence,3749,6.4342,10.4682
2022-12-03,Middle Africa,Cameroon,Nord-Ouest,Battles,Armed clash,11,3,150128,Political violence,3749,6.4342,10.4682
2022-12-10,Middle Africa,Cameroon,Nord-Ouest,Battles,Armed clash,12,12,243573,Political violence,3749,6.4342,10.4682
2022-12-17,Middle Africa,Cameroon,Nord-Ouest,Battles,Armed clash,7,9,130312,Political violence,3749,6.4342,10.4682
2022-12-24,Middle Africa,Cameroon,Nord-Ouest,Battles,Armed clash,3,3,54807,Political violence,3749,6.4342,10.4682
2022-12-31,Middle Africa,Cameroon,Nord-Ouest,Battles,Armed clash,9,18,319197,Political violence,3749,6.4342,10.4682
2023-01-07,Middle Africa,Cameroon,Nord-Ouest,Battles,Armed clash,13,14,320264,Political violence,3749,6.4342,10.4682
2023-01-14,Middle Africa,Cameroon,Nord-Ouest,Battles,Armed clash,12,12,325203,Political violence,3749,6.4342,10.4682
2023-01-21,Middle Africa,Cameroon,Nord-Ouest,Battles,Armed clash,12,4,336660,Political violence,3749,6.4342,10.4682
2023-01-28,Middle Africa,Cameroon,Nord-Ouest,Battles,Armed clash,7,2,354086,Political violence,3749,6.4342,10.4682
2023-02-04,Middle Africa,Cameroon,Nord-Ouest,Battles,Armed clash,9,21,78675,Political violence,3749,6.4342,10.4682
2023-02-11,Middle Africa,Cameroon,Nord-Ouest,Battles,Armed clash,10,4,158522,Political violence,3749,6.4342,10.4682
2023-02-18,Middle Africa,Cameroon,Nord-Ouest,Battles,Armed clash,8,24,284175,Political violence,3749,6.4342,10.4682
2023-02-25,Middle Africa,Cameroon,Nord-Ouest,Battles,Armed clash,6,2,291342,Political violence,3749,6.4342,10.4682
2023-03-04,Middle Africa,Cameroon,Nord-Ouest,Battles,Armed clash,14,4,210869,Political violence,3749,6.4342,10.4682
2023-03-11,Middle Africa,Cameroon,Nord-Ouest,Battles,Armed clash,10,6,115725,Political violence,3749,6.4342,10.4682
2023-03-18,Middle Africa,Cameroon,Nord-Ouest,Battles,Armed clash,8,3,146022,Political violence,3749,6.4342,10.4682
2023-03-25,Middle Africa,Cameroon,Nord-Ouest,Battles,Armed clash,10,12,192275,Political violence,3749,6.4342,10.4682
2023-04-01,Middle Africa,Cameroon,Nord-Ouest,Battles,Armed clash,9,11,252613,Political violence,3749,6.4342,10.4682
2023-04-08,Middle Africa,Cameroon,Nord-Ouest,Battles,Armed clash,10,11,112043,Political violence,3749,6.4342,10.4682
2023-04-15,Middle Africa,Cameroon,Nord-Ouest,Battles,Armed clash,10,7,178285,Political violence,3749,6.4342,10.4682
2023-04-22,Middle Africa,Cameroon,Nord-Ouest,Battles,Armed clash,9,4,302764,Political violence,3749,6.4342,10.4682
2023-04-29,Middle Africa,Cameroon,Nord-Ouest,Battles,Armed clash,6,4,105439,Political violence,3749,6.4342,10.4682
2023-05-06,Middle Africa,Cameroon,Nord-Ouest,Battles,Armed clash,9,1,139096,Political violence,3749,6.4342,10.4682
2023-05-13,Middle Africa,Cameroon,Nord-Ouest,Battles,Armed clash,7,2,66006,Political violence,3749,6.4342,10.4682
2023-05-20,Middle Africa,Cameroon,Nord-Ouest,Battles,Armed clash,13,5,151484,Political violence,3749,6.4342,10.4682
2023-05-27,Middle Africa,Cameroon,Nord-Ouest,Battles,Armed clash,11,11,404563,Political violence,3749,6.4342,10.4682
2023-06-03,Middle Africa,Cameroon,Nord-Ouest,Battles,Armed clash,9,5,327375,Political violence,3749,6.4342,10.4682
2023-06-10,Middle Africa,Cameroon,Nord-Ouest,Battles,Armed clash,11,26,324745,Political violence,3749,6.4342,10.4682
2023-06-17,Middle Africa,Cameroon,Nord-Ouest,Battles,Armed clash,14,11,316351,Political violence,3749,6.4342,10.4682
2023-06-24,Middle Africa,Cameroon,Nord-Ouest,Battles,Armed clash,12,4,157849,Political violence,3749,6.4342,10.4682
2023-07-01,Middle Africa,Cameroon,Nord-Ouest,Battles,Armed clash,10,8,291031,Political violence,3749,6.4342,10.4682
2023-07-08,Middle Africa,Cameroon,Nord-Ouest,Battles,Armed clash,6,2,99714,Political violence,3749,6.4342,10.4682
2023-07-15,Middle Africa,Cameroon,Nord-Ouest,Battles,Armed clash,11,3,322209,Political violence,3749,6.4342,10.4682
2023-07-22,Middle Africa,Cameroon,Nord-Ouest,Battles,Armed clash,13,14,312136,Political violence,3749,6.4342,10.4682
2023-07-29,Middle Africa,Cameroon,Nord-Ouest,Battles,Armed clash,10,8,307729,Political violence,3749,6.4342,10.4682
2023-08-05,Middle Africa,Cameroon,Nord-Ouest,Battles,Armed clash,5,5,72871,Political violence,3749,6.4342,10.4682
2023-08-12,Middle Africa,Cameroon,Nord-Ouest,Battles,Armed clash,11,8,76672,Political violence,3749,6.4342,10.4682
2023-08-19,Middle Africa,Cameroon,Nord-Ouest,Battles,Armed clash,4,1,40635,Political violence,3749,6.4342,10.4682
2023-08-26,Middle Africa,Cameroon,Nord-Ouest,Battles,Armed clash,12,6,312677,Political violence,3749,6.4342,10.4682
2023-09-02,Middle Africa,Cameroon,Nord-Ouest,Battles,Armed clash,19,18,144122,Political violence,3749,6.4342,10.4682
2023-09-09,Middle Africa,Cameroon,Nord-Ouest,Battles,Armed clash,12,7,129878,Political violence,3749,6.4342,10.4682
2023-09-16,Middle Africa,Cameroon,Nord-Ouest,Battles,Armed clash,9,14,97326,Political violence,3749,6.4342,10.4682
2023-09-23,Middle Africa,Cameroon,Nord-Ouest,Battles,Armed clash,15,28,174417,Political violence,3749,6.4342,10.4682
2023-09-30,Middle Africa,Cameroon,Nord-Ouest,Battles,Armed clash,13,2,342797,Political violence,3749,6.4342,10.4682
2023-10-07,Middle Africa,Cameroon,Nord-Ouest,Battles,Armed clash,11,8,307334,Political violence,3749,6.4342,10.4682
2023-10-14,Middle Africa,Cameroon,Nord-Ouest,Battles,Armed clash,5,4,92921,Political violence,3749,6.4342,10.4682
2023-10-21,Middle Africa,Cameroon,Nord-Ouest,Battles,Armed clash,7,7,82214,Political violence,3749,6.4342,10.4682
2023-10-28,Middle Africa,Cameroon,Nord-Ouest,Battles,Armed clash,1,0,24969,Political violence,3749,6.4342,10.4682
2023-11-04,Middle Africa,Cameroon,Nord-Ouest,Battles,Armed clash,12,9,328512,Political violence,3749,6.4342,10.4682
2023-11-11,Middle Africa,Cameroon,Nord-Ouest,Battles,Armed clash,6,17,148448,Political violence,3749,6.4342,10.4682
2023-11-18,Middle Africa,Cameroon,Nord-Ouest,Battles,Armed clash,4,4,163082,Political violence,3749,6.4342,10.4682
2023-11-25,Middle Africa,Cameroon,Nord-Ouest,Battles,Armed clash,11,14,302454,Political violence,3749,6.4342,10.4682
2023-12-02,Middle Africa,Cameroon,Nord-Ouest,Battles,Armed clash,8,4,104697,Political violence,3749,6.4342,10.4682
2023-12-09,Middle Africa,Cameroon,Nord-Ouest,Battles,Armed clash,8,2,121220,Political violence,3749,6.4342,10.4682
2023-12-16,Middle Africa,Cameroon,Nord-Ouest,Battles,Armed clash,10,9,268478,Political violence,3749,6.4342,10.4682
2023-12-23,Middle Africa,Cameroon,Nord-Ouest,Battles,Armed clash,8,4,104743,Political violence,3749,6.4342,10.4682
2023-12-30,Middle Africa,Cameroon,Nord-Ouest,Battles,Armed clash,9,6,195306,Political violence,3749,6.4342,10.4682
2024-01-06,Middle Africa,Cameroon,Nord-Ouest,Battles,Armed clash,9,12,186511,Political violence,3749,6.4342,10.4682
2024-01-13,Middle Africa,Cameroon,Nord-Ouest,Battles,Armed clash,8,11,115259,Political violence,3749,6.4342,10.4682
2024-01-20,Middle Africa,Cameroon,Nord-Ouest,Battles,Armed clash,6,3,97754,Political violence,3749,6.4342,10.4682
2024-01-27,Middle Africa,Cameroon,Nord-Ouest,Battles,Armed clash,2,1,31934,Political violence,3749,6.4342,10.4682
2024-02-03,Middle Africa,Cameroon,Nord-Ouest,Battles,Armed clash,9,9,100849,Political violence,3749,6.4342,10.4682
2024-02-10,Middle Africa,Cameroon,Nord-Ouest,Battles,Armed clash,10,6,258076,Political violence,3749,6.4342,10.4682
2024-02-17,Middle Africa,Cameroon,Nord-Ouest,Battles,Armed clash,4,3,47750,Political violence,3749,6.4342,10.4682
2024-02-24,Middle Africa,Cameroon,Nord-Ouest,Battles,Armed clash,2,5,15473,Political violence,3749,6.4342,10.4682
2024-03-09,Middle Africa,Cameroon,Nord-Ouest,Battles,Armed clash,3,5,27995,Political violence,3749,6.4342,10.4682
2024-03-16,Middle Africa,Cameroon,Nord-Ouest,Battles,Armed clash,8,5,145052,Political violence,3749,6.4342,10.4682
2024-03-23,Middle Africa,Cameroon,Nord-Ouest,Battles,Armed clash,13,32,386843,Political violence,3749,6.4342,10.4682
2024-03-30,Middle Africa,Cameroon,Nord-Ouest,Battles,Armed clash,8,7,62309,Political violence,3749,6.4342,10.4682
2024-04-06,Middle Africa,Cameroon,Nord-Ouest,Battles,Armed clash,14,18,206209,Political violence,3749,6.4342,10.4682
2024-04-13,Middle Africa,Cameroon,Nord-Ouest,Battles,Armed clash,5,3,49342,Political violence,3749,6.4342,10.4682
2024-04-20,Middle Africa,Cameroon,Nord-Ouest,Battles,Armed clash,14,6,276111,Political violence,3749,6.4342,10.4682
2024-04-27,Middle Africa,Cameroon,Nord-Ouest,Battles,Armed clash,6,6,92511,Political violence,3749,6.4342,10.4682
2024-05-04,Middle Africa,Cameroon,Nord-Ouest,Battles,Armed clash,11,17,148216,Political violence,3749,6.4342,10.4682
2024-05-11,Middle Africa,Cameroon,Nord-Ouest,Battles,Armed clash,14,18,274001,Political violence,3749,6.4342,10.4682
2024-05-18,Middle Africa,Cameroon,Nord-Ouest,Battles,Armed clash,10,8,131834,Political violence,3749,6.4342,10.4682
2024-05-25,Middle Africa,Cameroon,Nord-Ouest,Battles,Armed clash,8,5,228053,Political violence,3749,6.4342,10.4682
2024-06-01,Middle Africa,Cameroon,Nord-Ouest,Battles,Armed clash,7,3,175294,Political violence,3749,6.4342,10.4682
2024-06-08,Middle Africa,Cameroon,Nord-Ouest,Battles,Armed clash,4,2,55581,Political violence,3749,6.4342,10.4682
2024-06-15,Middle Africa,Cameroon,Nord-Ouest,Battles,Armed clash,1,0,18439,Political violence,3749,6.4342,10.4682
2024-06-22,Middle Africa,Cameroon,Nord-Ouest,Battles,Armed clash,6,6,141962,Political violence,3749,6.4342,10.4682
2024-06-29,Middle Africa,Cameroon,Nord-Ouest,Battles,Armed clash,12,12,244932,Political violence,3749,6.4342,10.4682
2024-07-06,Middle Africa,Cameroon,Nord-Ouest,Battles,Armed clash,3,2,138621,Political violence,3749,6.4342,10.4682
2024-07-13,Middle Africa,Cameroon,Nord-Ouest,Battles,Armed clash,3,7,82990,Political violence,3749,6.4342,10.4682
2024-07-20,Middle Africa,Cameroon,Nord-Ouest,Battles,Armed clash,6,10,108906,Political violence,3749,6.4342,10.4682
2024-07-27,Middle Africa,Cameroon,Nord-Ouest,Battles,Armed clash,6,5,55878,Political violence,3749,6.4342,10.4682
2024-08-03,Middle Africa,Cameroon,Nord-Ouest,Battles,Armed clash,8,10,234974,Political violence,3749,6.4342,10.4682
2024-08-10,Middle Africa,Cameroon,Nord-Ouest,Battles,Armed clash,4,1,61162,Political violence,3749,6.4342,10.4682
2024-08-17,Middle Africa,Cameroon,Nord-Ouest,Battles,Armed clash,4,4,80017,Political violence,3749,6.4342,10.4682
2024-08-24,Middle Africa,Cameroon,Nord-Ouest,Battles,Armed clash,7,5,211773,Political violence,3749,6.4342,10.4682
2024-08-31,Middle Africa,Cameroon,Nord-Ouest,Battles,Armed clash,2,0,44365,Political violence,3749,6.4342,10.4682
2024-09-07,Middle Africa,Cameroon,Nord-Ouest,Battles,Armed clash,1,3,21993,Political violence,3749,6.4342,10.4682
2024-09-14,Middle Africa,Cameroon,Nord-Ouest,Battles,Armed clash,4,5,21231,Political violence,3749,6.4342,10.4682
2024-09-21,Middle Africa,Cameroon,Nord-Ouest,Battles,Armed clash,13,13,283763,Political violence,3749,6.4342,10.4682
2024-09-28,Middle Africa,Cameroon,Nord-Ouest,Battles,Armed clash,5,2,172008,Political violence,3749,6.4342,10.4682
2024-10-05,Middle Africa,Cameroon,Nord-Ouest,Battles,Armed clash,8,6,119540,Political violence,3749,6.4342,10.4682
2024-10-12,Middle Africa,Cameroon,Nord-Ouest,Battles,Armed clash,5,2,55854,Political violence,3749,6.4342,10.4682
2024-10-19,Middle Africa,Cameroon,Nord-Ouest,Battles,Armed clash,6,9,57598,Political violence,3749,6.4342,10.4682
2024-10-26,Middle Africa,Cameroon,Nord-Ouest,Battles,Armed clash,9,8,235996,Political violence,3749,6.4342,10.4682
2024-11-02,Middle Africa,Cameroon,Nord-Ouest,Battles,Armed clash,11,12,117437,Political violence,3749,6.4342,10.4682
2024-11-09,Middle Africa,Cameroon,Nord-Ouest,Battles,Armed clash,11,6,233880,Political violence,3749,6.4342,10.4682
2024-11-16,Middle Africa,Cameroon,Nord-Ouest,Battles,Armed clash,6,4,108951,Political violence,3749,6.4342,10.4682
2024-11-23,Middle Africa,Cameroon,Nord-Ouest,Battles,Armed clash,11,14,270175,Political violence,3749,6.4342,10.4682
2024-11-30,Middle Africa,Cameroon,Nord-Ouest,Battles,Armed clash,5,10,91075,Political violence,3749,6.4342,10.4682
2024-12-07,Middle Africa,Cameroon,Nord-Ouest,Battles,Armed clash,5,4,81440,Political violence,3749,6.4342,10.4682
2024-12-14,Middle Africa,Cameroon,Nord-Ouest,Battles,Armed clash,6,5,79347,Political violence,3749,6.4342,10.4682
2024-12-21,Middle Africa,Cameroon,Nord-Ouest,Battles,Armed clash,6,2,49955,Political violence,3749,6.4342,10.4682
2024-12-28,Middle Africa,Cameroon,Nord-Ouest,Battles,Armed clash,7,4,116228,Political violence,3749,6.4342,10.4682
2025-01-04,Middle Africa,Cameroon,Nord-Ouest,Battles,Armed clash,9,13,96730,Political violence,3749,6.4342,10.4682
2025-01-11,Middle Africa,Cameroon,Nord-Ouest,Battles,Armed clash,8,9,117057,Political violence,3749,6.4342,10.4682
2025-01-18,Middle Africa,Cameroon,Nord-Ouest,Battles,Armed clash,5,4,55441,Political violence,3749,6.4342,10.4682
2025-01-25,Middle Africa,Cameroon,Nord-Ouest,Battles,Armed clash,6,5,73011,Political violence,3749,6.4342,10.4682
2025-02-01,Middle Africa,Cameroon,Nord-Ouest,Battles,Armed clash,4,6,48239,Political violence,3749,6.4342,10.4682
2025-02-08,Middle Africa,Cameroon,Nord-Ouest,Battles,Armed clash,2,5,18463,Political violence,3749,6.4342,10.4682
2025-02-15,Middle Africa,Cameroon,Nord-Ouest,Battles,Armed clash,2,2,201115,Political violence,3749,6.4342,10.4682
2025-02-22,Middle Africa,Cameroon,Nord-Ouest,Battles,Armed clash,2,4,4389,Political violence,3749,6.4342,10.4682
2025-03-01,Middle Africa,Cameroon,Nord-Ouest,Battles,Armed clash,1,0,27604,Political violence,3749,6.4342,10.4682
2025-03-08,Middle Africa,Cameroon,Nord-Ouest,Battles,Armed clash,5,5,62445,Political violence,3749,6.4342,10.4682
2025-03-15,Middle Africa,Cameroon,Nord-Ouest,Battles,Armed clash,3,4,22645,Political violence,3749,6.4342,10.4682
2025-03-22,Middle Africa,Cameroon,Nord-Ouest,Battles,Armed clash,6,3,67885,Political violence,3749,6.4342,10.4682
2025-03-29,Middle Africa,Cameroon,Nord-Ouest,Battles,Armed clash,8,7,68530,Political violence,3749,6.4342,10.4682
2025-04-05,Middle Africa,Cameroon,Nord-Ouest,Battles,Armed clash,5,7,270530,Political violence,3749,6.4342,10.4682
2025-04-12,Middle Africa,Cameroon,Nord-Ouest,Battles,Armed clash,6,7,45540,Political violence,3749,6.4342,10.4682
2025-04-19,Middle Africa,Cameroon,Nord-Ouest,Battles,Armed clash,4,4,29483,Political violence,3749,6.4342,10.4682
2025-04-26,Middle Africa,Cameroon,Nord-Ouest,Battles,Armed clash,8,6,142358,Political violence,3749,6.4342,10.4682
2025-05-03,Middle Africa,Cameroon,Nord-Ouest,Battles,Armed clash,6,13,99931,Political violence,3749,6.4342,10.4682
2025-05-10,Middle Africa,Cameroon,Nord-Ouest,Battles,Armed clash,8,10,135218,Political violence,3749,6.4342,10.4682
2025-05-17,Middle Africa,Cameroon,Nord-Ouest,Battles,Armed clash,14,2,167414,Political violence,3749,6.4342,10.4682
2025-05-24,Middle Africa,Cameroon,Nord-Ouest,Battles,Armed clash,2,1,9784,Political violence,3749,6.4342,10.4682
2025-05-31,Middle Africa,Cameroon,Nord-Ouest,Battles,Armed clash,12,10,236641,Political violence,3749,6.4342,10.4682
2025-06-07,Middle Africa,Cameroon,Nord-Ouest,Battles,Armed clash,12,13,286346,Political violence,3749,6.4342,10.4682
2025-06-14,Middle Africa,Cameroon,Nord-Ouest,Battles,Armed clash,10,4,104310,Political violence,3749,6.4342,10.4682
2025-06-21,Middle Africa,Cameroon,Nord-Ouest,Battles,Armed clash,13,6,308759,Political violence,3749,6.4342,10.4682
2025-06-28,Middle Africa,Cameroon,Nord-Ouest,Battles,Armed clash,5,7,276640,Political violence,3749,6.4342,10.4682
2025-07-05,Middle Africa,Cameroon,Nord-Ouest,Battles,Armed clash,6,11,104273,Political violence,3749,6.4342,10.4682
2025-07-12,Middle Africa,Cameroon,Nord-Ouest,Battles,Armed clash,6,4,31833,Political violence,3749,6.4342,10.4682
2025-07-19,Middle Africa,Cameroon,Nord-Ouest,Battles,Armed clash,7,6,51257,Political violence,3749,6.4342,10.4682
2025-07-26,Middle Africa,Cameroon,Nord-Ouest,Battles,Armed clash,4,6,44863,Political violence,3749,6.4342,10.4682
2025-08-02,Middle Africa,Cameroon,Nord-Ouest,Battles,Armed clash,3,0,31285,Political violence,3749,6.4342,10.4682
2025-08-09,Middle Africa,Cameroon,Nord-Ouest,Battles,Armed clash,11,10,332248,Political violence,3749,6.4342,10.4682
2025-08-16,Middle Africa,Cameroon,Nord-Ouest,Battles,Armed clash,9,13,152519,Political violence,3749,6.4342,10.4682
2025-08-23,Middle Africa,Cameroon,Nord-Ouest,Battles,Armed clash,3,5,77330,Political violence,3749,6.4342,10.4682
2025-08-30,Middle Africa,Cameroon,Nord-Ouest,Battles,Armed clash,6,1,57475,Political violence,3749,6.4342,10.4682
2025-09-06,Middle Africa,Cameroon,Nord-Ouest,Battles,Armed clash,6,3,96098,Political violence,3749,6.4342,10.4682
2025-09-13,Middle Africa,Cameroon,Nord-Ouest,Battles,Armed clash,7,3,65997,Political violence,3749,6.4342,10.4682
2025-09-20,Middle Africa,Cameroon,Nord-Ouest,Battles,Armed clash,7,3,82831,Political violence,3749,6.4342,10.4682
2025-09-27,Middle Africa,Cameroon,Nord-Ouest,Battles,Armed clash,13,6,131581,Political violence,3749,6.4342,10.4682
2025-10-04,Middle Africa,Cameroon,Nord-Ouest,Battles,Armed clash,4,0,42154,Political violence,3749,6.4342,10.4682
2025-10-11,Middle Africa,Cameroon,Nord-Ouest,Battles,Armed clash,9,0,117396,Political violence,3749,6.4342,10.4682
2025-10-18,Middle Africa,Cameroon,Nord-Ouest,Battles,Armed clash,7,5,101561,Political violence,3749,6.4342,10.4682
2025-10-25,Middle Africa,Cameroon,Nord-Ouest,Battles,Armed clash,6,2,68679,Political violence,3749,6.4342,10.4682
2025-11-01,Middle Africa,Cameroon,Nord-Ouest,Battles,Armed clash,8,13,266994,Political violence,3749,6.4342,10.4682
2025-11-08,Middle Africa,Cameroon,Nord-Ouest,Battles,Armed clash,7,6,87365,Political violence,3749,6.4342,10.4682
2025-11-15,Middle Africa,Cameroon,Nord-Ouest,Battles,Armed clash,9,10,106999,Political violence,3749,6.4342,10.4682
2025-11-22,Middle Africa,Cameroon,Nord-Ouest,Battles,Armed clash,8,13,108364,Political violence,3749,6.4342,10.4682
2025-11-29,Middle Africa,Cameroon,Nord-Ouest,Battles,Armed clash,16,20,170494,Political violence,3749,6.4342,10.4682
2025-12-06,Middle Africa,Cameroon,Nord-Ouest,Battles,Armed clash,2,0,36671,Political violence,3749,6.4342,10.4682
2025-12-13,Middle Africa,Cameroon,Nord-Ouest,Battles,Armed clash,7,6,102667,Political violence,3749,6.4342,10.4682
2025-12-20,Middle Africa,Cameroon,Nord-Ouest,Battles,Armed clash,7,6,53299,Political violence,3749,6.4342,10.4682
2025-12-27,Middle Africa,Cameroon,Nord-Ouest,Battles,Armed clash,6,4,66335,Political violence,3749,6.4342,10.4682
2026-01-03,Middle Africa,Cameroon,Nord-Ouest,Battles,Armed clash,7,26,87828,Political violence,3749,6.4342,10.4682
2026-01-10,Middle Africa,Cameroon,Nord-Ouest,Battles,Armed clash,1,0,7472,Political violence,3749,6.4342,10.4682
2026-01-17,Middle Africa,Cameroon,Nord-Ouest,Battles,Armed clash,4,0,25123,Political violence,3749,6.4342,10.4682
2026-01-24,Middle Africa,Cameroon,Nord-Ouest,Battles,Armed clash,9,11,157922,Political violence,3749,6.4342,10.4682
2026-01-31,Middle Africa,Cameroon,Nord-Ouest,Battles,Armed clash,10,16,296605,Political violence,3749,6.4342,10.4682
2026-02-07,Middle Africa,Cameroon,Nord-Ouest,Battles,Armed clash,14,8,107028,Political violence,3749,6.4342,10.4682
2026-02-14,Middle Africa,Cameroon,Nord-Ouest,Battles,Armed clash,8,5,60625,Political violence,3749,6.4342,10.4682
2026-02-21,Middle Africa,Cameroon,Nord-Ouest,Battles,Armed clash,6,0,76039,Political violence,3749,6.4342,10.4682
2026-02-28,Middle Africa,Cameroon,Nord-Ouest,Battles,Armed clash,7,9,65638,Political violence,3749,6.4342,10.4682
2026-03-07,Middle Africa,Cameroon,Nord-Ouest,Battles,Armed clash,4,3,55388,Political violence,3749,6.4342,10.4682
2026-03-14,Middle Africa,Cameroon,Nord-Ouest,Battles,Armed clash,7,8,62105,Political violence,3749,6.4342,10.4682
2026-03-21,Middle Africa,Cameroon,Nord-Ouest,Battles,Armed clash,4,2,25280,Political violence,3749,6.4342,10.4682
2026-03-28,Middle Africa,Cameroon,Nord-Ouest,Battles,Armed clash,8,6,42717,Political violence,3749,6.4342,10.4682
2026-04-04,Middle Africa,Cameroon,Nord-Ouest,Battles,Armed clash,9,5,113675,Political violence,3749,6.4342,10.4682
2026-04-11,Middle Africa,Cameroon,Nord-Ouest,Battles,Armed clash,7,4,102455,Political violence,3749,6.4342,10.4682
2026-04-18,Middle Africa,Cameroon,Nord-Ouest,Battles,Armed clash,5,4,132024,Political violence,3749,6.4342,10.4682
2026-04-25,Middle Africa,Cameroon,Nord-Ouest,Battles,Armed clash,5,20,50316,Political violence,3749,6.4342,10.4682
2026-05-02,Middle Africa,Cameroon,Nord-Ouest,Battles,Armed clash,8,10,101342,Political violence,3749,6.4342,10.4682
2026-05-09,Middle Africa,Cameroon,Nord-Ouest,Battles,Armed clash,8,8,61673,Political violence,3749,6.4342,10.4682
2026-05-16,Middle Africa,Cameroon,Nord-Ouest,Battles,Armed clash,6,1,46182,Political violence,3749,6.4342,10.4682
2026-05-23,Middle Africa,Cameroon,Nord-Ouest,Battles,Armed clash,6,1,47585,Political violence,3749,6.4342,10.4682
2026-05-30,Middle Africa,Cameroon,Nord-Ouest,Battles,Armed clash,4,3,25194,Political violence,3749,6.4342,10.4682
2026-06-06,Middle Africa,Cameroon,Nord-Ouest,Battles,Armed clash,11,17,109119,Political violence,3749,6.4342,10.4682
2026-06-20,Middle Africa,Cameroon,Nord-Ouest,Battles,Armed clash,9,6,95084,Political violence,3749,6.4342,10.4682
2026-06-27,Middle Africa,Cameroon,Nord-Ouest,Battles,Armed clash,6,7,151247,Political violence,3749,6.4342,10.4682
2026-07-04,Middle Africa,Cameroon,Nord-Ouest,Battles,Armed clash,6,4,87935,Political violence,3749,6.4342,10.4682
2026-07-11,Middle Africa,Cameroon,Nord-Ouest,Battles,Armed clash,6,12,106475,Political violence,3749,6.4342,10.4682
2026-07-18,Middle Africa,Cameroon,Nord-Ouest,Battles,Armed clash,5,4,55128,Political violence,3749,6.4342,10.4682
2026-07-25,Middle Africa,Cameroon,Nord-Ouest,Battles,Armed clash,3,2,14666,Political violence,3749,6.4342,10.4682
2026-08-01,Middle Africa,Cameroon,Nord-Ouest,Battles,Armed clash,6,5,25170,Political violence,3749,6.4342,10.4682
2026-08-08,Middle Africa,Cameroon,Nord-Ouest,Battles,Armed clash,5,1,28950,Political violence,3749,6.4342,10.4682
2026-08-15,Middle Africa,Cameroon,Nord-Ouest,Battles,Armed clash,5,4,,Political violence,3749,6.4342,10.4682
2026-08-22,Middle Africa,Cameroon,Nord-Ouest,Battles,Armed clash,1,2,,Political violence,3749,6.4342,10.4682
2026-08-29,Middle Africa,Cameroon,Nord-Ouest,Battles,Armed clash,2,5,,Political violence,3749,6.4342,10.4682
2023-09-02,Middle Africa,Cameroon,Nord-Ouest,Battles,Non-state actor overtakes territory,1,0,3836,Political violence,3749,6.4342,10.4682
2024-05-25,Middle Africa,Cameroon,Nord-Ouest,Explosions/Remote violence,Grenade,1,2,125426,Political violence,3749,6.4342,10.4682
2020-03-07,Middle Africa,Cameroon,Nord-Ouest,Explosions/Remote violence,Remote explosive/landmine/IED,1,1,218822,Political violence,3749,6.4342,10.4682
2020-05-16,Middle Africa,Cameroon,Nord-Ouest,Explosions/Remote violence,Remote explosive/landmine/IED,1,0,218822,Political violence,3749,6.4342,10.4682
2020-06-20,Middle Africa,Cameroon,Nord-Ouest,Explosions/Remote violence,Remote explosive/landmine/IED,1,0,29246,Political violence,3749,6.4342,10.4682
2020-07-11,Middle Africa,Cameroon,Nord-Ouest,Explosions/Remote violence,Remote explosive/landmine/IED,1,0,218822,Political violence,3749,6.4342,10.4682
2020-07-25,Middle Africa,Cameroon,Nord-Ouest,Explosions/Remote violence,Remote explosive/landmine/IED,1,0,218822,Political violence,3749,6.4342,10.4682
2020-08-01,Middle Africa,Cameroon,Nord-Ouest,Explosions/Remote violence,Remote explosive/landmine/IED,1,0,218822,Political violence,3749,6.4342,10.4682
2020-08-08,Middle Africa,Cameroon,Nord-Ouest,Explosions/Remote violence,Remote explosive/landmine/IED,1,0,218822,Political violence,3749,6.4342,10.4682
2020-08-15,Middle Africa,Cameroon,Nord-Ouest,Explosions/Remote violence,Remote explosive/landmine/IED,1,0,218822,Political violence,3749,6.4342,10.4682
2020-08-22,Middle Africa,Cameroon,Nord-Ouest,Explosions/Remote violence,Remote explosive/landmine/IED,1,0,218822,Political violence,3749,6.4342,10.4682
2020-12-05,Middle Africa,Cameroon,Nord-Ouest,Explosions/Remote violence,Remote explosive/landmine/IED,1,0,16996,Political violence,3749,6.4342,10.4682
2020-12-12,Middle Africa,Cameroon,Nord-Ouest,Explosions/Remote violence,Remote explosive/landmine/IED,1,0,218252,Political violence,3749,6.4342,10.4682
2021-01-02,Middle Africa,Cameroon,Nord-Ouest,Explosions/Remote violence,Remote explosive/landmine/IED,3,5,252108,Political violence,3749,6.4342,10.4682
2021-01-09,Middle Africa,Cameroon,Nord-Ouest,Explosions/Remote violence,Remote explosive/landmine/IED,1,0,210593,Political violence,3749,6.4342,10.4682
2021-01-16,Middle Africa,Cameroon,Nord-Ouest,Explosions/Remote violence,Remote explosive/landmine/IED,2,0,235698,Political violence,3749,6.4342,10.4682
2021-01-23,Middle Africa,Cameroon,Nord-Ouest,Explosions/Remote violence,Remote explosive/landmine/IED,1,0,210593,Political violence,3749,6.4342,10.4682
2021-01-30,Middle Africa,Cameroon,Nord-Ouest,Explosions/Remote violence,Remote explosive/landmine/IED,4,0,298127,Political violence,3749,6.4342,10.4682
2021-02-13,Middle Africa,Cameroon,Nord-Ouest,Explosions/Remote violence,Remote explosive/landmine/IED,2,3,225960,Political violence,3749,6.4342,10.4682
2021-02-20,Middle Africa,Cameroon,Nord-Ouest,Explosions/Remote violence,Remote explosive/landmine/IED,1,0,16142,Political violence,3749,6.4342,10.4682
2021-02-27,Middle Africa,Cameroon,Nord-Ouest,Explosions/Remote violence,Remote explosive/landmine/IED,1,0,210593,Political violence,3749,6.4342,10.4682
2021-04-10,Middle Africa,Cameroon,Nord-Ouest,Explosions/Remote violence,Remote explosive/landmine/IED,1,0,34925,Political violence,3749,6.4342,10.4682
2021-04-24,Middle Africa,Cameroon,Nord-Ouest,Explosions/Remote violence,Remote explosive/landmine/IED,2,0,50761,Political violence,3749,6.4342,10.4682
2021-05-01,Middle Africa,Cameroon,Nord-Ouest,Explosions/Remote violence,Remote explosive/landmine/IED,1,4,21814,Political violence,3749,6.4342,10.4682
2021-05-08,Middle Africa,Cameroon,Nord-Ouest,Explosions/Remote violence,Remote explosive/landmine/IED,1,3,5292,Political violence,3749,6.4342,10.4682
2021-05-15,Middle Africa,Cameroon,Nord-Ouest,Explosions/Remote violence,Remote explosive/landmine/IED,2,3,48903,Political violence,3749,6.4342,10.4682
2021-05-22,Middle Africa,Cameroon,Nord-Ouest,Explosions/Remote violence,Remote explosive/landmine/IED,2,0,32070,Political violence,3749,6.4342,10.4682
2021-05-29,Middle Africa,Cameroon,Nord-Ouest,Explosions/Remote violence,Remote explosive/landmine/IED,1,3,7172,Political violence,3749,6.4342,10.4682
2021-06-05,Middle Africa,Cameroon,Nord-Ouest,Explosions/Remote violence,Remote explosive/landmine/IED,1,0,21814,Political violence,3749,6.4342,10.4682
2021-07-17,Middle Africa,Cameroon,Nord-Ouest,Explosions/Remote violence,Remote explosive/landmine/IED,1,4,26454,Political violence,3749,6.4342,10.4682
2021-07-31,Middle Africa,Cameroon,Nord-Ouest,Explosions/Remote violence,Remote explosive/landmine/IED,3,9,67578,Political violence,3749,6.4342,10.4682
2021-08-14,Middle Africa,Cameroon,Nord-Ouest,Explosions/Remote violence,Remote explosive/landmine/IED,1,0,11237,Political violence,3749,6.4342,10.4682
2021-09-18,Middle Africa,Cameroon,Nord-Ouest,Explosions/Remote violence,Remote explosive/landmine/IED,2,10,45776,Political violence,3749,6.4342,10.4682
2021-09-25,Middle Africa,Cameroon,Nord-Ouest,Explosions/Remote violence,Remote explosive/landmine/IED,1,1,24158,Political violence,3749,6.4342,10.4682
2021-10-02,Middle Africa,Cameroon,Nord-Ouest,Explosions/Remote violence,Remote explosive/landmine/IED,1,0,208239,Political violence,3749,6.4342,10.4682
2021-12-04,Middle Africa,Cameroon,Nord-Ouest,Explosions/Remote violence,Remote explosive/landmine/IED,2,1,230053,Political violence,3749,6.4342,10.4682
2022-02-05,Middle Africa,Cameroon,Nord-Ouest,Explosions/Remote violence,Remote explosive/landmine/IED,1,0,31173,Political violence,3749,6.4342,10.4682
2022-02-12,Middle Africa,Cameroon,Nord-Ouest,Explosions/Remote violence,Remote explosive/landmine/IED,1,1,5396,Political violence,3749,6.4342,10.4682
2022-04-02,Middle Africa,Cameroon,Nord-Ouest,Explosions/Remote violence,Remote explosive/landmine/IED,2,0,74331,Political violence,3749,6.4342,10.4682
2022-04-09,Middle Africa,Cameroon,Nord-Ouest,Explosions/Remote violence,Remote explosive/landmine/IED,2,2,58878,Political violence,3749,6.4342,10.4682
2022-04-30,Middle Africa,Cameroon,Nord-Ouest,Explosions/Remote violence,Remote explosive/landmine/IED,1,0,177484,Political violence,3749,6.4342,10.4682
2022-05-14,Middle Africa,Cameroon,Nord-Ouest,Explosions/Remote violence,Remote explosive/landmine/IED,1,0,12701,Political violence,3749,6.4342,10.4682
2022-05-21,Middle Africa,Cameroon,Nord-Ouest,Explosions/Remote violence,Remote explosive/landmine/IED,4,1,85310,Political violence,3749,6.4342,10.4682
2022-05-28,Middle Africa,Cameroon,Nord-Ouest,Explosions/Remote violence,Remote explosive/landmine/IED,2,0,67956,Political violence,3749,6.4342,10.4682
2022-06-18,Middle Africa,Cameroon,Nord-Ouest,Explosions/Remote violence,Remote explosive/landmine/IED,1,0,26898,Political violence,3749,6.4342,10.4682
2022-07-02,Middle Africa,Cameroon,Nord-Ouest,Explosions/Remote violence,Remote explosive/landmine/IED,2,0,219942,Political violence,3749,6.4342,10.4682
2022-08-27,Middle Africa,Cameroon,Nord-Ouest,Explosions/Remote violence,Remote explosive/landmine/IED,1,3,31239,Political violence,3749,6.4342,10.4682
2022-09-24,Middle Africa,Cameroon,Nord-Ouest,Explosions/Remote violence,Remote explosive/landmine/IED,1,0,15692,Political violence,3749,6.4342,10.4682
2022-10-15,Middle Africa,Cameroon,Nord-Ouest,Explosions/Remote violence,Remote explosive/landmine/IED,1,0,20606,Political violence,3749,6.4342,10.4682
2022-11-12,Middle Africa,Cameroon,Nord-Ouest,Explosions/Remote violence,Remote explosive/landmine/IED,1,0,6458,Political violence,3749,6.4342,10.4682
2022-12-17,Middle Africa,Cameroon,Nord-Ouest,Explosions/Remote violence,Remote explosive/landmine/IED,1,1,16017,Political violence,3749,6.4342,10.4682
2022-12-31,Middle Africa,Cameroon,Nord-Ouest,Explosions/Remote violence,Remote explosive/landmine/IED,1,0,12612,Political violence,3749,6.4342,10.4682
2023-01-07,Middle Africa,Cameroon,Nord-Ouest,Explosions/Remote violence,Remote explosive/landmine/IED,1,0,189746,Political violence,3749,6.4342,10.4682
2023-01-14,Middle Africa,Cameroon,Nord-Ouest,Explosions/Remote violence,Remote explosive/landmine/IED,2,1,216786,Political violence,3749,6.4342,10.4682
2023-02-04,Middle Africa,Cameroon,Nord-Ouest,Explosions/Remote violence,Remote explosive/landmine/IED,3,0,245523,Political violence,3749,6.4342,10.4682
2023-02-11,Middle Africa,Cameroon,Nord-Ouest,Explosions/Remote violence,Remote explosive/landmine/IED,3,0,215930,Political violence,3749,6.4342,10.4682
2023-02-18,Middle Africa,Cameroon,Nord-Ouest,Explosions/Remote violence,Remote explosive/landmine/IED,1,0,189746,Political violence,3749,6.4342,10.4682
2023-02-25,Middle Africa,Cameroon,Nord-Ouest,Explosions/Remote violence,Remote explosive/landmine/IED,1,3,16769,Political violence,3749,6.4342,10.4682
2023-03-04,Middle Africa,Cameroon,Nord-Ouest,Explosions/Remote violence,Remote explosive/landmine/IED,4,0,233658,Political violence,3749,6.4342,10.4682
2023-03-11,Middle Africa,Cameroon,Nord-Ouest,Explosions/Remote violence,Remote explosive/landmine/IED,5,3,329914,Political violence,3749,6.4342,10.4682
2023-04-08,Middle Africa,Cameroon,Nord-Ouest,Explosions/Remote violence,Remote explosive/landmine/IED,2,0,212790,Political violence,3749,6.4342,10.4682
2023-04-29,Middle Africa,Cameroon,Nord-Ouest,Explosions/Remote violence,Remote explosive/landmine/IED,2,0,50155,Political violence,3749,6.4342,10.4682
2023-05-13,Middle Africa,Cameroon,Nord-Ouest,Explosions/Remote violence,Remote explosive/landmine/IED,1,0,189746,Political violence,3749,6.4342,10.4682
2023-05-27,Middle Africa,Cameroon,Nord-Ouest,Explosions/Remote violence,Remote explosive/landmine/IED,2,5,43976,Political violence,3749,6.4342,10.4682
2023-06-03,Middle Africa,Cameroon,Nord-Ouest,Explosions/Remote violence,Remote explosive/landmine/IED,3,0,10119,Political violence,3749,6.4342,10.4682
2023-06-10,Middle Africa,Cameroon,Nord-Ouest,Explosions/Remote violence,Remote explosive/landmine/IED,1,0,3294,Political violence,3749,6.4342,10.4682
2023-07-01,Middle Africa,Cameroon,Nord-Ouest,Explosions/Remote violence,Remote explosive/landmine/IED,1,0,6785,Political violence,3749,6.4342,10.4682
2023-07-15,Middle Africa,Cameroon,Nord-Ouest,Explosions/Remote violence,Remote explosive/landmine/IED,1,1,189746,Political violence,3749,6.4342,10.4682
2023-08-12,Middle Africa,Cameroon,Nord-Ouest,Explosions/Remote violence,Remote explosive/landmine/IED,1,0,23427,Political violence,3749,6.4342,10.4682
2023-10-14,Middle Africa,Cameroon,Nord-Ouest,Explosions/Remote violence,Remote explosive/landmine/IED,2,0,228847,Political violence,3749,6.4342,10.4682
2023-11-04,Middle Africa,Cameroon,Nord-Ouest,Explosions/Remote violence,Remote explosive/landmine/IED,1,3,1122,Political violence,3749,6.4342,10.4682
2023-12-09,Middle Africa,Cameroon,Nord-Ouest,Explosions/Remote violence,Remote explosive/landmine/IED,2,1,36960,Political violence,3749,6.4342,10.4682
2023-12-16,Middle Africa,Cameroon,Nord-Ouest,Explosions/Remote violence,Remote explosive/landmine/IED,2,10,50775,Political violence,3749,6.4342,10.4682
2023-12-23,Middle Africa,Cameroon,Nord-Ouest,Explosions/Remote violence,Remote explosive/landmine/IED,2,0,165821,Political violence,3749,6.4342,10.4682
2024-01-13,Middle Africa,Cameroon,Nord-Ouest,Explosions/Remote violence,Remote explosive/landmine/IED,2,0,61162,Political violence,3749,6.4342,10.4682
2024-01-20,Middle Africa,Cameroon,Nord-Ouest,Explosions/Remote violence,Remote explosive/landmine/IED,2,0,168948,Political violence,3749,6.4342,10.4682
2024-02-10,Middle Africa,Cameroon,Nord-Ouest,Explosions/Remote violence,Remote explosive/landmine/IED,4,1,30491,Political violence,3749,6.4342,10.4682
2024-02-17,Middle Africa,Cameroon,Nord-Ouest,Explosions/Remote violence,Remote explosive/landmine/IED,3,6,43084,Political violence,3749,6.4342,10.4682
2024-03-16,Middle Africa,Cameroon,Nord-Ouest,Explosions/Remote violence,Remote explosive/landmine/IED,1,0,13664,Political violence,3749,6.4342,10.4682
2024-03-30,Middle Africa,Cameroon,Nord-Ouest,Explosions/Remote violence,Remote explosive/landmine/IED,1,0,11675,Political violence,3749,6.4342,10.4682
2024-04-06,Middle Africa,Cameroon,Nord-Ouest,Explosions/Remote violence,Remote explosive/landmine/IED,1,0,14560,Political violence,3749,6.4342,10.4682
2024-04-13,Middle Africa,Cameroon,Nord-Ouest,Explosions/Remote violence,Remote explosive/landmine/IED,1,0,3961,Political violence,3749,6.4342,10.4682
2024-04-20,Middle Africa,Cameroon,Nord-Ouest,Explosions/Remote violence,Remote explosive/landmine/IED,1,0,3961,Political violence,3749,6.4342,10.4682
2024-04-27,Middle Africa,Cameroon,Nord-Ouest,Explosions/Remote violence,Remote explosive/landmine/IED,3,0,172463,Political violence,3749,6.4342,10.4682
2024-05-04,Middle Africa,Cameroon,Nord-Ouest,Explosions/Remote violence,Remote explosive/landmine/IED,1,0,5070,Political violence,3749,6.4342,10.4682
2024-05-11,Middle Africa,Cameroon,Nord-Ouest,Explosions/Remote violence,Remote explosive/landmine/IED,1,0,25893,Political violence,3749,6.4342,10.4682
2024-05-18,Middle Africa,Cameroon,Nord-Ouest,Explosions/Remote violence,Remote explosive/landmine/IED,3,0,39927,Political violence,3749,6.4342,10.4682
2024-05-25,Middle Africa,Cameroon,Nord-Ouest,Explosions/Remote violence,Remote explosive/landmine/IED,1,0,14127,Political violence,3749,6.4342,10.4682
2024-06-15,Middle Africa,Cameroon,Nord-Ouest,Explosions/Remote violence,Remote explosive/landmine/IED,1,2,5459,Political violence,3749,6.4342,10.4682
2024-06-22,Middle Africa,Cameroon,Nord-Ouest,Explosions/Remote violence,Remote explosive/landmine/IED,1,3,4183,Political violence,3749,6.4342,10.4682
2024-07-06,Middle Africa,Cameroon,Nord-Ouest,Explosions/Remote violence,Remote explosive/landmine/IED,1,0,2198,Political violence,3749,6.4342,10.4682
2024-08-03,Middle Africa,Cameroon,Nord-Ouest,Explosions/Remote violence,Remote explosive/landmine/IED,2,3,70178,Political violence,3749,6.4342,10.4682
2024-08-10,Middle Africa,Cameroon,Nord-Ouest,Explosions/Remote violence,Remote explosive/landmine/IED,3,3,167436,Political violence,3749,6.4342,10.4682
2024-09-14,Middle Africa,Cameroon,Nord-Ouest,Explosions/Remote violence,Remote explosive/landmine/IED,1,1,35771,Political violence,3749,6.4342,10.4682
2024-09-21,Middle Africa,Cameroon,Nord-Ouest,Explosions/Remote violence,Remote explosive/landmine/IED,1,0,8505,Political violence,3749,6.4342,10.4682
2024-10-19,Middle Africa,Cameroon,Nord-Ouest,Explosions/Remote violence,Remote explosive/landmine/IED,2,0,33365,Political violence,3749,6.4342,10.4682
2024-10-26,Middle Africa,Cameroon,Nord-Ouest,Explosions/Remote violence,Remote explosive/landmine/IED,1,0,16547,Political violence,3749,6.4342,10.4682
2024-11-02,Middle Africa,Cameroon,Nord-Ouest,Explosions/Remote violence,Remote explosive/landmine/IED,1,0,1012,Political violence,3749,6.4342,10.4682
2024-11-30,Middle Africa,Cameroon,Nord-Ouest,Explosions/Remote violence,Remote explosive/landmine/IED,1,0,34638,Political violence,3749,6.4342,10.4682
2024-12-07,Middle Africa,Cameroon,Nord-Ouest,Explosions/Remote violence,Remote explosive/landmine/IED,3,1,195640,Political violence,3749,6.4342,10.4682
2024-12-14,Middle Africa,Cameroon,Nord-Ouest,Explosions/Remote violence,Remote explosive/landmine/IED,1,0,34638,Political violence,3749,6.4342,10.4682
2025-02-08,Middle Africa,Cameroon,Nord-Ouest,Explosions/Remote violence,Remote explosive/landmine/IED,1,0,14381,Political violence,3749,6.4342,10.4682
2025-03-29,Middle Africa,Cameroon,Nord-Ouest,Explosions/Remote violence,Remote explosive/landmine/IED,1,0,2163,Political violence,3749,6.4342,10.4682
2025-04-05,Middle Africa,Cameroon,Nord-Ouest,Explosions/Remote violence,Remote explosive/landmine/IED,2,9,30356,Political violence,3749,6.4342,10.4682
2025-04-12,Middle Africa,Cameroon,Nord-Ouest,Explosions/Remote violence,Remote explosive/landmine/IED,2,0,48479,Political violence,3749,6.4342,10.4682
2025-05-17,Middle Africa,Cameroon,Nord-Ouest,Explosions/Remote violence,Remote explosive/landmine/IED,3,0,43896,Political violence,3749,6.4342,10.4682
2025-06-14,Middle Africa,Cameroon,Nord-Ouest,Explosions/Remote violence,Remote explosive/landmine/IED,1,0,4242,Political violence,3749,6.4342,10.4682
2025-06-21,Middle Africa,Cameroon,Nord-Ouest,Explosions/Remote violence,Remote explosive/landmine/IED,2,0,22769,Political violence,3749,6.4342,10.4682
2025-07-12,Middle Africa,Cameroon,Nord-Ouest,Explosions/Remote violence,Remote explosive/landmine/IED,1,0,11874,Political violence,3749,6.4342,10.4682
2025-07-19,Middle Africa,Cameroon,Nord-Ouest,Explosions/Remote violence,Remote explosive/landmine/IED,1,0,1691,Political violence,3749,6.4342,10.4682
2025-08-02,Middle Africa,Cameroon,Nord-Ouest,Explosions/Remote violence,Remote explosive/landmine/IED,1,1,1529,Political violence,3749,6.4342,10.4682
2025-08-09,Middle Africa,Cameroon,Nord-Ouest,Explosions/Remote violence,Remote explosive/landmine/IED,1,0,1737,Political violence,3749,6.4342,10.4682
2025-09-13,Middle Africa,Cameroon,Nord-Ouest,Explosions/Remote violence,Remote explosive/landmine/IED,2,3,14483,Political violence,3749,6.4342,10.4682
2025-09-20,Middle Africa,Cameroon,Nord-Ouest,Explosions/Remote violence,Remote explosive/landmine/IED,1,1,24435,Political violence,3749,6.4342,10.4682
2025-09-27,Middle Africa,Cameroon,Nord-Ouest,Explosions/Remote violence,Remote explosive/landmine/IED,1,0,2680,Political violence,3749,6.4342,10.4682
2025-10-11,Middle Africa,Cameroon,Nord-Ouest,Explosions/Remote violence,Remote explosive/landmine/IED,1,0,2227,Political violence,3749,6.4342,10.4682
2025-10-18,Middle Africa,Cameroon,Nord-Ouest,Explosions/Remote violence,Remote explosive/landmine/IED,1,2,18404,Political violence,3749,6.4342,10.4682
2025-11-29,Middle Africa,Cameroon,Nord-Ouest,Explosions/Remote violence,Remote explosive/landmine/IED,2,2,199491,Political violence,3749,6.4342,10.4682
2025-12-06,Middle Africa,Cameroon,Nord-Ouest,Explosions/Remote violence,Remote explosive/landmine/IED,1,0,8036,Political violence,3749,6.4342,10.4682
2025-12-13,Middle Africa,Cameroon,Nord-Ouest,Explosions/Remote violence,Remote explosive/landmine/IED,1,2,31175,Political violence,3749,6.4342,10.4682
2025-12-27,Middle Africa,Cameroon,Nord-Ouest,Explosions/Remote violence,Remote explosive/landmine/IED,1,2,187688,Political violence,3749,6.4342,10.4682
2026-01-24,Middle Africa,Cameroon,Nord-Ouest,Explosions/Remote violence,Remote explosive/landmine/IED,1,2,29227,Political violence,3749,6.4342,10.4682
2026-02-14,Middle Africa,Cameroon,Nord-Ouest,Explosions/Remote violence,Remote explosive/landmine/IED,1,0,1937,Political violence,3749,6.4342,10.4682
2026-04-04,Middle Africa,Cameroon,Nord-Ouest,Explosions/Remote violence,Remote explosive/landmine/IED,3,2,40250,Political violence,3749,6.4342,10.4682
2026-04-11,Middle Africa,Cameroon,Nord-Ouest,Explosions/Remote violence,Remote explosive/landmine/IED,2,0,39691,Political violence,3749,6.4342,10.4682
2026-05-30,Middle Africa,Cameroon,Nord-Ouest,Explosions/Remote violence,Remote explosive/landmine/IED,1,0,10802,Political violence,3749,6.4342,10.4682
2026-06-20,Middle Africa,Cameroon,Nord-Ouest,Explosions/Remote violence,Remote explosive/landmine/IED,1,0,37452,Political violence,3749,6.4342,10.4682
2021-08-21,Middle Africa,Cameroon,Nord-Ouest,Explosions/Remote violence,Shelling/artillery/missile attack,1,1,7172,Political violence,3749,6.4342,10.4682
2022-08-27,Middle Africa,Cameroon,Nord-Ouest,Explosions/Remote violence,Shelling/artillery/missile attack,1,2,26476,Political violence,3749,6.4342,10.4682
2022-09-24,Middle Africa,Cameroon,Nord-Ouest,Explosions/Remote violence,Shelling/artillery/missile attack,1,0,31239,Political violence,3749,6.4342,10.4682
2024-05-18,Middle Africa,Cameroon,Nord-Ouest,Explosions/Remote violence,Shelling/artillery/missile attack,1,2,740,Political violence,3749,6.4342,10.4682
2026-01-31,Middle Africa,Cameroon,Nord-Ouest,Explosions/Remote violence,Shelling/artillery/missile attack,1,0,7517,Political violence,3749,6.4342,10.4682
2026-02-07,Middle Africa,Cameroon,Nord-Ouest,Explosions/Remote violence,Shelling/artillery/missile attack,1,0,7517,Political violence,3749,6.4342,10.4682
2022-04-02,Middle Africa,Cameroon,Nord-Ouest,Protests,Excessive force against protesters,1,1,7,Political violence; Demonstrations,3749,6.4342,10.4682
2023-05-13,Middle Africa,Cameroon,Nord-Ouest,Protests,Excessive force against protesters,1,0,86,Political violence; Demonstrations,3749,6.4342,10.4682
2024-07-20,Middle Africa,Cameroon,Nord-Ouest,Protests,Excessive force against protesters,2,2,1606,Political violence; Demonstrations,3749,6.4342,10.4682
2024-09-21,Middle Africa,Cameroon,Nord-Ouest,Protests,Excessive force against protesters,1,0,2379,Political violence; Demonstrations,3749,6.4342,10.4682
2020-01-04,Middle Africa,Cameroon,Nord-Ouest,Protests,Peaceful protest,1,0,4393,Demonstrations,3749,6.4342,10.4682
2020-02-22,Middle Africa,Cameroon,Nord-Ouest,Protests,Peaceful protest,1,0,26776,Demonstrations,3749,6.4342,10.4682
2020-02-29,Middle Africa,Cameroon,Nord-Ouest,Protests,Peaceful protest,1,0,26776,Demonstrations,3749,6.4342,10.4682
2020-03-07,Middle Africa,Cameroon,Nord-Ouest,Protests,Peaceful protest,2,0,26776,Demonstrations,3749,6.4342,10.4682
2020-04-04,Middle Africa,Cameroon,Nord-Ouest,Protests,Peaceful protest,1,0,26776,Demonstrations,3749,6.4342,10.4682
2020-04-11,Middle Africa,Cameroon,Nord-Ouest,Protests,Peaceful protest,1,0,26776,Demonstrations,3749,6.4342,10.4682
2020-04-25,Middle Africa,Cameroon,Nord-Ouest,Protests,Peaceful protest,2,0,26776,Demonstrations,3749,6.4342,10.4682
2020-06-06,Middle Africa,Cameroon,Nord-Ouest,Protests,Peaceful protest,2,0,26860,Demonstrations,3749,6.4342,10.4682
2020-07-25,Middle Africa,Cameroon,Nord-Ouest,Protests,Peaceful protest,1,0,,Demonstrations,3749,6.4342,10.4682
2020-08-22,Middle Africa,Cameroon,Nord-Ouest,Protests,Peaceful protest,1,0,26776,Demonstrations,3749,6.4342,10.4682
2020-09-19,Middle Africa,Cameroon,Nord-Ouest,Protests,Peaceful protest,1,0,26776,Demonstrations,3749,6.4342,10.4682
2020-10-17,Middle Africa,Cameroon,Nord-Ouest,Protests,Peaceful protest,1,0,10251,Demonstrations,3749,6.4342,10.4682
2020-10-24,Middle Africa,Cameroon,Nord-Ouest,Protests,Peaceful protest,1,0,26776,Demonstrations,3749,6.4342,10.4682
2020-10-31,Middle Africa,Cameroon,Nord-Ouest,Protests,Peaceful protest,1,0,380,Demonstrations,3749,6.4342,10.4682
2020-12-12,Middle Africa,Cameroon,Nord-Ouest,Protests,Peaceful protest,1,0,84,Demonstrations,3749,6.4342,10.4682
2021-01-02,Middle Africa,Cameroon,Nord-Ouest,Protests,Peaceful protest,1,0,27256,Demonstrations,3749,6.4342,10.4682
2021-01-16,Middle Africa,Cameroon,Nord-Ouest,Protests,Peaceful protest,1,0,7267,Demonstrations,3749,6.4342,10.4682
2021-01-23,Middle Africa,Cameroon,Nord-Ouest,Protests,Peaceful protest,1,0,27256,Demonstrations,3749,6.4342,10.4682
2021-02-13,Middle Africa,Cameroon,Nord-Ouest,Protests,Peaceful protest,2,0,33673,Demonstrations,3749,6.4342,10.4682
2021-02-20,Middle Africa,Cameroon,Nord-Ouest,Protests,Peaceful protest,1,0,4148,Demonstrations,3749,6.4342,10.4682
2021-02-27,Middle Africa,Cameroon,Nord-Ouest,Protests,Peaceful protest,1,0,9783,Demonstrations,3749,6.4342,10.4682
2021-05-01,Middle Africa,Cameroon,Nord-Ouest,Protests,Peaceful protest,1,0,11807,Demonstrations,3749,6.4342,10.4682
2021-05-29,Middle Africa,Cameroon,Nord-Ouest,Protests,Peaceful protest,1,0,27256,Demonstrations,3749,6.4342,10.4682
2021-08-07,Middle Africa,Cameroon,Nord-Ouest,Protests,Peaceful protest,1,0,5587,Demonstrations,3749,6.4342,10.4682
2021-10-09,Middle Africa,Cameroon,Nord-Ouest,Protests,Peaceful protest,1,0,27256,Demonstrations,3749,6.4342,10.4682
2021-10-16,Middle Africa,Cameroon,Nord-Ouest,Protests,Peaceful protest,2,0,28501,Demonstrations,3749,6.4342,10.4682
2022-04-02,Middle Africa,Cameroon,Nord-Ouest,Protests,Peaceful protest,1,0,12031,Demonstrations,3749,6.4342,10.4682
2022-04-23,Middle Africa,Cameroon,Nord-Ouest,Protests,Peaceful protest,1,0,27765,Demonstrations,3749,6.4342,10.4682
2022-06-11,Middle Africa,Cameroon,Nord-Ouest,Protests,Peaceful protest,2,0,12855,Demonstrations,3749,6.4342,10.4682
2022-07-23,Middle Africa,Cameroon,Nord-Ouest,Protests,Peaceful protest,2,0,5683,Demonstrations,3749,6.4342,10.4682
2022-12-03,Middle Africa,Cameroon,Nord-Ouest,Protests,Peaceful protest,1,0,2503,Demonstrations,3749,6.4342,10.4682
2022-12-31,Middle Africa,Cameroon,Nord-Ouest,Protests,Peaceful protest,1,0,4070,Demonstrations,3749,6.4342,10.4682
2023-01-28,Middle Africa,Cameroon,Nord-Ouest,Protests,Peaceful protest,1,0,2449,Demonstrations,3749,6.4342,10.4682
2023-02-04,Middle Africa,Cameroon,Nord-Ouest,Protests,Peaceful protest,2,0,28260,Demonstrations,3749,6.4342,10.4682
2023-04-08,Middle Africa,Cameroon,Nord-Ouest,Protests,Peaceful protest,1,0,28260,Demonstrations,3749,6.4342,10.4682
2023-05-06,Middle Africa,Cameroon,Nord-Ouest,Protests,Peaceful protest,1,0,28260,Demonstrations,3749,6.4342,10.4682
2023-06-10,Middle Africa,Cameroon,Nord-Ouest,Protests,Peaceful protest,1,0,28260,Demonstrations,3749,6.4342,10.4682
2023-06-17,Middle Africa,Cameroon,Nord-Ouest,Protests,Peaceful protest,1,0,2449,Demonstrations,3749,6.4342,10.4682
2023-06-24,Middle Africa,Cameroon,Nord-Ouest,Protests,Peaceful protest,1,0,12264,Demonstrations,3749,6.4342,10.4682
2023-07-15,Middle Africa,Cameroon,Nord-Ouest,Protests,Peaceful protest,1,0,28260,Demonstrations,3749,6.4342,10.4682
2023-08-26,Middle Africa,Cameroon,Nord-Ouest,Protests,Peaceful protest,1,0,2338,Demonstrations,3749,6.4342,10.4682
2023-09-23,Middle Africa,Cameroon,Nord-Ouest,Protests,Peaceful protest,1,0,2682,Demonstrations,3749,6.4342,10.4682
2023-09-30,Middle Africa,Cameroon,Nord-Ouest,Protests,Peaceful protest,1,0,686,Demonstrations,3749,6.4342,10.4682
2023-11-18,Middle Africa,Cameroon,Nord-Ouest,Protests,Peaceful protest,1,0,4059,Demonstrations,3749,6.4342,10.4682
2023-11-25,Middle Africa,Cameroon,Nord-Ouest,Protests,Peaceful protest,1,0,7640,Demonstrations,3749,6.4342,10.4682
2023-12-16,Middle Africa,Cameroon,Nord-Ouest,Protests,Peaceful protest,1,0,3671,Demonstrations,3749,6.4342,10.4682
2024-03-09,Middle Africa,Cameroon,Nord-Ouest,Protests,Peaceful protest,1,0,28777,Demonstrations,3749,6.4342,10.4682
2024-03-30,Middle Africa,Cameroon,Nord-Ouest,Protests,Peaceful protest,1,0,3769,Demonstrations,3749,6.4342,10.4682
2024-04-06,Middle Africa,Cameroon,Nord-Ouest,Protests,Peaceful protest,1,0,13273,Demonstrations,3749,6.4342,10.4682
2024-05-04,Middle Africa,Cameroon,Nord-Ouest,Protests,Peaceful protest,1,0,89,Demonstrations,3749,6.4342,10.4682
2024-05-25,Middle Africa,Cameroon,Nord-Ouest,Protests,Peaceful protest,1,0,5877,Demonstrations,3749,6.4342,10.4682
2024-06-15,Middle Africa,Cameroon,Nord-Ouest,Protests,Peaceful protest,1,0,28777,Demonstrations,3749,6.4342,10.4682
2024-07-20,Middle Africa,Cameroon,Nord-Ouest,Protests,Peaceful protest,1,0,700,Demonstrations,3749,6.4342,10.4682
2024-07-27,Middle Africa,Cameroon,Nord-Ouest,Protests,Peaceful protest,2,0,25759,Demonstrations,3749,6.4342,10.4682
2024-08-03,Middle Africa,Cameroon,Nord-Ouest,Protests,Peaceful protest,2,0,4194,Demonstrations,3749,6.4342,10.4682
2024-08-31,Middle Africa,Cameroon,Nord-Ouest,Protests,Peaceful protest,1,0,2379,Demonstrations,3749,6.4342,10.4682
2024-09-28,Middle Africa,Cameroon,Nord-Ouest,Protests,Peaceful protest,1,0,89,Demonstrations,3749,6.4342,10.4682
2024-10-05,Middle Africa,Cameroon,Nord-Ouest,Protests,Peaceful protest,1,0,1322,Demonstrations,3749,6.4342,10.4682
2024-11-09,Middle Africa,Cameroon,Nord-Ouest,Protests,Peaceful protest,1,0,7,Demonstrations,3749,6.4342,10.4682
2024-12-28,Middle Africa,Cameroon,Nord-Ouest,Protests,Peaceful protest,1,0,29282,Demonstrations,3749,6.4342,10.4682
2025-02-22,Middle Africa,Cameroon,Nord-Ouest,Protests,Peaceful protest,1,0,4885,Demonstrations,3749,6.4342,10.4682
2025-04-19,Middle Africa,Cameroon,Nord-Ouest,Protests,Peaceful protest,1,0,2789,Demonstrations,3749,6.4342,10.4682
2025-06-21,Middle Africa,Cameroon,Nord-Ouest,Protests,Peaceful protest,1,0,1458,Demonstrations,3749,6.4342,10.4682
2025-06-28,Middle Africa,Cameroon,Nord-Ouest,Protests,Peaceful protest,1,0,1977,Demonstrations,3749,6.4342,10.4682
2025-07-12,Middle Africa,Cameroon,Nord-Ouest,Protests,Peaceful protest,1,0,9803,Demonstrations,3749,6.4342,10.4682
2025-07-19,Middle Africa,Cameroon,Nord-Ouest,Protests,Peaceful protest,1,0,800,Demonstrations,3749,6.4342,10.4682
2025-08-09,Middle Africa,Cameroon,Nord-Ouest,Protests,Peaceful protest,1,0,8001,Demonstrations,3749,6.4342,10.4682
2025-09-06,Middle Africa,Cameroon,Nord-Ouest,Protests,Peaceful protest,1,0,29282,Demonstrations,3749,6.4342,10.4682
2025-09-27,Middle Africa,Cameroon,Nord-Ouest,Protests,Peaceful protest,1,0,10621,Demonstrations,3749,6.4342,10.4682
2025-10-25,Middle Africa,Cameroon,Nord-Ouest,Protests,Peaceful protest,1,0,8001,Demonstrations,3749,6.4342,10.4682
2025-11-15,Middle Africa,Cameroon,Nord-Ouest,Protests,Peaceful protest,1,0,1977,Demonstrations,3749,6.4342,10.4682
2025-11-22,Middle Africa,Cameroon,Nord-Ouest,Protests,Peaceful protest,2,0,2635,Demonstrations,3749,6.4342,10.4682
2025-12-13,Middle Africa,Cameroon,Nord-Ouest,Protests,Peaceful protest,1,0,12708,Demonstrations,3749,6.4342,10.4682
2025-12-20,Middle Africa,Cameroon,Nord-Ouest,Protests,Peaceful protest,1,0,4253,Demonstrations,3749,6.4342,10.4682
2025-12-27,Middle Africa,Cameroon,Nord-Ouest,Protests,Peaceful protest,1,0,4253,Demonstrations,3749,6.4342,10.4682
2026-01-31,Middle Africa,Cameroon,Nord-Ouest,Protests,Peaceful protest,2,0,34076,Demonstrations,3749,6.4342,10.4682
2026-02-07,Middle Africa,Cameroon,Nord-Ouest,Protests,Peaceful protest,1,0,4973,Demonstrations,3749,6.4342,10.4682
2026-03-28,Middle Africa,Cameroon,Nord-Ouest,Protests,Peaceful protest,2,0,16125,Demonstrations,3749,6.4342,10.4682
2026-04-18,Middle Africa,Cameroon,Nord-Ouest,Protests,Peaceful protest,2,0,6857,Demonstrations,3749,6.4342,10.4682
2026-04-25,Middle Africa,Cameroon,Nord-Ouest,Protests,Peaceful protest,1,0,5818,Demonstrations,3749,6.4342,10.4682
2026-05-02,Middle Africa,Cameroon,Nord-Ouest,Protests,Peaceful protest,1,0,2584,Demonstrations,3749,6.4342,10.4682
2026-05-09,Middle Africa,Cameroon,Nord-Ouest,Protests,Peaceful protest,2,0,4832,Demonstrations,3749,6.4342,10.4682
2026-05-16,Middle Africa,Cameroon,Nord-Ouest,Protests,Peaceful protest,1,0,92,Demonstrations,3749,6.4342,10.4682
2026-05-23,Middle Africa,Cameroon,Nord-Ouest,Protests,Peaceful protest,1,0,2051,Demonstrations,3749,6.4342,10.4682
2026-05-30,Middle Africa,Cameroon,Nord-Ouest,Protests,Peaceful protest,2,0,2883,Demonstrations,3749,6.4342,10.4682
2026-07-11,Middle Africa,Cameroon,Nord-Ouest,Protests,Peaceful protest,2,0,47189,Demonstrations,3749,6.4342,10.4682
2026-07-25,Middle Africa,Cameroon,Nord-Ouest,Protests,Peaceful protest,1,0,6068,Demonstrations,3749,6.4342,10.4682
2026-08-01,Middle Africa,Cameroon,Nord-Ouest,Protests,Peaceful protest,1,0,4535,Demonstrations,3749,6.4342,10.4682
2020-10-10,Middle Africa,Cameroon,Nord-Ouest,Protests,Protest with intervention,1,0,26776,Demonstrations,3749,6.4342,10.4682
2022-04-02,Middle Africa,Cameroon,Nord-Ouest,Protests,Protest with intervention,1,0,8996,Demonstrations,3749,6.4342,10.4682
2023-03-04,Middle Africa,Cameroon,Nord-Ouest,Protests,Protest with intervention,1,0,817,Demonstrations,3749,6.4342,10.4682
2023-10-07,Middle Africa,Cameroon,Nord-Ouest,Protests,Protest with intervention,1,0,5782,Demonstrations,3749,6.4342,10.4682
2026-01-31,Middle Africa,Cameroon,Nord-Ouest,Protests,Protest with intervention,1,0,29797,Demonstrations,3749,6.4342,10.4682
2026-02-28,Middle Africa,Cameroon,Nord-Ouest,Protests,Protest with intervention,1,0,211,Demonstrations,3749,6.4342,10.4682
2020-01-04,Middle Africa,Cameroon,Nord-Ouest,Riots,Mob violence,1,0,11673,Political violence,3749,6.4342,10.4682
2020-01-25,Middle Africa,Cameroon,Nord-Ouest,Riots,Mob violence,1,1,99313,Political violence,3749,6.4342,10.4682
2020-08-22,Middle Africa,Cameroon,Nord-Ouest,Riots,Mob violence,1,0,236,Political violence,3749,6.4342,10.4682
2020-09-05,Middle Africa,Cameroon,Nord-Ouest,Riots,Mob violence,1,0,99313,Political violence,3749,6.4342,10.4682
2020-09-19,Middle Africa,Cameroon,Nord-Ouest,Riots,Mob violence,1,0,99313,Political violence,3749,6.4342,10.4682
2020-10-17,Middle Africa,Cameroon,Nord-Ouest,Riots,Mob violence,1,0,99313,Political violence,3749,6.4342,10.4682
2020-10-24,Middle Africa,Cameroon,Nord-Ouest,Riots,Mob violence,1,1,99313,Political violence,3749,6.4342,10.4682
2020-11-14,Middle Africa,Cameroon,Nord-Ouest,Riots,Mob violence,2,2,99313,Political violence,3749,6.4342,10.4682
2020-12-12,Middle Africa,Cameroon,Nord-Ouest,Riots,Mob violence,1,2,99313,Political violence,3749,6.4342,10.4682
2020-12-19,Middle Africa,Cameroon,Nord-Ouest,Riots,Mob violence,1,1,99313,Political violence,3749,6.4342,10.4682
2021-01-16,Middle Africa,Cameroon,Nord-Ouest,Riots,Mob violence,1,0,12972,Political violence,3749,6.4342,10.4682
2021-04-24,Middle Africa,Cameroon,Nord-Ouest,Riots,Mob violence,1,2,101140,Political violence,3749,6.4342,10.4682
2021-08-14,Middle Africa,Cameroon,Nord-Ouest,Riots,Mob violence,1,0,3551,Political violence,3749,6.4342,10.4682
2021-08-28,Middle Africa,Cameroon,Nord-Ouest,Riots,Mob violence,1,0,22770,Political violence,3749,6.4342,10.4682
2021-09-04,Middle Africa,Cameroon,Nord-Ouest,Riots,Mob violence,1,0,559,Political violence,3749,6.4342,10.4682
2021-11-06,Middle Africa,Cameroon,Nord-Ouest,Riots,Mob violence,1,1,3985,Political violence,3749,6.4342,10.4682
2021-11-27,Middle Africa,Cameroon,Nord-Ouest,Riots,Mob violence,1,1,22770,Political violence,3749,6.4342,10.4682
2022-01-01,Middle Africa,Cameroon,Nord-Ouest,Riots,Mob violence,1,0,102995,Political violence,3749,6.4342,10.4682
2022-03-05,Middle Africa,Cameroon,Nord-Ouest,Riots,Mob violence,1,0,8664,Political violence,3749,6.4342,10.4682
2022-03-26,Middle Africa,Cameroon,Nord-Ouest,Riots,Mob violence,1,1,1442,Political violence,3749,6.4342,10.4682
2022-04-02,Middle Africa,Cameroon,Nord-Ouest,Riots,Mob violence,1,1,16175,Political violence,3749,6.4342,10.4682
2022-04-16,Middle Africa,Cameroon,Nord-Ouest,Riots,Mob violence,1,0,23294,Political violence,3749,6.4342,10.4682
2022-04-30,Middle Africa,Cameroon,Nord-Ouest,Riots,Mob violence,1,0,242,Political violence,3749,6.4342,10.4682
2022-05-07,Middle Africa,Cameroon,Nord-Ouest,Riots,Mob violence,1,0,10734,Political violence,3749,6.4342,10.4682
2022-05-21,Middle Africa,Cameroon,Nord-Ouest,Riots,Mob violence,1,0,5377,Political violence,3749,6.4342,10.4682
2022-05-28,Middle Africa,Cameroon,Nord-Ouest,Riots,Mob violence,1,0,23294,Political violence,3749,6.4342,10.4682
2022-07-02,Middle Africa,Cameroon,Nord-Ouest,Riots,Mob violence,1,0,102995,Political violence,3749,6.4342,10.4682
2022-07-16,Middle Africa,Cameroon,Nord-Ouest,Riots,Mob violence,1,0,7390,Political violence,3749,6.4342,10.4682
2022-07-23,Middle Africa,Cameroon,Nord-Ouest,Riots,Mob violence,2,3,28141,Political violence,3749,6.4342,10.4682
2022-07-30,Middle Africa,Cameroon,Nord-Ouest,Riots,Mob violence,1,0,4034,Political violence,3749,6.4342,10.4682
2022-08-06,Middle Africa,Cameroon,Nord-Ouest,Riots,Mob violence,2,2,126289,Political violence,3749,6.4342,10.4682
2022-08-20,Middle Africa,Cameroon,Nord-Ouest,Riots,Mob violence,1,0,23294,Political violence,3749,6.4342,10.4682
2022-09-03,Middle Africa,Cameroon,Nord-Ouest,Riots,Mob violence,1,0,7885,Political violence,3749,6.4342,10.4682
2022-10-08,Middle Africa,Cameroon,Nord-Ouest,Riots,Mob violence,2,4,126289,Political violence,3749,6.4342,10.4682
2022-10-15,Middle Africa,Cameroon,Nord-Ouest,Riots,Mob violence,1,2,102995,Political violence,3749,6.4342,10.4682
2022-11-05,Middle Africa,Cameroon,Nord-Ouest,Riots,Mob violence,1,0,3728,Political violence,3749,6.4342,10.4682
2022-11-19,Middle Africa,Cameroon,Nord-Ouest,Riots,Mob violence,1,0,16175,Political violence,3749,6.4342,10.4682
2023-01-14,Middle Africa,Cameroon,Nord-Ouest,Riots,Mob violence,1,1,104846,Political violence,3749,6.4342,10.4682
2023-02-25,Middle Africa,Cameroon,Nord-Ouest,Riots,Mob violence,2,0,32751,Political violence,3749,6.4342,10.4682
2023-03-04,Middle Africa,Cameroon,Nord-Ouest,Riots,Mob violence,1,0,8886,Political violence,3749,6.4342,10.4682
2023-03-11,Middle Africa,Cameroon,Nord-Ouest,Riots,Mob violence,2,1,109705,Political violence,3749,6.4342,10.4682
2023-04-22,Middle Africa,Cameroon,Nord-Ouest,Riots,Mob violence,1,1,7725,Political violence,3749,6.4342,10.4682
2023-05-06,Middle Africa,Cameroon,Nord-Ouest,Riots,Mob violence,1,0,3647,Political violence,3749,6.4342,10.4682
2023-05-27,Middle Africa,Cameroon,Nord-Ouest,Riots,Mob violence,1,1,4981,Political violence,3749,6.4342,10.4682
2023-07-08,Middle Africa,Cameroon,Nord-Ouest,Riots,Mob violence,1,1,104846,Political violence,3749,6.4342,10.4682
2023-08-26,Middle Africa,Cameroon,Nord-Ouest,Riots,Mob violence,1,0,330,Political violence,3749,6.4342,10.4682
2023-09-23,Middle Africa,Cameroon,Nord-Ouest,Riots,Mob violence,1,0,104846,Political violence,3749,6.4342,10.4682
2023-10-28,Middle Africa,Cameroon,Nord-Ouest,Riots,Mob violence,1,1,6197,Political violence,3749,6.4342,10.4682
2023-11-04,Middle Africa,Cameroon,Nord-Ouest,Riots,Mob violence,2,1,73915,Political violence,3749,6.4342,10.4682
2023-11-18,Middle Africa,Cameroon,Nord-Ouest,Riots,Mob violence,3,0,82771,Political violence,3749,6.4342,10.4682
2023-12-16,Middle Africa,Cameroon,Nord-Ouest,Riots,Mob violence,1,0,882,Political violence,3749,6.4342,10.4682
2023-12-23,Middle Africa,Cameroon,Nord-Ouest,Riots,Mob violence,1,0,7095,Political violence,3749,6.4342,10.4682
2023-12-30,Middle Africa,Cameroon,Nord-Ouest,Riots,Mob violence,3,0,9144,Political violence,3749,6.4342,10.4682
2024-02-17,Middle Africa,Cameroon,Nord-Ouest,Riots,Mob violence,1,0,26092,Political violence,3749,6.4342,10.4682
2024-03-16,Middle Africa,Cameroon,Nord-Ouest,Riots,Mob violence,1,0,3720,Political violence,3749,6.4342,10.4682
2024-04-06,Middle Africa,Cameroon,Nord-Ouest,Riots,Mob violence,2,0,30797,Political violence,3749,6.4342,10.4682
2024-04-13,Middle Africa,Cameroon,Nord-Ouest,Riots,Mob violence,2,0,25287,Political violence,3749,6.4342,10.4682
2024-04-20,Middle Africa,Cameroon,Nord-Ouest,Riots,Mob violence,3,0,10462,Political violence,3749,6.4342,10.4682
2024-04-27,Middle Africa,Cameroon,Nord-Ouest,Riots,Mob violence,1,0,3720,Political violence,3749,6.4342,10.4682
2024-05-04,Middle Africa,Cameroon,Nord-Ouest,Riots,Mob violence,5,1,40692,Political violence,3749,6.4342,10.4682
2024-05-18,Middle Africa,Cameroon,Nord-Ouest,Riots,Mob violence,1,1,24446,Political violence,3749,6.4342,10.4682
2024-05-25,Middle Africa,Cameroon,Nord-Ouest,Riots,Mob violence,1,0,4819,Political violence,3749,6.4342,10.4682
2024-06-01,Middle Africa,Cameroon,Nord-Ouest,Riots,Mob violence,1,0,3720,Political violence,3749,6.4342,10.4682
2024-06-15,Middle Africa,Cameroon,Nord-Ouest,Riots,Mob violence,1,0,5466,Political violence,3749,6.4342,10.4682
2024-06-29,Middle Africa,Cameroon,Nord-Ouest,Riots,Mob violence,1,0,2359,Political violence,3749,6.4342,10.4682
2024-07-06,Middle Africa,Cameroon,Nord-Ouest,Riots,Mob violence,1,1,17136,Political violence,3749,6.4342,10.4682
2024-08-10,Middle Africa,Cameroon,Nord-Ouest,Riots,Mob violence,1,0,71095,Political violence,3749,6.4342,10.4682
2024-09-21,Middle Africa,Cameroon,Nord-Ouest,Riots,Mob violence,1,1,12497,Political violence,3749,6.4342,10.4682
2024-09-28,Middle Africa,Cameroon,Nord-Ouest,Riots,Mob violence,1,0,3720,Political violence,3749,6.4342,10.4682
2024-10-12,Middle Africa,Cameroon,Nord-Ouest,Riots,Mob violence,1,0,17136,Political violence,3749,6.4342,10.4682
2024-11-30,Middle Africa,Cameroon,Nord-Ouest,Riots,Mob violence,2,0,30752,Political violence,3749,6.4342,10.4682
2024-12-21,Middle Africa,Cameroon,Nord-Ouest,Riots,Mob violence,1,0,3435,Political violence,3749,6.4342,10.4682
2025-01-04,Middle Africa,Cameroon,Nord-Ouest,Riots,Mob violence,3,1,39381,Political violence,3749,6.4342,10.4682
2025-01-11,Middle Africa,Cameroon,Nord-Ouest,Riots,Mob violence,1,1,25010,Political violence,3749,6.4342,10.4682
2025-01-18,Middle Africa,Cameroon,Nord-Ouest,Riots,Mob violence,1,0,2529,Political violence,3749,6.4342,10.4682
2025-01-25,Middle Africa,Cameroon,Nord-Ouest,Riots,Mob violence,1,0,2059,Political violence,3749,6.4342,10.4682
2025-02-01,Middle Africa,Cameroon,Nord-Ouest,Riots,Mob violence,1,0,8618,Political violence,3749,6.4342,10.4682
2025-02-15,Middle Africa,Cameroon,Nord-Ouest,Riots,Mob violence,1,2,6359,Political violence,3749,6.4342,10.4682
2025-02-22,Middle Africa,Cameroon,Nord-Ouest,Riots,Mob violence,2,0,2018,Political violence,3749,6.4342,10.4682
2025-03-01,Middle Africa,Cameroon,Nord-Ouest,Riots,Mob violence,2,0,125891,Political violence,3749,6.4342,10.4682
2025-03-08,Middle Africa,Cameroon,Nord-Ouest,Riots,Mob violence,2,3,42281,Political violence,3749,6.4342,10.4682
2025-03-22,Middle Africa,Cameroon,Nord-Ouest,Riots,Mob violence,1,0,1278,Political violence,3749,6.4342,10.4682
2025-03-29,Middle Africa,Cameroon,Nord-Ouest,Riots,Mob violence,2,0,1568,Political violence,3749,6.4342,10.4682
2025-04-05,Middle Africa,Cameroon,Nord-Ouest,Riots,Mob violence,1,0,5034,Political violence,3749,6.4342,10.4682
2025-04-19,Middle Africa,Cameroon,Nord-Ouest,Riots,Mob violence,1,0,7482,Political violence,3749,6.4342,10.4682
2025-05-03,Middle Africa,Cameroon,Nord-Ouest,Riots,Mob violence,4,0,22994,Political violence,3749,6.4342,10.4682
2025-05-10,Middle Africa,Cameroon,Nord-Ouest,Riots,Mob violence,4,2,38413,Political violence,3749,6.4342,10.4682
2025-05-17,Middle Africa,Cameroon,Nord-Ouest,Riots,Mob violence,6,2,37813,Political violence,3749,6.4342,10.4682
2025-05-24,Middle Africa,Cameroon,Nord-Ouest,Riots,Mob violence,3,0,8030,Political violence,3749,6.4342,10.4682
2025-05-31,Middle Africa,Cameroon,Nord-Ouest,Riots,Mob violence,5,2,140010,Political violence,3749,6.4342,10.4682
2025-06-07,Middle Africa,Cameroon,Nord-Ouest,Riots,Mob violence,1,0,3792,Political violence,3749,6.4342,10.4682
2025-06-14,Middle Africa,Cameroon,Nord-Ouest,Riots,Mob violence,2,0,7102,Political violence,3749,6.4342,10.4682
2025-06-21,Middle Africa,Cameroon,Nord-Ouest,Riots,Mob violence,2,0,2864,Political violence,3749,6.4342,10.4682
2025-06-28,Middle Africa,Cameroon,Nord-Ouest,Riots,Mob violence,1,0,5034,Political violence,3749,6.4342,10.4682
2025-08-02,Middle Africa,Cameroon,Nord-Ouest,Riots,Mob violence,1,0,2538,Political violence,3749,6.4342,10.4682
2025-08-09,Middle Africa,Cameroon,Nord-Ouest,Riots,Mob violence,1,0,108620,Political violence,3749,6.4342,10.4682
2025-08-16,Middle Africa,Cameroon,Nord-Ouest,Riots,Mob violence,2,0,46858,Political violence,3749,6.4342,10.4682
2025-08-23,Middle Africa,Cameroon,Nord-Ouest,Riots,Mob violence,6,0,41242,Political violence,3749,6.4342,10.4682
2025-08-30,Middle Africa,Cameroon,Nord-Ouest,Riots,Mob violence,2,0,18135,Political violence,3749,6.4342,10.4682
2025-09-06,Middle Africa,Cameroon,Nord-Ouest,Riots,Mob violence,2,0,5957,Political violence,3749,6.4342,10.4682
2025-09-27,Middle Africa,Cameroon,Nord-Ouest,Riots,Mob violence,4,1,37666,Political violence,3749,6.4342,10.4682
2025-10-04,Middle Africa,Cameroon,Nord-Ouest,Riots,Mob violence,4,0,34742,Political violence,3749,6.4342,10.4682
2025-10-11,Middle Africa,Cameroon,Nord-Ouest,Riots,Mob violence,8,0,53842,Political violence,3749,6.4342,10.4682
2025-10-18,Middle Africa,Cameroon,Nord-Ouest,Riots,Mob violence,5,0,49343,Political violence,3749,6.4342,10.4682
2025-10-25,Middle Africa,Cameroon,Nord-Ouest,Riots,Mob violence,1,1,11705,Political violence,3749,6.4342,10.4682
2025-11-01,Middle Africa,Cameroon,Nord-Ouest,Riots,Mob violence,1,0,17271,Political violence,3749,6.4342,10.4682
2025-11-22,Middle Africa,Cameroon,Nord-Ouest,Riots,Mob violence,1,0,6410,Political violence,3749,6.4342,10.4682
2025-11-29,Middle Africa,Cameroon,Nord-Ouest,Riots,Mob violence,3,4,11228,Political violence,3749,6.4342,10.4682
2025-12-06,Middle Africa,Cameroon,Nord-Ouest,Riots,Mob violence,5,1,49167,Political violence,3749,6.4342,10.4682
2025-12-13,Middle Africa,Cameroon,Nord-Ouest,Riots,Mob violence,4,0,28330,Political violence,3749,6.4342,10.4682
2025-12-20,Middle Africa,Cameroon,Nord-Ouest,Riots,Mob violence,1,0,29587,Political violence,3749,6.4342,10.4682
2025-12-27,Middle Africa,Cameroon,Nord-Ouest,Riots,Mob violence,3,0,4908,Political violence,3749,6.4342,10.4682
2026-01-03,Middle Africa,Cameroon,Nord-Ouest,Riots,Mob violence,5,0,48151,Political violence,3749,6.4342,10.4682
2026-01-10,Middle Africa,Cameroon,Nord-Ouest,Riots,Mob violence,4,0,33923,Political violence,3749,6.4342,10.4682
2026-01-17,Middle Africa,Cameroon,Nord-Ouest,Riots,Mob violence,4,0,40655,Political violence,3749,6.4342,10.4682
2026-01-24,Middle Africa,Cameroon,Nord-Ouest,Riots,Mob violence,2,0,3867,Political violence,3749,6.4342,10.4682
2026-01-31,Middle Africa,Cameroon,Nord-Ouest,Riots,Mob violence,1,0,4246,Political violence,3749,6.4342,10.4682
2026-02-07,Middle Africa,Cameroon,Nord-Ouest,Riots,Mob violence,3,0,18821,Political violence,3749,6.4342,10.4682
2026-02-14,Middle Africa,Cameroon,Nord-Ouest,Riots,Mob violence,8,0,18570,Political violence,3749,6.4342,10.4682
2026-02-21,Middle Africa,Cameroon,Nord-Ouest,Riots,Mob violence,1,1,316,Political violence,3749,6.4342,10.4682
2026-02-28,Middle Africa,Cameroon,Nord-Ouest,Riots,Mob violence,1,0,1715,Political violence,3749,6.4342,10.4682
2026-03-07,Middle Africa,Cameroon,Nord-Ouest,Riots,Mob violence,3,0,35709,Political violence,3749,6.4342,10.4682
2026-03-14,Middle Africa,Cameroon,Nord-Ouest,Riots,Mob violence,2,0,2608,Political violence,3749,6.4342,10.4682
2026-03-21,Middle Africa,Cameroon,Nord-Ouest,Riots,Mob violence,6,0,118750,Political violence,3749,6.4342,10.4682
2026-03-28,Middle Africa,Cameroon,Nord-Ouest,Riots,Mob violence,3,0,20269,Political violence,3749,6.4342,10.4682
2026-04-04,Middle Africa,Cameroon,Nord-Ouest,Riots,Mob violence,2,0,33281,Political violence,3749,6.4342,10.4682
2026-04-11,Middle Africa,Cameroon,Nord-Ouest,Riots,Mob violence,5,1,11708,Political violence,3749,6.4342,10.4682
2026-04-18,Middle Africa,Cameroon,Nord-Ouest,Riots,Mob violence,5,0,35769,Political violence,3749,6.4342,10.4682
2026-04-25,Middle Africa,Cameroon,Nord-Ouest,Riots,Mob violence,2,0,5190,Political violence,3749,6.4342,10.4682
2026-05-02,Middle Africa,Cameroon,Nord-Ouest,Riots,Mob violence,2,0,11508,Political violence,3749,6.4342,10.4682
2026-05-09,Middle Africa,Cameroon,Nord-Ouest,Riots,Mob violence,4,1,33871,Political violence,3749,6.4342,10.4682
2026-05-16,Middle Africa,Cameroon,Nord-Ouest,Riots,Mob violence,3,0,6774,Political violence,3749,6.4342,10.4682
2026-05-23,Middle Africa,Cameroon,Nord-Ouest,Riots,Mob violence,4,0,8347,Political violence,3749,6.4342,10.4682
2026-05-30,Middle Africa,Cameroon,Nord-Ouest,Riots,Mob violence,3,0,2506,Political violence,3749,6.4342,10.4682
2026-06-06,Middle Africa,Cameroon,Nord-Ouest,Riots,Mob violence,4,0,32172,Political violence,3749,6.4342,10.4682
2026-06-13,Middle Africa,Cameroon,Nord-Ouest,Riots,Mob violence,2,0,5902,Political violence,3749,6.4342,10.4682
2026-06-20,Middle Africa,Cameroon,Nord-Ouest,Riots,Mob violence,6,1,42627,Political violence,3749,6.4342,10.4682
2026-06-27,Middle Africa,Cameroon,Nord-Ouest,Riots,Mob violence,2,0,7868,Political violence,3749,6.4342,10.4682
2026-07-04,Middle Africa,Cameroon,Nord-Ouest,Riots,Mob violence,3,0,37200,Political violence,3749,6.4342,10.4682
2026-07-11,Middle Africa,Cameroon,Nord-Ouest,Riots,Mob violence,3,0,5536,Political violence,3749,6.4342,10.4682
2026-07-25,Middle Africa,Cameroon,Nord-Ouest,Riots,Mob violence,4,0,28614,Political violence,3749,6.4342,10.4682
2026-08-01,Middle Africa,Cameroon,Nord-Ouest,Riots,Mob violence,2,0,,Political violence,3749,6.4342,10.4682
2026-08-08,Middle Africa,Cameroon,Nord-Ouest,Riots,Mob violence,2,0,25583,Political violence,3749,6.4342,10.4682
2026-08-15,Middle Africa,Cameroon,Nord-Ouest,Riots,Mob violence,1,0,,Political violence,3749,6.4342,10.4682
2026-08-22,Middle Africa,Cameroon,Nord-Ouest,Riots,Mob violence,2,1,4991,Political violence,3749,6.4342,10.4682
2021-07-03,Middle Africa,Cameroon,Nord-Ouest,Riots,Violent demonstration,1,0,101140,Demonstrations,3749,6.4342,10.4682
2021-11-06,Middle Africa,Cameroon,Nord-Ouest,Riots,Violent demonstration,1,1,101140,Demonstrations,3749,6.4342,10.4682
2022-11-12,Middle Africa,Cameroon,Nord-Ouest,Riots,Violent demonstration,1,0,23294,Demonstrations,3749,6.4342,10.4682
2021-10-23,Middle Africa,Cameroon,Nord-Ouest,Strategic developments,Agreement,1,0,,Strategic developments,3749,6.4342,10.4682
2023-02-11,Middle Africa,Cameroon,Nord-Ouest,Strategic developments,Agreement,1,0,,Strategic developments,3749,6.4342,10.4682
2023-02-18,Middle Africa,Cameroon,Nord-Ouest,Strategic developments,Agreement,1,0,,Strategic developments,3749,6.4342,10.4682
2023-06-03,Middle Africa,Cameroon,Nord-Ouest,Strategic developments,Agreement,1,0,,Strategic developments,3749,6.4342,10.4682
2025-04-05,Middle Africa,Cameroon,Nord-Ouest,Strategic developments,Agreement,1,0,,Strategic developments,3749,6.4342,10.4682
2025-05-03,Middle Africa,Cameroon,Nord-Ouest,Strategic developments,Agreement,1,0,,Strategic developments,3749,6.4342,10.4682
2025-06-21,Middle Africa,Cameroon,Nord-Ouest,Strategic developments,Agreement,1,0,,Strategic developments,3749,6.4342,10.4682
2025-08-09,Middle Africa,Cameroon,Nord-Ouest,Strategic developments,Agreement,1,0,,Strategic developments,3749,6.4342,10.4682
2020-01-18,Middle Africa,Cameroon,Nord-Ouest,Strategic developments,Arrests,1,0,,Strategic developments,3749,6.4342,10.4682
2020-05-09,Middle Africa,Cameroon,Nord-Ouest,Strategic developments,Arrests,1,0,,Strategic developments,3749,6.4342,10.4682
2020-07-25,Middle Africa,Cameroon,Nord-Ouest,Strategic developments,Arrests,1,0,,Strategic developments,3749,6.4342,10.4682
2020-11-28,Middle Africa,Cameroon,Nord-Ouest,Strategic developments,Arrests,1,0,,Strategic developments,3749,6.4342,10.4682
2021-01-09,Middle Africa,Cameroon,Nord-Ouest,Strategic developments,Arrests,3,0,,Strategic developments,3749,6.4342,10.4682
2021-01-16,Middle Africa,Cameroon,Nord-Ouest,Strategic developments,Arrests,1,0,,Strategic developments,3749,6.4342,10.4682
2021-01-23,Middle Africa,Cameroon,Nord-Ouest,Strategic developments,Arrests,1,0,,Strategic developments,3749,6.4342,10.4682
2021-02-13,Middle Africa,Cameroon,Nord-Ouest,Strategic developments,Arrests,1,0,,Strategic developments,3749,6.4342,10.4682
2021-04-10,Middle Africa,Cameroon,Nord-Ouest,Strategic developments,Arrests,1,0,,Strategic developments,3749,6.4342,10.4682
2021-06-19,Middle Africa,Cameroon,Nord-Ouest,Strategic developments,Arrests,1,0,,Strategic developments,3749,6.4342,10.4682
2021-07-03,Middle Africa,Cameroon,Nord-Ouest,Strategic developments,Arrests,1,0,,Strategic developments,3749,6.4342,10.4682
2021-07-31,Middle Africa,Cameroon,Nord-Ouest,Strategic developments,Arrests,1,0,,Strategic developments,3749,6.4342,10.4682
2022-04-23,Middle Africa,Cameroon,Nord-Ouest,Strategic developments,Arrests,1,0,,Strategic developments,3749,6.4342,10.4682
2022-04-30,Middle Africa,Cameroon,Nord-Ouest,Strategic developments,Arrests,2,0,,Strategic developments,3749,6.4342,10.4682
2022-08-06,Middle Africa,Cameroon,Nord-Ouest,Strategic developments,Arrests,1,0,,Strategic developments,3749,6.4342,10.4682
2022-11-12,Middle Africa,Cameroon,Nord-Ouest,Strategic developments,Arrests,1,0,,Strategic developments,3749,6.4342,10.4682
2022-11-19,Middle Africa,Cameroon,Nord-Ouest,Strategic developments,Arrests,1,0,,Strategic developments,3749,6.4342,10.4682
2022-12-31,Middle Africa,Cameroon,Nord-Ouest,Strategic developments,Arrests,1,0,,Strategic developments,3749,6.4342,10.4682
2023-03-04,Middle Africa,Cameroon,Nord-Ouest,Strategic developments,Arrests,1,0,,Strategic developments,3749,6.4342,10.4682
2023-04-01,Middle Africa,Cameroon,Nord-Ouest,Strategic developments,Arrests,1,0,,Strategic developments,3749,6.4342,10.4682
2023-04-15,Middle Africa,Cameroon,Nord-Ouest,Strategic developments,Arrests,1,0,,Strategic developments,3749,6.4342,10.4682
2023-06-24,Middle Africa,Cameroon,Nord-Ouest,Strategic developments,Arrests,1,0,,Strategic developments,3749,6.4342,10.4682
2023-07-01,Middle Africa,Cameroon,Nord-Ouest,Strategic developments,Arrests,1,0,,Strategic developments,3749,6.4342,10.4682
2023-07-08,Middle Africa,Cameroon,Nord-Ouest,Strategic developments,Arrests,1,0,,Strategic developments,3749,6.4342,10.4682
2023-08-12,Middle Africa,Cameroon,Nord-Ouest,Strategic developments,Arrests,1,0,,Strategic developments,3749,6.4342,10.4682
2023-08-19,Middle Africa,Cameroon,Nord-Ouest,Strategic developments,Arrests,2,0,,Strategic developments,3749,6.4342,10.4682
2023-09-23,Middle Africa,Cameroon,Nord-Ouest,Strategic developments,Arrests,1,0,,Strategic developments,3749,6.4342,10.4682
2023-11-11,Middle Africa,Cameroon,Nord-Ouest,Strategic developments,Arrests,1,0,,Strategic developments,3749,6.4342,10.4682
2024-02-10,Middle Africa,Cameroon,Nord-Ouest,Strategic developments,Arrests,1,0,,Strategic developments,3749,6.4342,10.4682
2024-04-27,Middle Africa,Cameroon,Nord-Ouest,Strategic developments,Arrests,2,0,,Strategic developments,3749,6.4342,10.4682
2024-09-28,Middle Africa,Cameroon,Nord-Ouest,Strategic developments,Arrests,1,0,,Strategic developments,3749,6.4342,10.4682
2024-10-05,Middle Africa,Cameroon,Nord-Ouest,Strategic developments,Arrests,1,0,,Strategic developments,3749,6.4342,10.4682
2024-10-26,Middle Africa,Cameroon,Nord-Ouest,Strategic developments,Arrests,1,0,,Strategic developments,3749,6.4342,10.4682
2024-11-16,Middle Africa,Cameroon,Nord-Ouest,Strategic developments,Arrests,1,0,,Strategic developments,3749,6.4342,10.4682
2025-01-25,Middle Africa,Cameroon,Nord-Ouest,Strategic developments,Arrests,1,0,,Strategic developments,3749,6.4342,10.4682
2025-04-19,Middle Africa,Cameroon,Nord-Ouest,Strategic developments,Arrests,1,0,,Strategic developments,3749,6.4342,10.4682
2025-05-10,Middle Africa,Cameroon,Nord-Ouest,Strategic developments,Arrests,1,0,,Strategic developments,3749,6.4342,10.4682
2025-06-07,Middle Africa,Cameroon,Nord-Ouest,Strategic developments,Arrests,1,0,,Strategic developments,3749,6.4342,10.4682
2025-07-05,Middle Africa,Cameroon,Nord-Ouest,Strategic developments,Arrests,1,0,,Strategic developments,3749,6.4342,10.4682
2025-08-30,Middle Africa,Cameroon,Nord-Ouest,Strategic developments,Arrests,1,0,,Strategic developments,3749,6.4342,10.4682
2025-09-27,Middle Africa,Cameroon,Nord-Ouest,Strategic developments,Arrests,1,0,,Strategic developments,3749,6.4342,10.4682
2025-10-18,Middle Africa,Cameroon,Nord-Ouest,Strategic developments,Arrests,1,0,,Strategic developments,3749,6.4342,10.4682
2025-11-29,Middle Africa,Cameroon,Nord-Ouest,Strategic developments,Arrests,2,0,,Strategic developments,3749,6.4342,10.4682
2025-12-06,Middle Africa,Cameroon,Nord-Ouest,Strategic developments,Arrests,1,0,,Strategic developments,3749,6.4342,10.4682
2025-12-13,Middle Africa,Cameroon,Nord-Ouest,Strategic developments,Arrests,2,0,,Strategic developments,3749,6.4342,10.4682
2026-01-03,Middle Africa,Cameroon,Nord-Ouest,Strategic developments,Arrests,1,0,,Strategic developments,3749,6.4342,10.4682
2026-01-24,Middle Africa,Cameroon,Nord-Ouest,Strategic developments,Arrests,1,0,,Strategic developments,3749,6.4342,10.4682
2026-01-31,Middle Africa,Cameroon,Nord-Ouest,Strategic developments,Arrests,1,0,,Strategic developments,3749,6.4342,10.4682
2026-02-28,Middle Africa,Cameroon,Nord-Ouest,Strategic developments,Arrests,1,0,,Strategic developments,3749,6.4342,10.4682
2026-03-14,Middle Africa,Cameroon,Nord-Ouest,Strategic developments,Arrests,1,0,,Strategic developments,3749,6.4342,10.4682
2026-03-21,Middle Africa,Cameroon,Nord-Ouest,Strategic developments,Arrests,1,0,,Strategic developments,3749,6.4342,10.4682
2026-03-28,Middle Africa,Cameroon,Nord-Ouest,Strategic developments,Arrests,3,0,,Strategic developments,3749,6.4342,10.4682
2026-04-04,Middle Africa,Cameroon,Nord-Ouest,Strategic developments,Arrests,3,0,,Strategic developments,3749,6.4342,10.4682
2026-05-02,Middle Africa,Cameroon,Nord-Ouest,Strategic developments,Arrests,1,0,,Strategic developments,3749,6.4342,10.4682
2026-05-09,Middle Africa,Cameroon,Nord-Ouest,Strategic developments,Arrests,2,0,,Strategic developments,3749,6.4342,10.4682
2026-05-16,Middle Africa,Cameroon,Nord-Ouest,Strategic developments,Arrests,3,0,,Strategic developments,3749,6.4342,10.4682
2026-05-23,Middle Africa,Cameroon,Nord-Ouest,Strategic developments,Arrests,1,0,,Strategic developments,3749,6.4342,10.4682
2026-06-06,Middle Africa,Cameroon,Nord-Ouest,Strategic developments,Arrests,1,0,,Strategic developments,3749,6.4342,10.4682
2026-07-11,Middle Africa,Cameroon,Nord-Ouest,Strategic developments,Arrests,2,0,,Strategic developments,3749,6.4342,10.4682
2026-07-18,Middle Africa,Cameroon,Nord-Ouest,Strategic developments,Arrests,1,0,,Strategic developments,3749,6.4342,10.4682
2020-03-21,Middle Africa,Cameroon,Nord-Ouest,Strategic developments,Change to group/activity,1,0,,Strategic developments,3749,6.4342,10.4682
2022-04-02,Middle Africa,Cameroon,Nord-Ouest,Strategic developments,Change to group/activity,1,0,,Strategic developments,3749,6.4342,10.4682
2022-12-10,Middle Africa,Cameroon,Nord-Ouest,Strategic developments,Change to group/activity,1,0,,Strategic developments,3749,6.4342,10.4682
2022-12-31,Middle Africa,Cameroon,Nord-Ouest,Strategic developments,Change to group/activity,3,0,,Strategic developments,3749,6.4342,10.4682
2023-01-14,Middle Africa,Cameroon,Nord-Ouest,Strategic developments,Change to group/activity,1,0,,Strategic developments,3749,6.4342,10.4682
2023-03-04,Middle Africa,Cameroon,Nord-Ouest,Strategic developments,Change to group/activity,1,0,,Strategic developments,3749,6.4342,10.4682
2023-03-11,Middle Africa,Cameroon,Nord-Ouest,Strategic developments,Change to group/activity,1,0,,Strategic developments,3749,6.4342,10.4682
2023-06-03,Middle Africa,Cameroon,Nord-Ouest,Strategic developments,Change to group/activity,1,0,,Strategic developments,3749,6.4342,10.4682
2023-06-17,Middle Africa,Cameroon,Nord-Ouest,Strategic developments,Change to group/activity,1,0,,Strategic developments,3749,6.4342,10.4682
2023-11-25,Middle Africa,Cameroon,Nord-Ouest,Strategic developments,Change to group/activity,1,0,,Strategic developments,3749,6.4342,10.4682
2023-12-02,Middle Africa,Cameroon,Nord-Ouest,Strategic developments,Change to group/activity,1,0,,Strategic developments,3749,6.4342,10.4682
2023-12-09,Middle Africa,Cameroon,Nord-Ouest,Strategic developments,Change to group/activity,2,0,,Strategic developments,3749,6.4342,10.4682
2023-12-23,Middle Africa,Cameroon,Nord-Ouest,Strategic developments,Change to group/activity,1,0,,Strategic developments,3749,6.4342,10.4682
2024-05-11,Middle Africa,Cameroon,Nord-Ouest,Strategic developments,Change to group/activity,1,0,,Strategic developments,3749,6.4342,10.4682
2024-06-08,Middle Africa,Cameroon,Nord-Ouest,Strategic developments,Change to group/activity,1,0,,Strategic developments,3749,6.4342,10.4682
2024-07-13,Middle Africa,Cameroon,Nord-Ouest,Strategic developments,Change to group/activity,1,0,,Strategic developments,3749,6.4342,10.4682
2024-07-20,Middle Africa,Cameroon,Nord-Ouest,Strategic developments,Change to group/activity,1,0,,Strategic developments,3749,6.4342,10.4682
2024-08-10,Middle Africa,Cameroon,Nord-Ouest,Strategic developments,Change to group/activity,1,0,,Strategic developments,3749,6.4342,10.4682
2025-03-29,Middle Africa,Cameroon,Nord-Ouest,Strategic developments,Change to group/activity,1,0,,Strategic developments,3749,6.4342,10.4682
2025-05-17,Middle Africa,Cameroon,Nord-Ouest,Strategic developments,Change to group/activity,1,0,,Strategic developments,3749,6.4342,10.4682
2025-07-26,Middle Africa,Cameroon,Nord-Ouest,Strategic developments,Change to group/activity,1,0,,Strategic developments,3749,6.4342,10.4682
2025-11-22,Middle Africa,Cameroon,Nord-Ouest,Strategic developments,Change to group/activity,1,0,,Strategic developments,3749,6.4342,10.4682
2025-12-13,Middle Africa,Cameroon,Nord-Ouest,Strategic developments,Change to group/activity,1,0,,Strategic developments,3749,6.4342,10.4682
2026-02-28,Middle Africa,Cameroon,Nord-Ouest,Strategic developments,Change to group/activity,1,0,,Strategic developments,3749,6.4342,10.4682
2026-05-09,Middle Africa,Cameroon,Nord-Ouest,Strategic developments,Change to group/activity,1,0,,Strategic developments,3749,6.4342,10.4682
2026-07-04,Middle Africa,Cameroon,Nord-Ouest,Strategic developments,Change to group/activity,1,0,,Strategic developments,3749,6.4342,10.4682
2026-08-08,Middle Africa,Cameroon,Nord-Ouest,Strategic developments,Change to group/activity,1,0,,Strategic developments,3749,6.4342,10.4682
2020-11-07,Middle Africa,Cameroon,Nord-Ouest,Strategic developments,Disrupted weapons use,1,0,,Strategic developments,3749,6.4342,10.4682
2021-01-16,Middle Africa,Cameroon,Nord-Ouest,Strategic developments,Disrupted weapons use,1,0,,Strategic developments,3749,6.4342,10.4682
2021-01-23,Middle Africa,Cameroon,Nord-Ouest,Strategic developments,Disrupted weapons use,1,0,,Strategic developments,3749,6.4342,10.4682
2021-02-13,Middle Africa,Cameroon,Nord-Ouest,Strategic developments,Disrupted weapons use,1,0,,Strategic developments,3749,6.4342,10.4682
2021-05-01,Middle Africa,Cameroon,Nord-Ouest,Strategic developments,Disrupted weapons use,2,0,,Strategic developments,3749,6.4342,10.4682
2021-07-24,Middle Africa,Cameroon,Nord-Ouest,Strategic developments,Disrupted weapons use,1,0,,Strategic developments,3749,6.4342,10.4682
2021-09-25,Middle Africa,Cameroon,Nord-Ouest,Strategic developments,Disrupted weapons use,1,0,,Strategic developments,3749,6.4342,10.4682
2021-12-04,Middle Africa,Cameroon,Nord-Ouest,Strategic developments,Disrupted weapons use,1,0,,Strategic developments,3749,6.4342,10.4682
2021-12-25,Middle Africa,Cameroon,Nord-Ouest,Strategic developments,Disrupted weapons use,1,0,,Strategic developments,3749,6.4342,10.4682
2022-05-28,Middle Africa,Cameroon,Nord-Ouest,Strategic developments,Disrupted weapons use,1,0,,Strategic developments,3749,6.4342,10.4682
2022-07-23,Middle Africa,Cameroon,Nord-Ouest,Strategic developments,Disrupted weapons use,4,0,,Strategic developments,3749,6.4342,10.4682
2022-11-12,Middle Africa,Cameroon,Nord-Ouest,Strategic developments,Disrupted weapons use,2,0,,Strategic developments,3749,6.4342,10.4682
2022-11-19,Middle Africa,Cameroon,Nord-Ouest,Strategic developments,Disrupted weapons use,1,0,,Strategic developments,3749,6.4342,10.4682
2023-01-07,Middle Africa,Cameroon,Nord-Ouest,Strategic developments,Disrupted weapons use,1,0,,Strategic developments,3749,6.4342,10.4682
2023-01-28,Middle Africa,Cameroon,Nord-Ouest,Strategic developments,Disrupted weapons use,1,0,,Strategic developments,3749,6.4342,10.4682
2023-03-18,Middle Africa,Cameroon,Nord-Ouest,Strategic developments,Disrupted weapons use,1,0,,Strategic developments,3749,6.4342,10.4682
2023-05-20,Middle Africa,Cameroon,Nord-Ouest,Strategic developments,Disrupted weapons use,2,3,,Strategic developments,3749,6.4342,10.4682
2023-05-27,Middle Africa,Cameroon,Nord-Ouest,Strategic developments,Disrupted weapons use,1,0,,Strategic developments,3749,6.4342,10.4682
2023-07-29,Middle Africa,Cameroon,Nord-Ouest,Strategic developments,Disrupted weapons use,2,0,,Strategic developments,3749,6.4342,10.4682
2023-08-05,Middle Africa,Cameroon,Nord-Ouest,Strategic developments,Disrupted weapons use,2,0,,Strategic developments,3749,6.4342,10.4682
2023-08-26,Middle Africa,Cameroon,Nord-Ouest,Strategic developments,Disrupted weapons use,1,0,,Strategic developments,3749,6.4342,10.4682
2023-09-09,Middle Africa,Cameroon,Nord-Ouest,Strategic developments,Disrupted weapons use,1,0,,Strategic developments,3749,6.4342,10.4682
2023-10-21,Middle Africa,Cameroon,Nord-Ouest,Strategic developments,Disrupted weapons use,1,1,,Strategic developments,3749,6.4342,10.4682
2023-12-09,Middle Africa,Cameroon,Nord-Ouest,Strategic developments,Disrupted weapons use,1,0,,Strategic developments,3749,6.4342,10.4682
2024-01-06,Middle Africa,Cameroon,Nord-Ouest,Strategic developments,Disrupted weapons use,1,0,,Strategic developments,3749,6.4342,10.4682
2024-01-13,Middle Africa,Cameroon,Nord-Ouest,Strategic developments,Disrupted weapons use,1,0,,Strategic developments,3749,6.4342,10.4682
2024-03-23,Middle Africa,Cameroon,Nord-Ouest,Strategic developments,Disrupted weapons use,1,0,,Strategic developments,3749,6.4342,10.4682
2024-04-27,Middle Africa,Cameroon,Nord-Ouest,Strategic developments,Disrupted weapons use,1,0,,Strategic developments,3749,6.4342,10.4682
2024-05-11,Middle Africa,Cameroon,Nord-Ouest,Strategic developments,Disrupted weapons use,2,0,,Strategic developments,3749,6.4342,10.4682
2024-05-18,Middle Africa,Cameroon,Nord-Ouest,Strategic developments,Disrupted weapons use,1,0,,Strategic developments,3749,6.4342,10.4682
2024-05-25,Middle Africa,Cameroon,Nord-Ouest,Strategic developments,Disrupted weapons use,1,0,,Strategic developments,3749,6.4342,10.4682
2024-06-22,Middle Africa,Cameroon,Nord-Ouest,Strategic developments,Disrupted weapons use,1,0,,Strategic developments,3749,6.4342,10.4682
2024-06-29,Middle Africa,Cameroon,Nord-Ouest,Strategic developments,Disrupted weapons use,2,0,,Strategic developments,3749,6.4342,10.4682
2024-07-06,Middle Africa,Cameroon,Nord-Ouest,Strategic developments,Disrupted weapons use,1,0,,Strategic developments,3749,6.4342,10.4682
2024-07-20,Middle Africa,Cameroon,Nord-Ouest,Strategic developments,Disrupted weapons use,1,0,,Strategic developments,3749,6.4342,10.4682
2024-08-10,Middle Africa,Cameroon,Nord-Ouest,Strategic developments,Disrupted weapons use,2,0,,Strategic developments,3749,6.4342,10.4682
2024-09-21,Middle Africa,Cameroon,Nord-Ouest,Strategic developments,Disrupted weapons use,1,0,,Strategic developments,3749,6.4342,10.4682
2024-10-12,Middle Africa,Cameroon,Nord-Ouest,Strategic developments,Disrupted weapons use,1,0,,Strategic developments,3749,6.4342,10.4682
2024-10-26,Middle Africa,Cameroon,Nord-Ouest,Strategic developments,Disrupted weapons use,1,3,,Strategic developments,3749,6.4342,10.4682
2024-11-09,Middle Africa,Cameroon,Nord-Ouest,Strategic developments,Disrupted weapons use,1,0,,Strategic developments,3749,6.4342,10.4682
2024-11-30,Middle Africa,Cameroon,Nord-Ouest,Strategic developments,Disrupted weapons use,2,0,,Strategic developments,3749,6.4342,10.4682
2024-12-07,Middle Africa,Cameroon,Nord-Ouest,Strategic developments,Disrupted weapons use,1,0,,Strategic developments,3749,6.4342,10.4682
2024-12-14,Middle Africa,Cameroon,Nord-Ouest,Strategic developments,Disrupted weapons use,1,0,,Strategic developments,3749,6.4342,10.4682
2025-01-18,Middle Africa,Cameroon,Nord-Ouest,Strategic developments,Disrupted weapons use,1,0,,Strategic developments,3749,6.4342,10.4682
2025-02-08,Middle Africa,Cameroon,Nord-Ouest,Strategic developments,Disrupted weapons use,3,0,,Strategic developments,3749,6.4342,10.4682
2025-02-15,Middle Africa,Cameroon,Nord-Ouest,Strategic developments,Disrupted weapons use,2,0,,Strategic developments,3749,6.4342,10.4682
2025-03-08,Middle Africa,Cameroon,Nord-Ouest,Strategic developments,Disrupted weapons use,3,2,,Strategic developments,3749,6.4342,10.4682
2025-04-05,Middle Africa,Cameroon,Nord-Ouest,Strategic developments,Disrupted weapons use,1,0,,Strategic developments,3749,6.4342,10.4682
2025-04-12,Middle Africa,Cameroon,Nord-Ouest,Strategic developments,Disrupted weapons use,1,0,,Strategic developments,3749,6.4342,10.4682
2025-04-26,Middle Africa,Cameroon,Nord-Ouest,Strategic developments,Disrupted weapons use,1,0,,Strategic developments,3749,6.4342,10.4682
2025-05-10,Middle Africa,Cameroon,Nord-Ouest,Strategic developments,Disrupted weapons use,2,0,,Strategic developments,3749,6.4342,10.4682
2025-05-24,Middle Africa,Cameroon,Nord-Ouest,Strategic developments,Disrupted weapons use,1,1,,Strategic developments,3749,6.4342,10.4682
2025-05-31,Middle Africa,Cameroon,Nord-Ouest,Strategic developments,Disrupted weapons use,2,0,,Strategic developments,3749,6.4342,10.4682
2025-06-14,Middle Africa,Cameroon,Nord-Ouest,Strategic developments,Disrupted weapons use,1,0,,Strategic developments,3749,6.4342,10.4682
2025-06-21,Middle Africa,Cameroon,Nord-Ouest,Strategic developments,Disrupted weapons use,1,0,,Strategic developments,3749,6.4342,10.4682
2025-06-28,Middle Africa,Cameroon,Nord-Ouest,Strategic developments,Disrupted weapons use,1,0,,Strategic developments,3749,6.4342,10.4682
2025-07-05,Middle Africa,Cameroon,Nord-Ouest,Strategic developments,Disrupted weapons use,1,0,,Strategic developments,3749,6.4342,10.4682
2025-07-26,Middle Africa,Cameroon,Nord-Ouest,Strategic developments,Disrupted weapons use,2,0,,Strategic developments,3749,6.4342,10.4682
2025-08-02,Middle Africa,Cameroon,Nord-Ouest,Strategic developments,Disrupted weapons use,1,0,,Strategic developments,3749,6.4342,10.4682
2025-08-09,Middle Africa,Cameroon,Nord-Ouest,Strategic developments,Disrupted weapons use,1,0,,Strategic developments,3749,6.4342,10.4682
2025-09-13,Middle Africa,Cameroon,Nord-Ouest,Strategic developments,Disrupted weapons use,1,0,,Strategic developments,3749,6.4342,10.4682
2025-09-20,Middle Africa,Cameroon,Nord-Ouest,Strategic developments,Disrupted weapons use,1,0,,Strategic developments,3749,6.4342,10.4682
2025-09-27,Middle Africa,Cameroon,Nord-Ouest,Strategic developments,Disrupted weapons use,2,0,,Strategic developments,3749,6.4342,10.4682
2025-11-01,Middle Africa,Cameroon,Nord-Ouest,Strategic developments,Disrupted weapons use,1,0,,Strategic developments,3749,6.4342,10.4682
2025-11-08,Middle Africa,Cameroon,Nord-Ouest,Strategic developments,Disrupted weapons use,1,0,,Strategic developments,3749,6.4342,10.4682
2025-11-15,Middle Africa,Cameroon,Nord-Ouest,Strategic developments,Disrupted weapons use,1,0,,Strategic developments,3749,6.4342,10.4682
2025-12-13,Middle Africa,Cameroon,Nord-Ouest,Strategic developments,Disrupted weapons use,1,0,,Strategic developments,3749,6.4342,10.4682
2025-12-27,Middle Africa,Cameroon,Nord-Ouest,Strategic developments,Disrupted weapons use,2,0,,Strategic developments,3749,6.4342,10.4682
2026-01-10,Middle Africa,Cameroon,Nord-Ouest,Strategic developments,Disrupted weapons use,1,0,,Strategic developments,3749,6.4342,10.4682
2026-01-17,Middle Africa,Cameroon,Nord-Ouest,Strategic developments,Disrupted weapons use,1,0,,Strategic developments,3749,6.4342,10.4682
2026-01-24,Middle Africa,Cameroon,Nord-Ouest,Strategic developments,Disrupted weapons use,1,0,,Strategic developments,3749,6.4342,10.4682
2026-01-31,Middle Africa,Cameroon,Nord-Ouest,Strategic developments,Disrupted weapons use,1,0,,Strategic developments,3749,6.4342,10.4682
2026-02-14,Middle Africa,Cameroon,Nord-Ouest,Strategic developments,Disrupted weapons use,1,0,,Strategic developments,3749,6.4342,10.4682
2026-02-21,Middle Africa,Cameroon,Nord-Ouest,Strategic developments,Disrupted weapons use,1,0,,Strategic developments,3749,6.4342,10.4682
2026-03-07,Middle Africa,Cameroon,Nord-Ouest,Strategic developments,Disrupted weapons use,1,0,,Strategic developments,3749,6.4342,10.4682
2026-03-14,Middle Africa,Cameroon,Nord-Ouest,Strategic developments,Disrupted weapons use,1,0,,Strategic developments,3749,6.4342,10.4682
2026-03-21,Middle Africa,Cameroon,Nord-Ouest,Strategic developments,Disrupted weapons use,2,0,,Strategic developments,3749,6.4342,10.4682
2026-03-28,Middle Africa,Cameroon,Nord-Ouest,Strategic developments,Disrupted weapons use,1,0,,Strategic developments,3749,6.4342,10.4682
2026-04-11,Middle Africa,Cameroon,Nord-Ouest,Strategic developments,Disrupted weapons use,1,0,,Strategic developments,3749,6.4342,10.4682
2026-04-18,Middle Africa,Cameroon,Nord-Ouest,Strategic developments,Disrupted weapons use,1,0,,Strategic developments,3749,6.4342,10.4682
2026-04-25,Middle Africa,Cameroon,Nord-Ouest,Strategic developments,Disrupted weapons use,3,0,,Strategic developments,3749,6.4342,10.4682
2026-06-27,Middle Africa,Cameroon,Nord-Ouest,Strategic developments,Disrupted weapons use,1,0,,Strategic developments,3749,6.4342,10.4682
2026-07-04,Middle Africa,Cameroon,Nord-Ouest,Strategic developments,Disrupted weapons use,1,0,,Strategic developments,3749,6.4342,10.4682
2026-07-11,Middle Africa,Cameroon,Nord-Ouest,Strategic developments,Disrupted weapons use,1,0,,Strategic developments,3749,6.4342,10.4682
2026-08-15,Middle Africa,Cameroon,Nord-Ouest,Strategic developments,Disrupted weapons use,1,0,,Strategic developments,3749,6.4342,10.4682
2020-05-16,Middle Africa,Cameroon,Nord-Ouest,Strategic developments,Headquarters or base established,1,0,,Strategic developments,3749,6.4342,10.4682
2020-06-06,Middle Africa,Cameroon,Nord-Ouest,Strategic developments,Headquarters or base established,1,0,,Strategic developments,3749,6.4342,10.4682
2020-11-14,Middle Africa,Cameroon,Nord-Ouest,Strategic developments,Headquarters or base established,1,0,,Strategic developments,3749,6.4342,10.4682
2024-05-04,Middle Africa,Cameroon,Nord-Ouest,Strategic developments,Headquarters or base established,1,0,,Strategic developments,3749,6.4342,10.4682
2020-01-04,Middle Africa,Cameroon,Nord-Ouest,Strategic developments,Looting/property destruction,2,0,,Strategic developments,3749,6.4342,10.4682
2020-01-11,Middle Africa,Cameroon,Nord-Ouest,Strategic developments,Looting/property destruction,2,0,,Strategic developments,3749,6.4342,10.4682
2020-01-18,Middle Africa,Cameroon,Nord-Ouest,Strategic developments,Looting/property destruction,2,0,,Strategic developments,3749,6.4342,10.4682
2020-01-25,Middle Africa,Cameroon,Nord-Ouest,Strategic developments,Looting/property destruction,5,0,,Strategic developments,3749,6.4342,10.4682
2020-02-08,Middle Africa,Cameroon,Nord-Ouest,Strategic developments,Looting/property destruction,1,0,,Strategic developments,3749,6.4342,10.4682
2020-02-29,Middle Africa,Cameroon,Nord-Ouest,Strategic developments,Looting/property destruction,1,0,,Strategic developments,3749,6.4342,10.4682
2020-04-04,Middle Africa,Cameroon,Nord-Ouest,Strategic developments,Looting/property destruction,1,0,,Strategic developments,3749,6.4342,10.4682
2020-04-11,Middle Africa,Cameroon,Nord-Ouest,Strategic developments,Looting/property destruction,2,0,,Strategic developments,3749,6.4342,10.4682
2020-05-02,Middle Africa,Cameroon,Nord-Ouest,Strategic developments,Looting/property destruction,1,0,,Strategic developments,3749,6.4342,10.4682
2020-05-09,Middle Africa,Cameroon,Nord-Ouest,Strategic developments,Looting/property destruction,3,0,,Strategic developments,3749,6.4342,10.4682
2020-05-23,Middle Africa,Cameroon,Nord-Ouest,Strategic developments,Looting/property destruction,1,0,,Strategic developments,3749,6.4342,10.4682
2020-05-30,Middle Africa,Cameroon,Nord-Ouest,Strategic developments,Looting/property destruction,1,0,,Strategic developments,3749,6.4342,10.4682
2020-06-13,Middle Africa,Cameroon,Nord-Ouest,Strategic developments,Looting/property destruction,2,0,,Strategic developments,3749,6.4342,10.4682
2020-06-20,Middle Africa,Cameroon,Nord-Ouest,Strategic developments,Looting/property destruction,1,0,,Strategic developments,3749,6.4342,10.4682
2020-06-27,Middle Africa,Cameroon,Nord-Ouest,Strategic developments,Looting/property destruction,2,0,,Strategic developments,3749,6.4342,10.4682
2020-07-11,Middle Africa,Cameroon,Nord-Ouest,Strategic developments,Looting/property destruction,2,0,,Strategic developments,3749,6.4342,10.4682
2020-07-25,Middle Africa,Cameroon,Nord-Ouest,Strategic developments,Looting/property destruction,1,0,,Strategic developments,3749,6.4342,10.4682
2020-08-15,Middle Africa,Cameroon,Nord-Ouest,Strategic developments,Looting/property destruction,2,0,,Strategic developments,3749,6.4342,10.4682
2020-09-26,Middle Africa,Cameroon,Nord-Ouest,Strategic developments,Looting/property destruction,2,0,,Strategic developments,3749,6.4342,10.4682
2020-10-17,Middle Africa,Cameroon,Nord-Ouest,Strategic developments,Looting/property destruction,1,0,,Strategic developments,3749,6.4342,10.4682
2020-10-24,Middle Africa,Cameroon,Nord-Ouest,Strategic developments,Looting/property destruction,1,0,,Strategic developments,3749,6.4342,10.4682
2020-11-14,Middle Africa,Cameroon,Nord-Ouest,Strategic developments,Looting/property destruction,1,0,,Strategic developments,3749,6.4342,10.4682
2020-12-05,Middle Africa,Cameroon,Nord-Ouest,Strategic developments,Looting/property destruction,2,0,,Strategic developments,3749,6.4342,10.4682
2020-12-19,Middle Africa,Cameroon,Nord-Ouest,Strategic developments,Looting/property destruction,1,0,,Strategic developments,3749,6.4342,10.4682
2020-12-26,Middle Africa,Cameroon,Nord-Ouest,Strategic developments,Looting/property destruction,1,0,,Strategic developments,3749,6.4342,10.4682
2021-01-02,Middle Africa,Cameroon,Nord-Ouest,Strategic developments,Looting/property destruction,1,0,,Strategic developments,3749,6.4342,10.4682
2021-01-09,Middle Africa,Cameroon,Nord-Ouest,Strategic developments,Looting/property destruction,3,0,,Strategic developments,3749,6.4342,10.4682
2021-01-16,Middle Africa,Cameroon,Nord-Ouest,Strategic developments,Looting/property destruction,1,0,,Strategic developments,3749,6.4342,10.4682
2021-01-23,Middle Africa,Cameroon,Nord-Ouest,Strategic developments,Looting/property destruction,4,0,,Strategic developments,3749,6.4342,10.4682
2021-02-06,Middle Africa,Cameroon,Nord-Ouest,Strategic developments,Looting/property destruction,3,0,,Strategic developments,3749,6.4342,10.4682
2021-02-13,Middle Africa,Cameroon,Nord-Ouest,Strategic developments,Looting/property destruction,8,0,,Strategic developments,3749,6.4342,10.4682
2021-02-20,Middle Africa,Cameroon,Nord-Ouest,Strategic developments,Looting/property destruction,2,0,,Strategic developments,3749,6.4342,10.4682
2021-02-27,Middle Africa,Cameroon,Nord-Ouest,Strategic developments,Looting/property destruction,2,0,,Strategic developments,3749,6.4342,10.4682
2021-04-10,Middle Africa,Cameroon,Nord-Ouest,Strategic developments,Looting/property destruction,3,0,,Strategic developments,3749,6.4342,10.4682
2021-04-17,Middle Africa,Cameroon,Nord-Ouest,Strategic developments,Looting/property destruction,1,0,,Strategic developments,3749,6.4342,10.4682
2021-05-08,Middle Africa,Cameroon,Nord-Ouest,Strategic developments,Looting/property destruction,1,0,,Strategic developments,3749,6.4342,10.4682
2021-05-15,Middle Africa,Cameroon,Nord-Ouest,Strategic developments,Looting/property destruction,1,0,,Strategic developments,3749,6.4342,10.4682
2021-06-26,Middle Africa,Cameroon,Nord-Ouest,Strategic developments,Looting/property destruction,1,0,,Strategic developments,3749,6.4342,10.4682
2021-07-10,Middle Africa,Cameroon,Nord-Ouest,Strategic developments,Looting/property destruction,1,0,,Strategic developments,3749,6.4342,10.4682
2021-07-17,Middle Africa,Cameroon,Nord-Ouest,Strategic developments,Looting/property destruction,1,0,,Strategic developments,3749,6.4342,10.4682
2021-08-21,Middle Africa,Cameroon,Nord-Ouest,Strategic developments,Looting/property destruction,1,0,,Strategic developments,3749,6.4342,10.4682
2021-08-28,Middle Africa,Cameroon,Nord-Ouest,Strategic developments,Looting/property destruction,1,0,,Strategic developments,3749,6.4342,10.4682
2021-09-11,Middle Africa,Cameroon,Nord-Ouest,Strategic developments,Looting/property destruction,1,0,,Strategic developments,3749,6.4342,10.4682
2021-10-02,Middle Africa,Cameroon,Nord-Ouest,Strategic developments,Looting/property destruction,1,0,,Strategic developments,3749,6.4342,10.4682
2021-10-09,Middle Africa,Cameroon,Nord-Ouest,Strategic developments,Looting/property destruction,1,0,,Strategic developments,3749,6.4342,10.4682
2021-10-16,Middle Africa,Cameroon,Nord-Ouest,Strategic developments,Looting/property destruction,1,0,,Strategic developments,3749,6.4342,10.4682
2021-10-23,Middle Africa,Cameroon,Nord-Ouest,Strategic developments,Looting/property destruction,1,0,,Strategic developments,3749,6.4342,10.4682
2021-11-13,Middle Africa,Cameroon,Nord-Ouest,Strategic developments,Looting/property destruction,1,0,,Strategic developments,3749,6.4342,10.4682
2021-11-20,Middle Africa,Cameroon,Nord-Ouest,Strategic developments,Looting/property destruction,1,0,,Strategic developments,3749,6.4342,10.4682
2021-11-27,Middle Africa,Cameroon,Nord-Ouest,Strategic developments,Looting/property destruction,3,0,,Strategic developments,3749,6.4342,10.4682
2021-12-11,Middle Africa,Cameroon,Nord-Ouest,Strategic developments,Looting/property destruction,1,0,,Strategic developments,3749,6.4342,10.4682
2022-01-01,Middle Africa,Cameroon,Nord-Ouest,Strategic developments,Looting/property destruction,1,0,,Strategic developments,3749,6.4342,10.4682
2022-01-22,Middle Africa,Cameroon,Nord-Ouest,Strategic developments,Looting/property destruction,1,0,,Strategic developments,3749,6.4342,10.4682
2022-01-29,Middle Africa,Cameroon,Nord-Ouest,Strategic developments,Looting/property destruction,1,0,,Strategic developments,3749,6.4342,10.4682
2022-02-05,Middle Africa,Cameroon,Nord-Ouest,Strategic developments,Looting/property destruction,1,0,,Strategic developments,3749,6.4342,10.4682
2022-02-19,Middle Africa,Cameroon,Nord-Ouest,Strategic developments,Looting/property destruction,1,0,,Strategic developments,3749,6.4342,10.4682
2022-02-26,Middle Africa,Cameroon,Nord-Ouest,Strategic developments,Looting/property destruction,1,0,,Strategic developments,3749,6.4342,10.4682
2022-03-05,Middle Africa,Cameroon,Nord-Ouest,Strategic developments,Looting/property destruction,1,0,,Strategic developments,3749,6.4342,10.4682
2022-03-12,Middle Africa,Cameroon,Nord-Ouest,Strategic developments,Looting/property destruction,1,0,,Strategic developments,3749,6.4342,10.4682
2022-03-19,Middle Africa,Cameroon,Nord-Ouest,Strategic developments,Looting/property destruction,1,0,,Strategic developments,3749,6.4342,10.4682
2022-03-26,Middle Africa,Cameroon,Nord-Ouest,Strategic developments,Looting/property destruction,2,0,,Strategic developments,3749,6.4342,10.4682
2022-04-02,Middle Africa,Cameroon,Nord-Ouest,Strategic developments,Looting/property destruction,1,0,,Strategic developments,3749,6.4342,10.4682
2022-04-09,Middle Africa,Cameroon,Nord-Ouest,Strategic developments,Looting/property destruction,1,0,,Strategic developments,3749,6.4342,10.4682
2022-04-30,Middle Africa,Cameroon,Nord-Ouest,Strategic developments,Looting/property destruction,1,0,,Strategic developments,3749,6.4342,10.4682
2022-05-07,Middle Africa,Cameroon,Nord-Ouest,Strategic developments,Looting/property destruction,1,0,,Strategic developments,3749,6.4342,10.4682
2022-05-14,Middle Africa,Cameroon,Nord-Ouest,Strategic developments,Looting/property destruction,3,0,,Strategic developments,3749,6.4342,10.4682
2022-05-28,Middle Africa,Cameroon,Nord-Ouest,Strategic developments,Looting/property destruction,3,0,,Strategic developments,3749,6.4342,10.4682
2022-06-04,Middle Africa,Cameroon,Nord-Ouest,Strategic developments,Looting/property destruction,4,0,,Strategic developments,3749,6.4342,10.4682
2022-06-11,Middle Africa,Cameroon,Nord-Ouest,Strategic developments,Looting/property destruction,1,0,,Strategic developments,3749,6.4342,10.4682
2022-06-18,Middle Africa,Cameroon,Nord-Ouest,Strategic developments,Looting/property destruction,1,0,,Strategic developments,3749,6.4342,10.4682
2022-06-25,Middle Africa,Cameroon,Nord-Ouest,Strategic developments,Looting/property destruction,1,0,,Strategic developments,3749,6.4342,10.4682
2022-07-09,Middle Africa,Cameroon,Nord-Ouest,Strategic developments,Looting/property destruction,3,0,,Strategic developments,3749,6.4342,10.4682
2022-07-23,Middle Africa,Cameroon,Nord-Ouest,Strategic developments,Looting/property destruction,2,0,,Strategic developments,3749,6.4342,10.4682
2022-07-30,Middle Africa,Cameroon,Nord-Ouest,Strategic developments,Looting/property destruction,2,0,,Strategic developments,3749,6.4342,10.4682
2022-08-06,Middle Africa,Cameroon,Nord-Ouest,Strategic developments,Looting/property destruction,1,0,,Strategic developments,3749,6.4342,10.4682
2022-08-13,Middle Africa,Cameroon,Nord-Ouest,Strategic developments,Looting/property destruction,1,0,,Strategic developments,3749,6.4342,10.4682
2022-08-20,Middle Africa,Cameroon,Nord-Ouest,Strategic developments,Looting/property destruction,2,0,,Strategic developments,3749,6.4342,10.4682
2022-08-27,Middle Africa,Cameroon,Nord-Ouest,Strategic developments,Looting/property destruction,1,0,,Strategic developments,3749,6.4342,10.4682
2022-09-03,Middle Africa,Cameroon,Nord-Ouest,Strategic developments,Looting/property destruction,8,0,,Strategic developments,3749,6.4342,10.4682
2022-09-10,Middle Africa,Cameroon,Nord-Ouest,Strategic developments,Looting/property destruction,3,0,,Strategic developments,3749,6.4342,10.4682
2022-09-17,Middle Africa,Cameroon,Nord-Ouest,Strategic developments,Looting/property destruction,2,0,,Strategic developments,3749,6.4342,10.4682
2022-09-24,Middle Africa,Cameroon,Nord-Ouest,Strategic developments,Looting/property destruction,5,0,,Strategic developments,3749,6.4342,10.4682
2022-10-01,Middle Africa,Cameroon,Nord-Ouest,Strategic developments,Looting/property destruction,3,0,,Strategic developments,3749,6.4342,10.4682
2022-10-08,Middle Africa,Cameroon,Nord-Ouest,Strategic developments,Looting/property destruction,3,0,,Strategic developments,3749,6.4342,10.4682
2022-10-15,Middle Africa,Cameroon,Nord-Ouest,Strategic developments,Looting/property destruction,4,0,,Strategic developments,3749,6.4342,10.4682
2022-10-22,Middle Africa,Cameroon,Nord-Ouest,Strategic developments,Looting/property destruction,4,0,,Strategic developments,3749,6.4342,10.4682
2022-10-29,Middle Africa,Cameroon,Nord-Ouest,Strategic developments,Looting/property destruction,3,0,,Strategic developments,3749,6.4342,10.4682
2022-11-05,Middle Africa,Cameroon,Nord-Ouest,Strategic developments,Looting/property destruction,3,0,,Strategic developments,3749,6.4342,10.4682
2022-11-12,Middle Africa,Cameroon,Nord-Ouest,Strategic developments,Looting/property destruction,3,0,,Strategic developments,3749,6.4342,10.4682
2022-11-19,Middle Africa,Cameroon,Nord-Ouest,Strategic developments,Looting/property destruction,2,0,,Strategic developments,3749,6.4342,10.4682
2022-11-26,Middle Africa,Cameroon,Nord-Ouest,Strategic developments,Looting/property destruction,3,0,,Strategic developments,3749,6.4342,10.4682
2022-12-03,Middle Africa,Cameroon,Nord-Ouest,Strategic developments,Looting/property destruction,1,0,,Strategic developments,3749,6.4342,10.4682
2022-12-10,Middle Africa,Cameroon,Nord-Ouest,Strategic developments,Looting/property destruction,3,0,,Strategic developments,3749,6.4342,10.4682
2022-12-17,Middle Africa,Cameroon,Nord-Ouest,Strategic developments,Looting/property destruction,2,0,,Strategic developments,3749,6.4342,10.4682
2022-12-24,Middle Africa,Cameroon,Nord-Ouest,Strategic developments,Looting/property destruction,3,0,,Strategic developments,3749,6.4342,10.4682
2022-12-31,Middle Africa,Cameroon,Nord-Ouest,Strategic developments,Looting/property destruction,2,0,,Strategic developments,3749,6.4342,10.4682
2023-01-07,Middle Africa,Cameroon,Nord-Ouest,Strategic developments,Looting/property destruction,1,0,,Strategic developments,3749,6.4342,10.4682
2023-01-14,Middle Africa,Cameroon,Nord-Ouest,Strategic developments,Looting/property destruction,2,0,,Strategic developments,3749,6.4342,10.4682
2023-01-21,Middle Africa,Cameroon,Nord-Ouest,Strategic developments,Looting/property destruction,3,0,,Strategic developments,3749,6.4342,10.4682
2023-01-28,Middle Africa,Cameroon,Nord-Ouest,Strategic developments,Looting/property destruction,3,0,,Strategic developments,3749,6.4342,10.4682
2023-02-04,Middle Africa,Cameroon,Nord-Ouest,Strategic developments,Looting/property destruction,2,0,,Strategic developments,3749,6.4342,10.4682
2023-02-11,Middle Africa,Cameroon,Nord-Ouest,Strategic developments,Looting/property destruction,1,0,,Strategic developments,3749,6.4342,10.4682
2023-02-18,Middle Africa,Cameroon,Nord-Ouest,Strategic developments,Looting/property destruction,2,0,,Strategic developments,3749,6.4342,10.4682
2023-02-25,Middle Africa,Cameroon,Nord-Ouest,Strategic developments,Looting/property destruction,4,0,,Strategic developments,3749,6.4342,10.4682
2023-03-11,Middle Africa,Cameroon,Nord-Ouest,Strategic developments,Looting/property destruction,5,0,,Strategic developments,3749,6.4342,10.4682
2023-03-18,Middle Africa,Cameroon,Nord-Ouest,Strategic developments,Looting/property destruction,2,0,,Strategic developments,3749,6.4342,10.4682
2023-03-25,Middle Africa,Cameroon,Nord-Ouest,Strategic developments,Looting/property destruction,1,0,,Strategic developments,3749,6.4342,10.4682
2023-04-01,Middle Africa,Cameroon,Nord-Ouest,Strategic developments,Looting/property destruction,5,0,,Strategic developments,3749,6.4342,10.4682
2023-04-08,Middle Africa,Cameroon,Nord-Ouest,Strategic developments,Looting/property destruction,3,0,,Strategic developments,3749,6.4342,10.4682
2023-04-15,Middle Africa,Cameroon,Nord-Ouest,Strategic developments,Looting/property destruction,2,0,,Strategic developments,3749,6.4342,10.4682
2023-04-22,Middle Africa,Cameroon,Nord-Ouest,Strategic developments,Looting/property destruction,1,0,,Strategic developments,3749,6.4342,10.4682
2023-04-29,Middle Africa,Cameroon,Nord-Ouest,Strategic developments,Looting/property destruction,3,0,,Strategic developments,3749,6.4342,10.4682
2023-05-06,Middle Africa,Cameroon,Nord-Ouest,Strategic developments,Looting/property destruction,3,0,,Strategic developments,3749,6.4342,10.4682
2023-05-13,Middle Africa,Cameroon,Nord-Ouest,Strategic developments,Looting/property destruction,2,0,,Strategic developments,3749,6.4342,10.4682
2023-05-20,Middle Africa,Cameroon,Nord-Ouest,Strategic developments,Looting/property destruction,4,0,,Strategic developments,3749,6.4342,10.4682
2023-05-27,Middle Africa,Cameroon,Nord-Ouest,Strategic developments,Looting/property destruction,3,0,,Strategic developments,3749,6.4342,10.4682
2023-06-03,Middle Africa,Cameroon,Nord-Ouest,Strategic developments,Looting/property destruction,9,0,,Strategic developments,3749,6.4342,10.4682
2023-06-10,Middle Africa,Cameroon,Nord-Ouest,Strategic developments,Looting/property destruction,3,0,,Strategic developments,3749,6.4342,10.4682
2023-06-17,Middle Africa,Cameroon,Nord-Ouest,Strategic developments,Looting/property destruction,4,0,,Strategic developments,3749,6.4342,10.4682
2023-06-24,Middle Africa,Cameroon,Nord-Ouest,Strategic developments,Looting/property destruction,7,0,,Strategic developments,3749,6.4342,10.4682
2023-07-01,Middle Africa,Cameroon,Nord-Ouest,Strategic developments,Looting/property destruction,2,0,,Strategic developments,3749,6.4342,10.4682
2023-07-08,Middle Africa,Cameroon,Nord-Ouest,Strategic developments,Looting/property destruction,12,0,,Strategic developments,3749,6.4342,10.4682
2023-07-15,Middle Africa,Cameroon,Nord-Ouest,Strategic developments,Looting/property destruction,4,0,,Strategic developments,3749,6.4342,10.4682
2023-07-22,Middle Africa,Cameroon,Nord-Ouest,Strategic developments,Looting/property destruction,4,0,,Strategic developments,3749,6.4342,10.4682
2023-07-29,Middle Africa,Cameroon,Nord-Ouest,Strategic developments,Looting/property destruction,6,0,,Strategic developments,3749,6.4342,10.4682
2023-08-05,Middle Africa,Cameroon,Nord-Ouest,Strategic developments,Looting/property destruction,3,0,,Strategic developments,3749,6.4342,10.4682
2023-08-12,Middle Africa,Cameroon,Nord-Ouest,Strategic developments,Looting/property destruction,4,0,,Strategic developments,3749,6.4342,10.4682
2023-08-19,Middle Africa,Cameroon,Nord-Ouest,Strategic developments,Looting/property destruction,4,0,,Strategic developments,3749,6.4342,10.4682
2023-08-26,Middle Africa,Cameroon,Nord-Ouest,Strategic developments,Looting/property destruction,3,0,,Strategic developments,3749,6.4342,10.4682
2023-09-02,Middle Africa,Cameroon,Nord-Ouest,Strategic developments,Looting/property destruction,12,0,,Strategic developments,3749,6.4342,10.4682
2023-09-09,Middle Africa,Cameroon,Nord-Ouest,Strategic developments,Looting/property destruction,4,0,,Strategic developments,3749,6.4342,10.4682
2023-09-16,Middle Africa,Cameroon,Nord-Ouest,Strategic developments,Looting/property destruction,1,0,,Strategic developments,3749,6.4342,10.4682
2023-09-23,Middle Africa,Cameroon,Nord-Ouest,Strategic developments,Looting/property destruction,3,0,,Strategic developments,3749,6.4342,10.4682
2023-09-30,Middle Africa,Cameroon,Nord-Ouest,Strategic developments,Looting/property destruction,3,0,,Strategic developments,3749,6.4342,10.4682
2023-10-07,Middle Africa,Cameroon,Nord-Ouest,Strategic developments,Looting/property destruction,8,0,,Strategic developments,3749,6.4342,10.4682
2023-10-14,Middle Africa,Cameroon,Nord-Ouest,Strategic developments,Looting/property destruction,3,0,,Strategic developments,3749,6.4342,10.4682
2023-10-21,Middle Africa,Cameroon,Nord-Ouest,Strategic developments,Looting/property destruction,1,0,,Strategic developments,3749,6.4342,10.4682
2023-10-28,Middle Africa,Cameroon,Nord-Ouest,Strategic developments,Looting/property destruction,1,0,,Strategic developments,3749,6.4342,10.4682
2023-11-04,Middle Africa,Cameroon,Nord-Ouest,Strategic developments,Looting/property destruction,3,0,,Strategic developments,3749,6.4342,10.4682
2023-11-11,Middle Africa,Cameroon,Nord-Ouest,Strategic developments,Looting/property destruction,2,0,,Strategic developments,3749,6.4342,10.4682
2023-11-18,Middle Africa,Cameroon,Nord-Ouest,Strategic developments,Looting/property destruction,1,0,,Strategic developments,3749,6.4342,10.4682
2023-11-25,Middle Africa,Cameroon,Nord-Ouest,Strategic developments,Looting/property destruction,3,0,,Strategic developments,3749,6.4342,10.4682
2023-12-02,Middle Africa,Cameroon,Nord-Ouest,Strategic developments,Looting/property destruction,8,0,,Strategic developments,3749,6.4342,10.4682
2023-12-16,Middle Africa,Cameroon,Nord-Ouest,Strategic developments,Looting/property destruction,5,0,,Strategic developments,3749,6.4342,10.4682
2023-12-23,Middle Africa,Cameroon,Nord-Ouest,Strategic developments,Looting/property destruction,6,0,,Strategic developments,3749,6.4342,10.4682
2023-12-30,Middle Africa,Cameroon,Nord-Ouest,Strategic developments,Looting/property destruction,3,0,,Strategic developments,3749,6.4342,10.4682
2024-01-06,Middle Africa,Cameroon,Nord-Ouest,Strategic developments,Looting/property destruction,6,0,,Strategic developments,3749,6.4342,10.4682
2024-01-13,Middle Africa,Cameroon,Nord-Ouest,Strategic developments,Looting/property destruction,4,0,,Strategic developments,3749,6.4342,10.4682
2024-01-20,Middle Africa,Cameroon,Nord-Ouest,Strategic developments,Looting/property destruction,2,0,,Strategic developments,3749,6.4342,10.4682
2024-01-27,Middle Africa,Cameroon,Nord-Ouest,Strategic developments,Looting/property destruction,2,0,,Strategic developments,3749,6.4342,10.4682
2024-02-03,Middle Africa,Cameroon,Nord-Ouest,Strategic developments,Looting/property destruction,2,0,,Strategic developments,3749,6.4342,10.4682
2024-02-10,Middle Africa,Cameroon,Nord-Ouest,Strategic developments,Looting/property destruction,3,0,,Strategic developments,3749,6.4342,10.4682
2024-02-17,Middle Africa,Cameroon,Nord-Ouest,Strategic developments,Looting/property destruction,4,0,,Strategic developments,3749,6.4342,10.4682
2024-02-24,Middle Africa,Cameroon,Nord-Ouest,Strategic developments,Looting/property destruction,2,0,,Strategic developments,3749,6.4342,10.4682
2024-03-09,Middle Africa,Cameroon,Nord-Ouest,Strategic developments,Looting/property destruction,2,0,,Strategic developments,3749,6.4342,10.4682
2024-03-16,Middle Africa,Cameroon,Nord-Ouest,Strategic developments,Looting/property destruction,3,0,,Strategic developments,3749,6.4342,10.4682
2024-03-23,Middle Africa,Cameroon,Nord-Ouest,Strategic developments,Looting/property destruction,6,0,,Strategic developments,3749,6.4342,10.4682
2024-03-30,Middle Africa,Cameroon,Nord-Ouest,Strategic developments,Looting/property destruction,4,0,,Strategic developments,3749,6.4342,10.4682
2024-04-06,Middle Africa,Cameroon,Nord-Ouest,Strategic developments,Looting/property destruction,5,0,,Strategic developments,3749,6.4342,10.4682
2024-04-13,Middle Africa,Cameroon,Nord-Ouest,Strategic developments,Looting/property destruction,6,0,,Strategic developments,3749,6.4342,10.4682
2024-04-20,Middle Africa,Cameroon,Nord-Ouest,Strategic developments,Looting/property destruction,4,0,,Strategic developments,3749,6.4342,10.4682
2024-04-27,Middle Africa,Cameroon,Nord-Ouest,Strategic developments,Looting/property destruction,10,0,,Strategic developments,3749,6.4342,10.4682
2024-05-04,Middle Africa,Cameroon,Nord-Ouest,Strategic developments,Looting/property destruction,5,0,,Strategic developments,3749,6.4342,10.4682
2024-05-11,Middle Africa,Cameroon,Nord-Ouest,Strategic developments,Looting/property destruction,6,0,,Strategic developments,3749,6.4342,10.4682
2024-05-18,Middle Africa,Cameroon,Nord-Ouest,Strategic developments,Looting/property destruction,6,0,,Strategic developments,3749,6.4342,10.4682
2024-05-25,Middle Africa,Cameroon,Nord-Ouest,Strategic developments,Looting/property destruction,3,0,,Strategic developments,3749,6.4342,10.4682
2024-06-01,Middle Africa,Cameroon,Nord-Ouest,Strategic developments,Looting/property destruction,2,0,,Strategic developments,3749,6.4342,10.4682
2024-06-08,Middle Africa,Cameroon,Nord-Ouest,Strategic developments,Looting/property destruction,3,0,,Strategic developments,3749,6.4342,10.4682
2024-06-15,Middle Africa,Cameroon,Nord-Ouest,Strategic developments,Looting/property destruction,10,0,,Strategic developments,3749,6.4342,10.4682
2024-06-22,Middle Africa,Cameroon,Nord-Ouest,Strategic developments,Looting/property destruction,8,0,,Strategic developments,3749,6.4342,10.4682
2024-06-29,Middle Africa,Cameroon,Nord-Ouest,Strategic developments,Looting/property destruction,8,0,,Strategic developments,3749,6.4342,10.4682
2024-07-06,Middle Africa,Cameroon,Nord-Ouest,Strategic developments,Looting/property destruction,8,0,,Strategic developments,3749,6.4342,10.4682
2024-07-13,Middle Africa,Cameroon,Nord-Ouest,Strategic developments,Looting/property destruction,13,0,,Strategic developments,3749,6.4342,10.4682
2024-07-20,Middle Africa,Cameroon,Nord-Ouest,Strategic developments,Looting/property destruction,16,0,,Strategic developments,3749,6.4342,10.4682
2024-07-27,Middle Africa,Cameroon,Nord-Ouest,Strategic developments,Looting/property destruction,8,0,,Strategic developments,3749,6.4342,10.4682
2024-08-03,Middle Africa,Cameroon,Nord-Ouest,Strategic developments,Looting/property destruction,7,0,,Strategic developments,3749,6.4342,10.4682
2024-08-10,Middle Africa,Cameroon,Nord-Ouest,Strategic developments,Looting/property destruction,9,0,,Strategic developments,3749,6.4342,10.4682
2024-08-17,Middle Africa,Cameroon,Nord-Ouest,Strategic developments,Looting/property destruction,3,0,,Strategic developments,3749,6.4342,10.4682
2024-08-24,Middle Africa,Cameroon,Nord-Ouest,Strategic developments,Looting/property destruction,9,0,,Strategic developments,3749,6.4342,10.4682
2024-08-31,Middle Africa,Cameroon,Nord-Ouest,Strategic developments,Looting/property destruction,4,0,,Strategic developments,3749,6.4342,10.4682
2024-09-14,Middle Africa,Cameroon,Nord-Ouest,Strategic developments,Looting/property destruction,2,0,,Strategic developments,3749,6.4342,10.4682
2024-09-21,Middle Africa,Cameroon,Nord-Ouest,Strategic developments,Looting/property destruction,12,0,,Strategic developments,3749,6.4342,10.4682
2024-09-28,Middle Africa,Cameroon,Nord-Ouest,Strategic developments,Looting/property destruction,5,0,,Strategic developments,3749,6.4342,10.4682
2024-10-05,Middle Africa,Cameroon,Nord-Ouest,Strategic developments,Looting/property destruction,11,0,,Strategic developments,3749,6.4342,10.4682
2024-10-12,Middle Africa,Cameroon,Nord-Ouest,Strategic developments,Looting/property destruction,8,0,,Strategic developments,3749,6.4342,10.4682
2024-10-19,Middle Africa,Cameroon,Nord-Ouest,Strategic developments,Looting/property destruction,6,0,,Strategic developments,3749,6.4342,10.4682
2024-10-26,Middle Africa,Cameroon,Nord-Ouest,Strategic developments,Looting/property destruction,4,0,,Strategic developments,3749,6.4342,10.4682
2024-11-02,Middle Africa,Cameroon,Nord-Ouest,Strategic developments,Looting/property destruction,6,0,,Strategic developments,3749,6.4342,10.4682
2024-11-09,Middle Africa,Cameroon,Nord-Ouest,Strategic developments,Looting/property destruction,8,0,,Strategic developments,3749,6.4342,10.4682
2024-11-16,Middle Africa,Cameroon,Nord-Ouest,Strategic developments,Looting/property destruction,7,0,,Strategic developments,3749,6.4342,10.4682
2024-11-23,Middle Africa,Cameroon,Nord-Ouest,Strategic developments,Looting/property destruction,7,0,,Strategic developments,3749,6.4342,10.4682
2024-11-30,Middle Africa,Cameroon,Nord-Ouest,Strategic developments,Looting/property destruction,8,0,,Strategic developments,3749,6.4342,10.4682
2024-12-07,Middle Africa,Cameroon,Nord-Ouest,Strategic developments,Looting/property destruction,8,0,,Strategic developments,3749,6.4342,10.4682
2024-12-14,Middle Africa,Cameroon,Nord-Ouest,Strategic developments,Looting/property destruction,8,0,,Strategic developments,3749,6.4342,10.4682
2024-12-21,Middle Africa,Cameroon,Nord-Ouest,Strategic developments,Looting/property destruction,11,0,,Strategic developments,3749,6.4342,10.4682
2024-12-28,Middle Africa,Cameroon,Nord-Ouest,Strategic developments,Looting/property destruction,4,0,,Strategic developments,3749,6.4342,10.4682
2025-01-04,Middle Africa,Cameroon,Nord-Ouest,Strategic developments,Looting/property destruction,12,0,,Strategic developments,3749,6.4342,10.4682
2025-01-11,Middle Africa,Cameroon,Nord-Ouest,Strategic developments,Looting/property destruction,16,0,,Strategic developments,3749,6.4342,10.4682
2025-01-18,Middle Africa,Cameroon,Nord-Ouest,Strategic developments,Looting/property destruction,10,0,,Strategic developments,3749,6.4342,10.4682
2025-01-25,Middle Africa,Cameroon,Nord-Ouest,Strategic developments,Looting/property destruction,13,0,,Strategic developments,3749,6.4342,10.4682
2025-02-01,Middle Africa,Cameroon,Nord-Ouest,Strategic developments,Looting/property destruction,4,0,,Strategic developments,3749,6.4342,10.4682
2025-02-08,Middle Africa,Cameroon,Nord-Ouest,Strategic developments,Looting/property destruction,4,0,,Strategic developments,3749,6.4342,10.4682
2025-02-15,Middle Africa,Cameroon,Nord-Ouest,Strategic developments,Looting/property destruction,8,0,,Strategic developments,3749,6.4342,10.4682
2025-02-22,Middle Africa,Cameroon,Nord-Ouest,Strategic developments,Looting/property destruction,5,0,,Strategic developments,3749,6.4342,10.4682
2025-03-01,Middle Africa,Cameroon,Nord-Ouest,Strategic developments,Looting/property destruction,9,0,,Strategic developments,3749,6.4342,10.4682
2025-03-08,Middle Africa,Cameroon,Nord-Ouest,Strategic developments,Looting/property destruction,8,0,,Strategic developments,3749,6.4342,10.4682
2025-03-15,Middle Africa,Cameroon,Nord-Ouest,Strategic developments,Looting/property destruction,5,0,,Strategic developments,3749,6.4342,10.4682
2025-03-22,Middle Africa,Cameroon,Nord-Ouest,Strategic developments,Looting/property destruction,8,0,,Strategic developments,3749,6.4342,10.4682
2025-03-29,Middle Africa,Cameroon,Nord-Ouest,Strategic developments,Looting/property destruction,19,0,,Strategic developments,3749,6.4342,10.4682
2025-04-05,Middle Africa,Cameroon,Nord-Ouest,Strategic developments,Looting/property destruction,14,0,,Strategic developments,3749,6.4342,10.4682
2025-04-12,Middle Africa,Cameroon,Nord-Ouest,Strategic developments,Looting/property destruction,7,0,,Strategic developments,3749,6.4342,10.4682
2025-04-19,Middle Africa,Cameroon,Nord-Ouest,Strategic developments,Looting/property destruction,12,0,,Strategic developments,3749,6.4342,10.4682
2025-04-26,Middle Africa,Cameroon,Nord-Ouest,Strategic developments,Looting/property destruction,14,0,,Strategic developments,3749,6.4342,10.4682
2025-05-03,Middle Africa,Cameroon,Nord-Ouest,Strategic developments,Looting/property destruction,11,0,,Strategic developments,3749,6.4342,10.4682
2025-05-10,Middle Africa,Cameroon,Nord-Ouest,Strategic developments,Looting/property destruction,7,0,,Strategic developments,3749,6.4342,10.4682
2025-05-17,Middle Africa,Cameroon,Nord-Ouest,Strategic developments,Looting/property destruction,6,0,,Strategic developments,3749,6.4342,10.4682
2025-05-24,Middle Africa,Cameroon,Nord-Ouest,Strategic developments,Looting/property destruction,7,0,,Strategic developments,3749,6.4342,10.4682
2025-05-31,Middle Africa,Cameroon,Nord-Ouest,Strategic developments,Looting/property destruction,12,0,,Strategic developments,3749,6.4342,10.4682
2025-06-07,Middle Africa,Cameroon,Nord-Ouest,Strategic developments,Looting/property destruction,17,0,,Strategic developments,3749,6.4342,10.4682
2025-06-14,Middle Africa,Cameroon,Nord-Ouest,Strategic developments,Looting/property destruction,14,0,,Strategic developments,3749,6.4342,10.4682
2025-06-21,Middle Africa,Cameroon,Nord-Ouest,Strategic developments,Looting/property destruction,11,0,,Strategic developments,3749,6.4342,10.4682
2025-06-28,Middle Africa,Cameroon,Nord-Ouest,Strategic developments,Looting/property destruction,6,0,,Strategic developments,3749,6.4342,10.4682
2025-07-05,Middle Africa,Cameroon,Nord-Ouest,Strategic developments,Looting/property destruction,9,0,,Strategic developments,3749,6.4342,10.4682
2025-07-12,Middle Africa,Cameroon,Nord-Ouest,Strategic developments,Looting/property destruction,7,0,,Strategic developments,3749,6.4342,10.4682
2025-07-19,Middle Africa,Cameroon,Nord-Ouest,Strategic developments,Looting/property destruction,13,0,,Strategic developments,3749,6.4342,10.4682
2025-07-26,Middle Africa,Cameroon,Nord-Ouest,Strategic developments,Looting/property destruction,10,0,,Strategic developments,3749,6.4342,10.4682
2025-08-02,Middle Africa,Cameroon,Nord-Ouest,Strategic developments,Looting/property destruction,12,0,,Strategic developments,3749,6.4342,10.4682
2025-08-09,Middle Africa,Cameroon,Nord-Ouest,Strategic developments,Looting/property destruction,10,0,,Strategic developments,3749,6.4342,10.4682
2025-08-16,Middle Africa,Cameroon,Nord-Ouest,Strategic developments,Looting/property destruction,15,0,,Strategic developments,3749,6.4342,10.4682
2025-08-23,Middle Africa,Cameroon,Nord-Ouest,Strategic developments,Looting/property destruction,18,0,,Strategic developments,3749,6.4342,10.4682
2025-08-30,Middle Africa,Cameroon,Nord-Ouest,Strategic developments,Looting/property destruction,13,0,,Strategic developments,3749,6.4342,10.4682
2025-09-06,Middle Africa,Cameroon,Nord-Ouest,Strategic developments,Looting/property destruction,11,0,,Strategic developments,3749,6.4342,10.4682
2025-09-13,Middle Africa,Cameroon,Nord-Ouest,Strategic developments,Looting/property destruction,16,0,,Strategic developments,3749,6.4342,10.4682
2025-09-20,Middle Africa,Cameroon,Nord-Ouest,Strategic developments,Looting/property destruction,13,0,,Strategic developments,3749,6.4342,10.4682
2025-09-27,Middle Africa,Cameroon,Nord-Ouest,Strategic developments,Looting/property destruction,14,0,,Strategic developments,3749,6.4342,10.4682
2025-10-04,Middle Africa,Cameroon,Nord-Ouest,Strategic developments,Looting/property destruction,9,0,,Strategic developments,3749,6.4342,10.4682
2025-10-11,Middle Africa,Cameroon,Nord-Ouest,Strategic developments,Looting/property destruction,13,0,,Strategic developments,3749,6.4342,10.4682
2025-10-18,Middle Africa,Cameroon,Nord-Ouest,Strategic developments,Looting/property destruction,11,0,,Strategic developments,3749,6.4342,10.4682
2025-10-25,Middle Africa,Cameroon,Nord-Ouest,Strategic developments,Looting/property destruction,15,0,,Strategic developments,3749,6.4342,10.4682
2025-11-01,Middle Africa,Cameroon,Nord-Ouest,Strategic developments,Looting/property destruction,13,0,,Strategic developments,3749,6.4342,10.4682
2025-11-08,Middle Africa,Cameroon,Nord-Ouest,Strategic developments,Looting/property destruction,11,0,,Strategic developments,3749,6.4342,10.4682
2025-11-15,Middle Africa,Cameroon,Nord-Ouest,Strategic developments,Looting/property destruction,12,0,,Strategic developments,3749,6.4342,10.4682
2025-11-22,Middle Africa,Cameroon,Nord-Ouest,Strategic developments,Looting/property destruction,11,0,,Strategic developments,3749,6.4342,10.4682
2025-11-29,Middle Africa,Cameroon,Nord-Ouest,Strategic developments,Looting/property destruction,17,0,,Strategic developments,3749,6.4342,10.4682
2025-12-06,Middle Africa,Cameroon,Nord-Ouest,Strategic developments,Looting/property destruction,18,0,,Strategic developments,3749,6.4342,10.4682
2025-12-13,Middle Africa,Cameroon,Nord-Ouest,Strategic developments,Looting/property destruction,19,0,,Strategic developments,3749,6.4342,10.4682
2025-12-20,Middle Africa,Cameroon,Nord-Ouest,Strategic developments,Looting/property destruction,22,0,,Strategic developments,3749,6.4342,10.4682
2025-12-27,Middle Africa,Cameroon,Nord-Ouest,Strategic developments,Looting/property destruction,14,0,,Strategic developments,3749,6.4342,10.4682
2026-01-03,Middle Africa,Cameroon,Nord-Ouest,Strategic developments,Looting/property destruction,9,0,,Strategic developments,3749,6.4342,10.4682
2026-01-10,Middle Africa,Cameroon,Nord-Ouest,Strategic developments,Looting/property destruction,13,0,,Strategic developments,3749,6.4342,10.4682
2026-01-17,Middle Africa,Cameroon,Nord-Ouest,Strategic developments,Looting/property destruction,13,0,,Strategic developments,3749,6.4342,10.4682
2026-01-24,Middle Africa,Cameroon,Nord-Ouest,Strategic developments,Looting/property destruction,11,0,,Strategic developments,3749,6.4342,10.4682
2026-01-31,Middle Africa,Cameroon,Nord-Ouest,Strategic developments,Looting/property destruction,10,0,,Strategic developments,3749,6.4342,10.4682
2026-02-07,Middle Africa,Cameroon,Nord-Ouest,Strategic developments,Looting/property destruction,7,0,,Strategic developments,3749,6.4342,10.4682
2026-02-14,Middle Africa,Cameroon,Nord-Ouest,Strategic developments,Looting/property destruction,8,0,,Strategic developments,3749,6.4342,10.4682
2026-02-21,Middle Africa,Cameroon,Nord-Ouest,Strategic developments,Looting/property destruction,8,0,,Strategic developments,3749,6.4342,10.4682
2026-02-28,Middle Africa,Cameroon,Nord-Ouest,Strategic developments,Looting/property destruction,14,0,,Strategic developments,3749,6.4342,10.4682
2026-03-07,Middle Africa,Cameroon,Nord-Ouest,Strategic developments,Looting/property destruction,8,0,,Strategic developments,3749,6.4342,10.4682
2026-03-14,Middle Africa,Cameroon,Nord-Ouest,Strategic developments,Looting/property destruction,14,0,,Strategic developments,3749,6.4342,10.4682
2026-03-21,Middle Africa,Cameroon,Nord-Ouest,Strategic developments,Looting/property destruction,11,0,,Strategic developments,3749,6.4342,10.4682
2026-03-28,Middle Africa,Cameroon,Nord-Ouest,Strategic developments,Looting/property destruction,9,0,,Strategic developments,3749,6.4342,10.4682
2026-04-04,Middle Africa,Cameroon,Nord-Ouest,Strategic developments,Looting/property destruction,15,0,,Strategic developments,3749,6.4342,10.4682
2026-04-11,Middle Africa,Cameroon,Nord-Ouest,Strategic developments,Looting/property destruction,7,0,,Strategic developments,3749,6.4342,10.4682
2026-04-18,Middle Africa,Cameroon,Nord-Ouest,Strategic developments,Looting/property destruction,15,0,,Strategic developments,3749,6.4342,10.4682
2026-04-25,Middle Africa,Cameroon,Nord-Ouest,Strategic developments,Looting/property destruction,10,0,,Strategic developments,3749,6.4342,10.4682
2026-05-02,Middle Africa,Cameroon,Nord-Ouest,Strategic developments,Looting/property destruction,14,0,,Strategic developments,3749,6.4342,10.4682
2026-05-09,Middle Africa,Cameroon,Nord-Ouest,Strategic developments,Looting/property destruction,8,0,,Strategic developments,3749,6.4342,10.4682
2026-05-16,Middle Africa,Cameroon,Nord-Ouest,Strategic developments,Looting/property destruction,14,0,,Strategic developments,3749,6.4342,10.4682
2026-05-23,Middle Africa,Cameroon,Nord-Ouest,Strategic developments,Looting/property destruction,11,0,,Strategic developments,3749,6.4342,10.4682
2026-05-30,Middle Africa,Cameroon,Nord-Ouest,Strategic developments,Looting/property destruction,7,0,,Strategic developments,3749,6.4342,10.4682
2026-06-06,Middle Africa,Cameroon,Nord-Ouest,Strategic developments,Looting/property destruction,12,0,,Strategic developments,3749,6.4342,10.4682
2026-06-13,Middle Africa,Cameroon,Nord-Ouest,Strategic developments,Looting/property destruction,8,0,,Strategic developments,3749,6.4342,10.4682
2026-06-20,Middle Africa,Cameroon,Nord-Ouest,Strategic developments,Looting/property destruction,7,0,,Strategic developments,3749,6.4342,10.4682
2026-06-27,Middle Africa,Cameroon,Nord-Ouest,Strategic developments,Looting/property destruction,8,0,,Strategic developments,3749,6.4342,10.4682
2026-07-04,Middle Africa,Cameroon,Nord-Ouest,Strategic developments,Looting/property destruction,14,0,,Strategic developments,3749,6.4342,10.4682
2026-07-11,Middle Africa,Cameroon,Nord-Ouest,Strategic developments,Looting/property destruction,12,0,,Strategic developments,3749,6.4342,10.4682
2026-07-18,Middle Africa,Cameroon,Nord-Ouest,Strategic developments,Looting/property destruction,15,0,,Strategic developments,3749,6.4342,10.4682
2026-07-25,Middle Africa,Cameroon,Nord-Ouest,Strategic developments,Looting/property destruction,11,0,,Strategic developments,3749,6.4342,10.4682
2026-08-01,Middle Africa,Cameroon,Nord-Ouest,Strategic developments,Looting/property destruction,13,0,,Strategic developments,3749,6.4342,10.4682
2026-08-08,Middle Africa,Cameroon,Nord-Ouest,Strategic developments,Looting/property destruction,17,0,,Strategic developments,3749,6.4342,10.4682
2026-08-15,Middle Africa,Cameroon,Nord-Ouest,Strategic developments,Looting/property destruction,9,0,,Strategic developments,3749,6.4342,10.4682
2026-08-22,Middle Africa,Cameroon,Nord-Ouest,Strategic developments,Looting/property destruction,9,0,,Strategic developments,3749,6.4342,10.4682
2022-04-09,Middle Africa,Cameroon,Nord-Ouest,Strategic developments,Non-violent transfer of territory,1,0,,Strategic developments,3749,6.4342,10.4682
2020-03-21,Middle Africa,Cameroon,Nord-Ouest,Strategic developments,Other,1,0,,Strategic developments,3749,6.4342,10.4682
2021-01-30,Middle Africa,Cameroon,Nord-Ouest,Strategic developments,Other,1,0,,Strategic developments,3749,6.4342,10.4682
2021-08-07,Middle Africa,Cameroon,Nord-Ouest,Strategic developments,Other,1,0,,Strategic developments,3749,6.4342,10.4682
2022-03-05,Middle Africa,Cameroon,Nord-Ouest,Strategic developments,Other,1,0,,Strategic developments,3749,6.4342,10.4682
2022-03-26,Middle Africa,Cameroon,Nord-Ouest,Strategic developments,Other,1,0,,Strategic developments,3749,6.4342,10.4682
2022-04-02,Middle Africa,Cameroon,Nord-Ouest,Strategic developments,Other,1,0,,Strategic developments,3749,6.4342,10.4682
2022-04-30,Middle Africa,Cameroon,Nord-Ouest,Strategic developments,Other,1,0,,Strategic developments,3749,6.4342,10.4682
2022-05-07,Middle Africa,Cameroon,Nord-Ouest,Strategic developments,Other,1,0,,Strategic developments,3749,6.4342,10.4682
2022-05-14,Middle Africa,Cameroon,Nord-Ouest,Strategic developments,Other,4,0,,Strategic developments,3749,6.4342,10.4682
2022-05-21,Middle Africa,Cameroon,Nord-Ouest,Strategic developments,Other,3,0,,Strategic developments,3749,6.4342,10.4682
2022-05-28,Middle Africa,Cameroon,Nord-Ouest,Strategic developments,Other,1,0,,Strategic developments,3749,6.4342,10.4682
2022-06-04,Middle Africa,Cameroon,Nord-Ouest,Strategic developments,Other,2,0,,Strategic developments,3749,6.4342,10.4682
2022-06-18,Middle Africa,Cameroon,Nord-Ouest,Strategic developments,Other,2,0,,Strategic developments,3749,6.4342,10.4682
2022-06-25,Middle Africa,Cameroon,Nord-Ouest,Strategic developments,Other,1,0,,Strategic developments,3749,6.4342,10.4682
2022-07-16,Middle Africa,Cameroon,Nord-Ouest,Strategic developments,Other,2,0,,Strategic developments,3749,6.4342,10.4682
2022-08-06,Middle Africa,Cameroon,Nord-Ouest,Strategic developments,Other,1,0,,Strategic developments,3749,6.4342,10.4682
2022-08-20,Middle Africa,Cameroon,Nord-Ouest,Strategic developments,Other,3,0,,Strategic developments,3749,6.4342,10.4682
2022-09-03,Middle Africa,Cameroon,Nord-Ouest,Strategic developments,Other,6,0,,Strategic developments,3749,6.4342,10.4682
2022-09-10,Middle Africa,Cameroon,Nord-Ouest,Strategic developments,Other,2,0,,Strategic developments,3749,6.4342,10.4682
2022-09-17,Middle Africa,Cameroon,Nord-Ouest,Strategic developments,Other,2,0,,Strategic developments,3749,6.4342,10.4682
2022-09-24,Middle Africa,Cameroon,Nord-Ouest,Strategic developments,Other,5,0,,Strategic developments,3749,6.4342,10.4682
2022-10-01,Middle Africa,Cameroon,Nord-Ouest,Strategic developments,Other,2,0,,Strategic developments,3749,6.4342,10.4682
2022-10-08,Middle Africa,Cameroon,Nord-Ouest,Strategic developments,Other,1,0,,Strategic developments,3749,6.4342,10.4682
2022-10-15,Middle Africa,Cameroon,Nord-Ouest,Strategic developments,Other,2,0,,Strategic developments,3749,6.4342,10.4682
2022-10-22,Middle Africa,Cameroon,Nord-Ouest,Strategic developments,Other,3,0,,Strategic developments,3749,6.4342,10.4682
2022-10-29,Middle Africa,Cameroon,Nord-Ouest,Strategic developments,Other,3,0,,Strategic developments,3749,6.4342,10.4682
2022-11-05,Middle Africa,Cameroon,Nord-Ouest,Strategic developments,Other,2,0,,Strategic developments,3749,6.4342,10.4682
2022-11-12,Middle Africa,Cameroon,Nord-Ouest,Strategic developments,Other,7,1,,Strategic developments,3749,6.4342,10.4682
2022-11-19,Middle Africa,Cameroon,Nord-Ouest,Strategic developments,Other,4,0,,Strategic developments,3749,6.4342,10.4682
2022-12-03,Middle Africa,Cameroon,Nord-Ouest,Strategic developments,Other,2,0,,Strategic developments,3749,6.4342,10.4682
2022-12-10,Middle Africa,Cameroon,Nord-Ouest,Strategic developments,Other,3,0,,Strategic developments,3749,6.4342,10.4682
2022-12-17,Middle Africa,Cameroon,Nord-Ouest,Strategic developments,Other,2,0,,Strategic developments,3749,6.4342,10.4682
2022-12-31,Middle Africa,Cameroon,Nord-Ouest,Strategic developments,Other,3,0,,Strategic developments,3749,6.4342,10.4682
2023-01-07,Middle Africa,Cameroon,Nord-Ouest,Strategic developments,Other,1,0,,Strategic developments,3749,6.4342,10.4682
2023-01-14,Middle Africa,Cameroon,Nord-Ouest,Strategic developments,Other,1,0,,Strategic developments,3749,6.4342,10.4682
2023-01-21,Middle Africa,Cameroon,Nord-Ouest,Strategic developments,Other,3,0,,Strategic developments,3749,6.4342,10.4682
2023-01-28,Middle Africa,Cameroon,Nord-Ouest,Strategic developments,Other,4,0,,Strategic developments,3749,6.4342,10.4682
2023-02-04,Middle Africa,Cameroon,Nord-Ouest,Strategic developments,Other,6,0,,Strategic developments,3749,6.4342,10.4682
2023-02-11,Middle Africa,Cameroon,Nord-Ouest,Strategic developments,Other,1,0,,Strategic developments,3749,6.4342,10.4682
2023-02-18,Middle Africa,Cameroon,Nord-Ouest,Strategic developments,Other,1,0,,Strategic developments,3749,6.4342,10.4682
2023-02-25,Middle Africa,Cameroon,Nord-Ouest,Strategic developments,Other,2,0,,Strategic developments,3749,6.4342,10.4682
2023-03-04,Middle Africa,Cameroon,Nord-Ouest,Strategic developments,Other,1,0,,Strategic developments,3749,6.4342,10.4682
2023-03-18,Middle Africa,Cameroon,Nord-Ouest,Strategic developments,Other,2,0,,Strategic developments,3749,6.4342,10.4682
2023-04-22,Middle Africa,Cameroon,Nord-Ouest,Strategic developments,Other,2,0,,Strategic developments,3749,6.4342,10.4682
2023-05-06,Middle Africa,Cameroon,Nord-Ouest,Strategic developments,Other,4,0,,Strategic developments,3749,6.4342,10.4682
2023-05-13,Middle Africa,Cameroon,Nord-Ouest,Strategic developments,Other,6,0,,Strategic developments,3749,6.4342,10.4682
2023-05-20,Middle Africa,Cameroon,Nord-Ouest,Strategic developments,Other,4,0,,Strategic developments,3749,6.4342,10.4682
2023-05-27,Middle Africa,Cameroon,Nord-Ouest,Strategic developments,Other,3,0,,Strategic developments,3749,6.4342,10.4682
2023-06-03,Middle Africa,Cameroon,Nord-Ouest,Strategic developments,Other,4,0,,Strategic developments,3749,6.4342,10.4682
2023-06-10,Middle Africa,Cameroon,Nord-Ouest,Strategic developments,Other,7,0,,Strategic developments,3749,6.4342,10.4682
2023-06-17,Middle Africa,Cameroon,Nord-Ouest,Strategic developments,Other,2,0,,Strategic developments,3749,6.4342,10.4682
2023-06-24,Middle Africa,Cameroon,Nord-Ouest,Strategic developments,Other,5,0,,Strategic developments,3749,6.4342,10.4682
2023-07-01,Middle Africa,Cameroon,Nord-Ouest,Strategic developments,Other,5,0,,Strategic developments,3749,6.4342,10.4682
2023-07-08,Middle Africa,Cameroon,Nord-Ouest,Strategic developments,Other,4,0,,Strategic developments,3749,6.4342,10.4682
2023-07-15,Middle Africa,Cameroon,Nord-Ouest,Strategic developments,Other,6,0,,Strategic developments,3749,6.4342,10.4682
2023-07-22,Middle Africa,Cameroon,Nord-Ouest,Strategic developments,Other,7,0,,Strategic developments,3749,6.4342,10.4682
2023-07-29,Middle Africa,Cameroon,Nord-Ouest,Strategic developments,Other,5,0,,Strategic developments,3749,6.4342,10.4682
2023-08-05,Middle Africa,Cameroon,Nord-Ouest,Strategic developments,Other,2,0,,Strategic developments,3749,6.4342,10.4682
2023-08-12,Middle Africa,Cameroon,Nord-Ouest,Strategic developments,Other,3,0,,Strategic developments,3749,6.4342,10.4682
2023-08-19,Middle Africa,Cameroon,Nord-Ouest,Strategic developments,Other,1,0,,Strategic developments,3749,6.4342,10.4682
2023-08-26,Middle Africa,Cameroon,Nord-Ouest,Strategic developments,Other,1,0,,Strategic developments,3749,6.4342,10.4682
2023-09-02,Middle Africa,Cameroon,Nord-Ouest,Strategic developments,Other,6,0,,Strategic developments,3749,6.4342,10.4682
2023-09-09,Middle Africa,Cameroon,Nord-Ouest,Strategic developments,Other,3,0,,Strategic developments,3749,6.4342,10.4682
2023-09-16,Middle Africa,Cameroon,Nord-Ouest,Strategic developments,Other,2,0,,Strategic developments,3749,6.4342,10.4682
2023-09-30,Middle Africa,Cameroon,Nord-Ouest,Strategic developments,Other,2,0,,Strategic developments,3749,6.4342,10.4682
2023-10-07,Middle Africa,Cameroon,Nord-Ouest,Strategic developments,Other,5,0,,Strategic developments,3749,6.4342,10.4682
2023-10-14,Middle Africa,Cameroon,Nord-Ouest,Strategic developments,Other,5,0,,Strategic developments,3749,6.4342,10.4682
2023-10-21,Middle Africa,Cameroon,Nord-Ouest,Strategic developments,Other,3,0,,Strategic developments,3749,6.4342,10.4682
2023-10-28,Middle Africa,Cameroon,Nord-Ouest,Strategic developments,Other,1,0,,Strategic developments,3749,6.4342,10.4682
2023-11-04,Middle Africa,Cameroon,Nord-Ouest,Strategic developments,Other,2,0,,Strategic developments,3749,6.4342,10.4682
2023-11-11,Middle Africa,Cameroon,Nord-Ouest,Strategic developments,Other,1,0,,Strategic developments,3749,6.4342,10.4682
2023-11-18,Middle Africa,Cameroon,Nord-Ouest,Strategic developments,Other,1,0,,Strategic developments,3749,6.4342,10.4682
2023-11-25,Middle Africa,Cameroon,Nord-Ouest,Strategic developments,Other,2,0,,Strategic developments,3749,6.4342,10.4682
2023-12-02,Middle Africa,Cameroon,Nord-Ouest,Strategic developments,Other,2,0,,Strategic developments,3749,6.4342,10.4682
2023-12-16,Middle Africa,Cameroon,Nord-Ouest,Strategic developments,Other,3,0,,Strategic developments,3749,6.4342,10.4682
2023-12-23,Middle Africa,Cameroon,Nord-Ouest,Strategic developments,Other,4,0,,Strategic developments,3749,6.4342,10.4682
2024-01-06,Middle Africa,Cameroon,Nord-Ouest,Strategic developments,Other,3,0,,Strategic developments,3749,6.4342,10.4682
2024-01-13,Middle Africa,Cameroon,Nord-Ouest,Strategic developments,Other,3,0,,Strategic developments,3749,6.4342,10.4682
2024-01-20,Middle Africa,Cameroon,Nord-Ouest,Strategic developments,Other,1,0,,Strategic developments,3749,6.4342,10.4682
2024-02-03,Middle Africa,Cameroon,Nord-Ouest,Strategic developments,Other,4,0,,Strategic developments,3749,6.4342,10.4682
2024-02-10,Middle Africa,Cameroon,Nord-Ouest,Strategic developments,Other,4,0,,Strategic developments,3749,6.4342,10.4682
2024-02-17,Middle Africa,Cameroon,Nord-Ouest,Strategic developments,Other,1,0,,Strategic developments,3749,6.4342,10.4682
2024-03-16,Middle Africa,Cameroon,Nord-Ouest,Strategic developments,Other,1,0,,Strategic developments,3749,6.4342,10.4682
2024-04-06,Middle Africa,Cameroon,Nord-Ouest,Strategic developments,Other,1,0,,Strategic developments,3749,6.4342,10.4682
2024-04-13,Middle Africa,Cameroon,Nord-Ouest,Strategic developments,Other,1,0,,Strategic developments,3749,6.4342,10.4682
2024-04-20,Middle Africa,Cameroon,Nord-Ouest,Strategic developments,Other,5,0,,Strategic developments,3749,6.4342,10.4682
2024-04-27,Middle Africa,Cameroon,Nord-Ouest,Strategic developments,Other,1,0,,Strategic developments,3749,6.4342,10.4682
2024-05-04,Middle Africa,Cameroon,Nord-Ouest,Strategic developments,Other,6,0,,Strategic developments,3749,6.4342,10.4682
2024-05-11,Middle Africa,Cameroon,Nord-Ouest,Strategic developments,Other,2,0,,Strategic developments,3749,6.4342,10.4682
2024-06-29,Middle Africa,Cameroon,Nord-Ouest,Strategic developments,Other,4,0,,Strategic developments,3749,6.4342,10.4682
2024-07-06,Middle Africa,Cameroon,Nord-Ouest,Strategic developments,Other,4,0,,Strategic developments,3749,6.4342,10.4682
2024-07-20,Middle Africa,Cameroon,Nord-Ouest,Strategic developments,Other,1,0,,Strategic developments,3749,6.4342,10.4682
2024-07-27,Middle Africa,Cameroon,Nord-Ouest,Strategic developments,Other,6,0,,Strategic developments,3749,6.4342,10.4682
2024-08-03,Middle Africa,Cameroon,Nord-Ouest,Strategic developments,Other,3,0,,Strategic developments,3749,6.4342,10.4682
2024-08-10,Middle Africa,Cameroon,Nord-Ouest,Strategic developments,Other,4,0,,Strategic developments,3749,6.4342,10.4682
2024-08-24,Middle Africa,Cameroon,Nord-Ouest,Strategic developments,Other,5,0,,Strategic developments,3749,6.4342,10.4682
2024-08-31,Middle Africa,Cameroon,Nord-Ouest,Strategic developments,Other,4,0,,Strategic developments,3749,6.4342,10.4682
2024-09-07,Middle Africa,Cameroon,Nord-Ouest,Strategic developments,Other,1,0,,Strategic developments,3749,6.4342,10.4682
2024-09-14,Middle Africa,Cameroon,Nord-Ouest,Strategic developments,Other,3,0,,Strategic developments,3749,6.4342,10.4682
2024-09-21,Middle Africa,Cameroon,Nord-Ouest,Strategic developments,Other,7,0,,Strategic developments,3749,6.4342,10.4682
2024-09-28,Middle Africa,Cameroon,Nord-Ouest,Strategic developments,Other,6,0,,Strategic developments,3749,6.4342,10.4682
2024-10-05,Middle Africa,Cameroon,Nord-Ouest,Strategic developments,Other,2,0,,Strategic developments,3749,6.4342,10.4682
2024-10-12,Middle Africa,Cameroon,Nord-Ouest,Strategic developments,Other,4,0,,Strategic developments,3749,6.4342,10.4682
2024-10-19,Middle Africa,Cameroon,Nord-Ouest,Strategic developments,Other,2,0,,Strategic developments,3749,6.4342,10.4682
2024-10-26,Middle Africa,Cameroon,Nord-Ouest,Strategic developments,Other,2,0,,Strategic developments,3749,6.4342,10.4682
2024-11-02,Middle Africa,Cameroon,Nord-Ouest,Strategic developments,Other,1,0,,Strategic developments,3749,6.4342,10.4682
2024-11-09,Middle Africa,Cameroon,Nord-Ouest,Strategic developments,Other,6,0,,Strategic developments,3749,6.4342,10.4682
2024-11-16,Middle Africa,Cameroon,Nord-Ouest,Strategic developments,Other,4,0,,Strategic developments,3749,6.4342,10.4682
2024-11-23,Middle Africa,Cameroon,Nord-Ouest,Strategic developments,Other,6,0,,Strategic developments,3749,6.4342,10.4682
2024-11-30,Middle Africa,Cameroon,Nord-Ouest,Strategic developments,Other,2,0,,Strategic developments,3749,6.4342,10.4682
2024-12-07,Middle Africa,Cameroon,Nord-Ouest,Strategic developments,Other,7,0,,Strategic developments,3749,6.4342,10.4682
2024-12-14,Middle Africa,Cameroon,Nord-Ouest,Strategic developments,Other,3,0,,Strategic developments,3749,6.4342,10.4682
2024-12-21,Middle Africa,Cameroon,Nord-Ouest,Strategic developments,Other,5,0,,Strategic developments,3749,6.4342,10.4682
2024-12-28,Middle Africa,Cameroon,Nord-Ouest,Strategic developments,Other,4,0,,Strategic developments,3749,6.4342,10.4682
2025-01-04,Middle Africa,Cameroon,Nord-Ouest,Strategic developments,Other,3,0,,Strategic developments,3749,6.4342,10.4682
2025-01-11,Middle Africa,Cameroon,Nord-Ouest,Strategic developments,Other,4,0,,Strategic developments,3749,6.4342,10.4682
2025-01-18,Middle Africa,Cameroon,Nord-Ouest,Strategic developments,Other,5,0,,Strategic developments,3749,6.4342,10.4682
2025-01-25,Middle Africa,Cameroon,Nord-Ouest,Strategic developments,Other,6,0,,Strategic developments,3749,6.4342,10.4682
2025-02-01,Middle Africa,Cameroon,Nord-Ouest,Strategic developments,Other,2,0,,Strategic developments,3749,6.4342,10.4682
2025-02-08,Middle Africa,Cameroon,Nord-Ouest,Strategic developments,Other,8,0,,Strategic developments,3749,6.4342,10.4682
2025-02-22,Middle Africa,Cameroon,Nord-Ouest,Strategic developments,Other,2,0,,Strategic developments,3749,6.4342,10.4682
2025-03-01,Middle Africa,Cameroon,Nord-Ouest,Strategic developments,Other,6,0,,Strategic developments,3749,6.4342,10.4682
2025-03-08,Middle Africa,Cameroon,Nord-Ouest,Strategic developments,Other,4,0,,Strategic developments,3749,6.4342,10.4682
2025-03-15,Middle Africa,Cameroon,Nord-Ouest,Strategic developments,Other,2,0,,Strategic developments,3749,6.4342,10.4682
2025-03-22,Middle Africa,Cameroon,Nord-Ouest,Strategic developments,Other,4,0,,Strategic developments,3749,6.4342,10.4682
2025-03-29,Middle Africa,Cameroon,Nord-Ouest,Strategic developments,Other,5,0,,Strategic developments,3749,6.4342,10.4682
2025-04-05,Middle Africa,Cameroon,Nord-Ouest,Strategic developments,Other,7,0,,Strategic developments,3749,6.4342,10.4682
2025-04-12,Middle Africa,Cameroon,Nord-Ouest,Strategic developments,Other,5,0,,Strategic developments,3749,6.4342,10.4682
2025-04-19,Middle Africa,Cameroon,Nord-Ouest,Strategic developments,Other,3,0,,Strategic developments,3749,6.4342,10.4682
2025-04-26,Middle Africa,Cameroon,Nord-Ouest,Strategic developments,Other,4,0,,Strategic developments,3749,6.4342,10.4682
2025-05-03,Middle Africa,Cameroon,Nord-Ouest,Strategic developments,Other,2,0,,Strategic developments,3749,6.4342,10.4682
2025-05-10,Middle Africa,Cameroon,Nord-Ouest,Strategic developments,Other,5,0,,Strategic developments,3749,6.4342,10.4682
2025-05-17,Middle Africa,Cameroon,Nord-Ouest,Strategic developments,Other,18,0,,Strategic developments,3749,6.4342,10.4682
2025-05-24,Middle Africa,Cameroon,Nord-Ouest,Strategic developments,Other,5,0,,Strategic developments,3749,6.4342,10.4682
2025-05-31,Middle Africa,Cameroon,Nord-Ouest,Strategic developments,Other,6,0,,Strategic developments,3749,6.4342,10.4682
2025-06-07,Middle Africa,Cameroon,Nord-Ouest,Strategic developments,Other,4,0,,Strategic developments,3749,6.4342,10.4682
2025-06-14,Middle Africa,Cameroon,Nord-Ouest,Strategic developments,Other,2,0,,Strategic developments,3749,6.4342,10.4682
2025-06-21,Middle Africa,Cameroon,Nord-Ouest,Strategic developments,Other,3,0,,Strategic developments,3749,6.4342,10.4682
2025-07-05,Middle Africa,Cameroon,Nord-Ouest,Strategic developments,Other,10,0,,Strategic developments,3749,6.4342,10.4682
2025-07-12,Middle Africa,Cameroon,Nord-Ouest,Strategic developments,Other,3,0,,Strategic developments,3749,6.4342,10.4682
2025-07-19,Middle Africa,Cameroon,Nord-Ouest,Strategic developments,Other,3,0,,Strategic developments,3749,6.4342,10.4682
2025-07-26,Middle Africa,Cameroon,Nord-Ouest,Strategic developments,Other,1,0,,Strategic developments,3749,6.4342,10.4682
2025-08-02,Middle Africa,Cameroon,Nord-Ouest,Strategic developments,Other,3,0,,Strategic developments,3749,6.4342,10.4682
2025-08-09,Middle Africa,Cameroon,Nord-Ouest,Strategic developments,Other,5,0,,Strategic developments,3749,6.4342,10.4682
2025-08-16,Middle Africa,Cameroon,Nord-Ouest,Strategic developments,Other,5,0,,Strategic developments,3749,6.4342,10.4682
2025-08-23,Middle Africa,Cameroon,Nord-Ouest,Strategic developments,Other,13,0,,Strategic developments,3749,6.4342,10.4682
2025-08-30,Middle Africa,Cameroon,Nord-Ouest,Strategic developments,Other,7,0,,Strategic developments,3749,6.4342,10.4682
2025-09-06,Middle Africa,Cameroon,Nord-Ouest,Strategic developments,Other,19,0,,Strategic developments,3749,6.4342,10.4682
2025-09-13,Middle Africa,Cameroon,Nord-Ouest,Strategic developments,Other,11,0,,Strategic developments,3749,6.4342,10.4682
2025-09-20,Middle Africa,Cameroon,Nord-Ouest,Strategic developments,Other,8,0,,Strategic developments,3749,6.4342,10.4682
2025-09-27,Middle Africa,Cameroon,Nord-Ouest,Strategic developments,Other,11,0,,Strategic developments,3749,6.4342,10.4682
2025-10-04,Middle Africa,Cameroon,Nord-Ouest,Strategic developments,Other,7,0,,Strategic developments,3749,6.4342,10.4682
2025-10-11,Middle Africa,Cameroon,Nord-Ouest,Strategic developments,Other,11,0,,Strategic developments,3749,6.4342,10.4682
2025-10-18,Middle Africa,Cameroon,Nord-Ouest,Strategic developments,Other,5,1,,Strategic developments,3749,6.4342,10.4682
2025-10-25,Middle Africa,Cameroon,Nord-Ouest,Strategic developments,Other,5,0,,Strategic developments,3749,6.4342,10.4682
2025-11-01,Middle Africa,Cameroon,Nord-Ouest,Strategic developments,Other,6,0,,Strategic developments,3749,6.4342,10.4682
2025-11-08,Middle Africa,Cameroon,Nord-Ouest,Strategic developments,Other,5,0,,Strategic developments,3749,6.4342,10.4682
2025-11-15,Middle Africa,Cameroon,Nord-Ouest,Strategic developments,Other,4,0,,Strategic developments,3749,6.4342,10.4682
2025-11-22,Middle Africa,Cameroon,Nord-Ouest,Strategic developments,Other,7,0,,Strategic developments,3749,6.4342,10.4682
2025-11-29,Middle Africa,Cameroon,Nord-Ouest,Strategic developments,Other,10,0,,Strategic developments,3749,6.4342,10.4682
2025-12-06,Middle Africa,Cameroon,Nord-Ouest,Strategic developments,Other,7,0,,Strategic developments,3749,6.4342,10.4682
2025-12-13,Middle Africa,Cameroon,Nord-Ouest,Strategic developments,Other,7,0,,Strategic developments,3749,6.4342,10.4682
2025-12-20,Middle Africa,Cameroon,Nord-Ouest,Strategic developments,Other,9,0,,Strategic developments,3749,6.4342,10.4682
2025-12-27,Middle Africa,Cameroon,Nord-Ouest,Strategic developments,Other,6,0,,Strategic developments,3749,6.4342,10.4682
2026-01-03,Middle Africa,Cameroon,Nord-Ouest,Strategic developments,Other,7,0,,Strategic developments,3749,6.4342,10.4682
2026-01-10,Middle Africa,Cameroon,Nord-Ouest,Strategic developments,Other,5,0,,Strategic developments,3749,6.4342,10.4682
2026-01-17,Middle Africa,Cameroon,Nord-Ouest,Strategic developments,Other,4,0,,Strategic developments,3749,6.4342,10.4682
2026-01-24,Middle Africa,Cameroon,Nord-Ouest,Strategic developments,Other,5,0,,Strategic developments,3749,6.4342,10.4682
2026-01-31,Middle Africa,Cameroon,Nord-Ouest,Strategic developments,Other,9,0,,Strategic developments,3749,6.4342,10.4682
2026-02-07,Middle Africa,Cameroon,Nord-Ouest,Strategic developments,Other,10,0,,Strategic developments,3749,6.4342,10.4682
2026-02-14,Middle Africa,Cameroon,Nord-Ouest,Strategic developments,Other,6,0,,Strategic developments,3749,6.4342,10.4682
2026-02-21,Middle Africa,Cameroon,Nord-Ouest,Strategic developments,Other,6,0,,Strategic developments,3749,6.4342,10.4682
2026-02-28,Middle Africa,Cameroon,Nord-Ouest,Strategic developments,Other,1,0,,Strategic developments,3749,6.4342,10.4682
2026-03-07,Middle Africa,Cameroon,Nord-Ouest,Strategic developments,Other,6,0,,Strategic developments,3749,6.4342,10.4682
2026-03-14,Middle Africa,Cameroon,Nord-Ouest,Strategic developments,Other,3,0,,Strategic developments,3749,6.4342,10.4682
2026-03-21,Middle Africa,Cameroon,Nord-Ouest,Strategic developments,Other,6,0,,Strategic developments,3749,6.4342,10.4682
2026-03-28,Middle Africa,Cameroon,Nord-Ouest,Strategic developments,Other,4,0,,Strategic developments,3749,6.4342,10.4682
2026-04-04,Middle Africa,Cameroon,Nord-Ouest,Strategic developments,Other,6,0,,Strategic developments,3749,6.4342,10.4682
2026-04-11,Middle Africa,Cameroon,Nord-Ouest,Strategic developments,Other,5,0,,Strategic developments,3749,6.4342,10.4682
2026-04-18,Middle Africa,Cameroon,Nord-Ouest,Strategic developments,Other,5,0,,Strategic developments,3749,6.4342,10.4682
2026-04-25,Middle Africa,Cameroon,Nord-Ouest,Strategic developments,Other,10,0,,Strategic developments,3749,6.4342,10.4682
2026-05-02,Middle Africa,Cameroon,Nord-Ouest,Strategic developments,Other,7,0,,Strategic developments,3749,6.4342,10.4682
2026-05-09,Middle Africa,Cameroon,Nord-Ouest,Strategic developments,Other,5,0,,Strategic developments,3749,6.4342,10.4682
2026-05-16,Middle Africa,Cameroon,Nord-Ouest,Strategic developments,Other,10,0,,Strategic developments,3749,6.4342,10.4682
2026-05-23,Middle Africa,Cameroon,Nord-Ouest,Strategic developments,Other,4,0,,Strategic developments,3749,6.4342,10.4682
2026-05-30,Middle Africa,Cameroon,Nord-Ouest,Strategic developments,Other,11,0,,Strategic developments,3749,6.4342,10.4682
2026-06-06,Middle Africa,Cameroon,Nord-Ouest,Strategic developments,Other,12,0,,Strategic developments,3749,6.4342,10.4682
2026-06-13,Middle Africa,Cameroon,Nord-Ouest,Strategic developments,Other,12,0,,Strategic developments,3749,6.4342,10.4682
2026-06-20,Middle Africa,Cameroon,Nord-Ouest,Strategic developments,Other,8,0,,Strategic developments,3749,6.4342,10.4682
2026-06-27,Middle Africa,Cameroon,Nord-Ouest,Strategic developments,Other,3,0,,Strategic developments,3749,6.4342,10.4682
2026-07-04,Middle Africa,Cameroon,Nord-Ouest,Strategic developments,Other,7,0,,Strategic developments,3749,6.4342,10.4682
2026-07-11,Middle Africa,Cameroon,Nord-Ouest,Strategic developments,Other,6,0,,Strategic developments,3749,6.4342,10.4682
2026-07-18,Middle Africa,Cameroon,Nord-Ouest,Strategic developments,Other,9,0,,Strategic developments,3749,6.4342,10.4682
2026-07-25,Middle Africa,Cameroon,Nord-Ouest,Strategic developments,Other,5,0,,Strategic developments,3749,6.4342,10.4682
2026-08-01,Middle Africa,Cameroon,Nord-Ouest,Strategic developments,Other,5,0,,Strategic developments,3749,6.4342,10.4682
2026-08-08,Middle Africa,Cameroon,Nord-Ouest,Strategic developments,Other,3,0,,Strategic developments,3749,6.4342,10.4682
2026-08-15,Middle Africa,Cameroon,Nord-Ouest,Strategic developments,Other,5,0,,Strategic developments,3749,6.4342,10.4682
2026-08-22,Middle Africa,Cameroon,Nord-Ouest,Strategic developments,Other,9,0,,Strategic developments,3749,6.4342,10.4682
2020-01-04,Middle Africa,Cameroon,Nord-Ouest,Violence against civilians,Abduction/forced disappearance,2,0,5438,Political violence,3749,6.4342,10.4682
2020-01-25,Middle Africa,Cameroon,Nord-Ouest,Violence against civilians,Abduction/forced disappearance,1,0,7126,Political violence,3749,6.4342,10.4682
2020-02-01,Middle Africa,Cameroon,Nord-Ouest,Violence against civilians,Abduction/forced disappearance,1,0,15484,Political violence,3749,6.4342,10.4682
2020-02-15,Middle Africa,Cameroon,Nord-Ouest,Violence against civilians,Abduction/forced disappearance,1,0,15484,Political violence,3749,6.4342,10.4682
2020-02-22,Middle Africa,Cameroon,Nord-Ouest,Violence against civilians,Abduction/forced disappearance,1,0,15484,Political violence,3749,6.4342,10.4682
2020-04-18,Middle Africa,Cameroon,Nord-Ouest,Violence against civilians,Abduction/forced disappearance,1,0,10357,Political violence,3749,6.4342,10.4682
2020-05-30,Middle Africa,Cameroon,Nord-Ouest,Violence against civilians,Abduction/forced disappearance,1,0,3900,Political violence,3749,6.4342,10.4682
2020-06-06,Middle Africa,Cameroon,Nord-Ouest,Violence against civilians,Abduction/forced disappearance,1,0,99313,Political violence,3749,6.4342,10.4682
2020-06-27,Middle Africa,Cameroon,Nord-Ouest,Violence against civilians,Abduction/forced disappearance,1,0,236,Political violence,3749,6.4342,10.4682
2020-07-11,Middle Africa,Cameroon,Nord-Ouest,Violence against civilians,Abduction/forced disappearance,3,0,11182,Political violence,3749,6.4342,10.4682
2020-07-18,Middle Africa,Cameroon,Nord-Ouest,Violence against civilians,Abduction/forced disappearance,1,0,99313,Political violence,3749,6.4342,10.4682
2020-08-01,Middle Africa,Cameroon,Nord-Ouest,Violence against civilians,Abduction/forced disappearance,1,0,26393,Political violence,3749,6.4342,10.4682
2020-08-29,Middle Africa,Cameroon,Nord-Ouest,Violence against civilians,Abduction/forced disappearance,1,0,10357,Political violence,3749,6.4342,10.4682
2020-09-12,Middle Africa,Cameroon,Nord-Ouest,Violence against civilians,Abduction/forced disappearance,1,0,6630,Political violence,3749,6.4342,10.4682
2020-09-26,Middle Africa,Cameroon,Nord-Ouest,Violence against civilians,Abduction/forced disappearance,1,0,7264,Political violence,3749,6.4342,10.4682
2020-10-03,Middle Africa,Cameroon,Nord-Ouest,Violence against civilians,Abduction/forced disappearance,1,0,7246,Political violence,3749,6.4342,10.4682
2020-10-10,Middle Africa,Cameroon,Nord-Ouest,Violence against civilians,Abduction/forced disappearance,2,0,6866,Political violence,3749,6.4342,10.4682
2020-10-17,Middle Africa,Cameroon,Nord-Ouest,Violence against civilians,Abduction/forced disappearance,2,0,108398,Political violence,3749,6.4342,10.4682
2020-10-31,Middle Africa,Cameroon,Nord-Ouest,Violence against civilians,Abduction/forced disappearance,4,0,44327,Political violence,3749,6.4342,10.4682
2020-11-07,Middle Africa,Cameroon,Nord-Ouest,Violence against civilians,Abduction/forced disappearance,1,0,99313,Political violence,3749,6.4342,10.4682
2020-11-14,Middle Africa,Cameroon,Nord-Ouest,Violence against civilians,Abduction/forced disappearance,2,0,99313,Political violence,3749,6.4342,10.4682
2020-11-21,Middle Africa,Cameroon,Nord-Ouest,Violence against civilians,Abduction/forced disappearance,2,0,13629,Political violence,3749,6.4342,10.4682
2020-12-05,Middle Africa,Cameroon,Nord-Ouest,Violence against civilians,Abduction/forced disappearance,2,0,30784,Political violence,3749,6.4342,10.4682
2020-12-12,Middle Africa,Cameroon,Nord-Ouest,Violence against civilians,Abduction/forced disappearance,5,0,117263,Political violence,3749,6.4342,10.4682
2020-12-26,Middle Africa,Cameroon,Nord-Ouest,Violence against civilians,Abduction/forced disappearance,1,0,9085,Political violence,3749,6.4342,10.4682
2021-01-02,Middle Africa,Cameroon,Nord-Ouest,Violence against civilians,Abduction/forced disappearance,2,0,137080,Political violence,3749,6.4342,10.4682
2021-01-09,Middle Africa,Cameroon,Nord-Ouest,Violence against civilians,Abduction/forced disappearance,3,0,139591,Political violence,3749,6.4342,10.4682
2021-01-16,Middle Africa,Cameroon,Nord-Ouest,Violence against civilians,Abduction/forced disappearance,2,0,101140,Political violence,3749,6.4342,10.4682
2021-01-23,Middle Africa,Cameroon,Nord-Ouest,Violence against civilians,Abduction/forced disappearance,3,0,19834,Political violence,3749,6.4342,10.4682
2021-02-06,Middle Africa,Cameroon,Nord-Ouest,Violence against civilians,Abduction/forced disappearance,3,0,106370,Political violence,3749,6.4342,10.4682
2021-02-13,Middle Africa,Cameroon,Nord-Ouest,Violence against civilians,Abduction/forced disappearance,2,0,24360,Political violence,3749,6.4342,10.4682
2021-02-20,Middle Africa,Cameroon,Nord-Ouest,Violence against civilians,Abduction/forced disappearance,4,0,124195,Political violence,3749,6.4342,10.4682
2021-03-06,Middle Africa,Cameroon,Nord-Ouest,Violence against civilians,Abduction/forced disappearance,1,0,15796,Political violence,3749,6.4342,10.4682
2021-03-20,Middle Africa,Cameroon,Nord-Ouest,Violence against civilians,Abduction/forced disappearance,1,0,5935,Political violence,3749,6.4342,10.4682
2021-03-27,Middle Africa,Cameroon,Nord-Ouest,Violence against civilians,Abduction/forced disappearance,1,0,30007,Political violence,3749,6.4342,10.4682
2021-04-03,Middle Africa,Cameroon,Nord-Ouest,Violence against civilians,Abduction/forced disappearance,4,0,123954,Political violence,3749,6.4342,10.4682
2021-04-10,Middle Africa,Cameroon,Nord-Ouest,Violence against civilians,Abduction/forced disappearance,2,0,30029,Political violence,3749,6.4342,10.4682
2021-04-17,Middle Africa,Cameroon,Nord-Ouest,Violence against civilians,Abduction/forced disappearance,1,0,101140,Political violence,3749,6.4342,10.4682
2021-05-15,Middle Africa,Cameroon,Nord-Ouest,Violence against civilians,Abduction/forced disappearance,1,0,22814,Political violence,3749,6.4342,10.4682
2021-05-22,Middle Africa,Cameroon,Nord-Ouest,Violence against civilians,Abduction/forced disappearance,2,0,111654,Political violence,3749,6.4342,10.4682
2021-05-29,Middle Africa,Cameroon,Nord-Ouest,Violence against civilians,Abduction/forced disappearance,2,0,105125,Political violence,3749,6.4342,10.4682
2021-06-12,Middle Africa,Cameroon,Nord-Ouest,Violence against civilians,Abduction/forced disappearance,1,0,10514,Political violence,3749,6.4342,10.4682
2021-07-24,Middle Africa,Cameroon,Nord-Ouest,Violence against civilians,Abduction/forced disappearance,1,0,8307,Political violence,3749,6.4342,10.4682
2021-07-31,Middle Africa,Cameroon,Nord-Ouest,Violence against civilians,Abduction/forced disappearance,1,0,22770,Political violence,3749,6.4342,10.4682
2021-08-21,Middle Africa,Cameroon,Nord-Ouest,Violence against civilians,Abduction/forced disappearance,1,0,101140,Political violence,3749,6.4342,10.4682
2021-09-11,Middle Africa,Cameroon,Nord-Ouest,Violence against civilians,Abduction/forced disappearance,1,0,9901,Political violence,3749,6.4342,10.4682
2021-09-18,Middle Africa,Cameroon,Nord-Ouest,Violence against civilians,Abduction/forced disappearance,1,0,22770,Political violence,3749,6.4342,10.4682
2021-10-02,Middle Africa,Cameroon,Nord-Ouest,Violence against civilians,Abduction/forced disappearance,1,0,30007,Political violence,3749,6.4342,10.4682
2021-10-23,Middle Africa,Cameroon,Nord-Ouest,Violence against civilians,Abduction/forced disappearance,2,0,101140,Political violence,3749,6.4342,10.4682
2021-10-30,Middle Africa,Cameroon,Nord-Ouest,Violence against civilians,Abduction/forced disappearance,1,0,30007,Political violence,3749,6.4342,10.4682
2021-11-06,Middle Africa,Cameroon,Nord-Ouest,Violence against civilians,Abduction/forced disappearance,1,0,24544,Political violence,3749,6.4342,10.4682
2021-11-20,Middle Africa,Cameroon,Nord-Ouest,Violence against civilians,Abduction/forced disappearance,1,0,101140,Political violence,3749,6.4342,10.4682
2021-11-27,Middle Africa,Cameroon,Nord-Ouest,Violence against civilians,Abduction/forced disappearance,1,0,101140,Political violence,3749,6.4342,10.4682
2021-12-04,Middle Africa,Cameroon,Nord-Ouest,Violence against civilians,Abduction/forced disappearance,2,0,25231,Political violence,3749,6.4342,10.4682
2022-01-08,Middle Africa,Cameroon,Nord-Ouest,Violence against civilians,Abduction/forced disappearance,2,0,102995,Political violence,3749,6.4342,10.4682
2022-01-15,Middle Africa,Cameroon,Nord-Ouest,Violence against civilians,Abduction/forced disappearance,5,0,63644,Political violence,3749,6.4342,10.4682
2022-01-22,Middle Africa,Cameroon,Nord-Ouest,Violence against civilians,Abduction/forced disappearance,1,0,54,Political violence,3749,6.4342,10.4682
2022-02-05,Middle Africa,Cameroon,Nord-Ouest,Violence against civilians,Abduction/forced disappearance,2,0,36505,Political violence,3749,6.4342,10.4682
2022-02-12,Middle Africa,Cameroon,Nord-Ouest,Violence against civilians,Abduction/forced disappearance,2,0,106860,Political violence,3749,6.4342,10.4682
2022-03-12,Middle Africa,Cameroon,Nord-Ouest,Violence against civilians,Abduction/forced disappearance,1,0,5027,Political violence,3749,6.4342,10.4682
2022-03-19,Middle Africa,Cameroon,Nord-Ouest,Violence against civilians,Abduction/forced disappearance,1,0,3257,Political violence,3749,6.4342,10.4682
2022-04-02,Middle Africa,Cameroon,Nord-Ouest,Violence against civilians,Abduction/forced disappearance,2,0,10801,Political violence,3749,6.4342,10.4682
2022-04-09,Middle Africa,Cameroon,Nord-Ouest,Violence against civilians,Abduction/forced disappearance,1,0,54,Political violence,3749,6.4342,10.4682
2022-04-16,Middle Africa,Cameroon,Nord-Ouest,Violence against civilians,Abduction/forced disappearance,1,0,25047,Political violence,3749,6.4342,10.4682
2022-04-23,Middle Africa,Cameroon,Nord-Ouest,Violence against civilians,Abduction/forced disappearance,1,0,102995,Political violence,3749,6.4342,10.4682
2022-04-30,Middle Africa,Cameroon,Nord-Ouest,Violence against civilians,Abduction/forced disappearance,3,0,128238,Political violence,3749,6.4342,10.4682
2022-05-14,Middle Africa,Cameroon,Nord-Ouest,Violence against civilians,Abduction/forced disappearance,3,0,53306,Political violence,3749,6.4342,10.4682
2022-05-21,Middle Africa,Cameroon,Nord-Ouest,Violence against civilians,Abduction/forced disappearance,3,0,110385,Political violence,3749,6.4342,10.4682
2022-05-28,Middle Africa,Cameroon,Nord-Ouest,Violence against civilians,Abduction/forced disappearance,4,0,137578,Political violence,3749,6.4342,10.4682
2022-06-04,Middle Africa,Cameroon,Nord-Ouest,Violence against civilians,Abduction/forced disappearance,1,0,25047,Political violence,3749,6.4342,10.4682
2022-06-11,Middle Africa,Cameroon,Nord-Ouest,Violence against civilians,Abduction/forced disappearance,1,0,29799,Political violence,3749,6.4342,10.4682
2022-06-25,Middle Africa,Cameroon,Nord-Ouest,Violence against civilians,Abduction/forced disappearance,1,0,102995,Political violence,3749,6.4342,10.4682
2022-07-02,Middle Africa,Cameroon,Nord-Ouest,Violence against civilians,Abduction/forced disappearance,5,0,132691,Political violence,3749,6.4342,10.4682
2022-07-09,Middle Africa,Cameroon,Nord-Ouest,Violence against civilians,Abduction/forced disappearance,1,0,102995,Political violence,3749,6.4342,10.4682
2022-07-16,Middle Africa,Cameroon,Nord-Ouest,Violence against civilians,Abduction/forced disappearance,1,0,8740,Political violence,3749,6.4342,10.4682
2022-07-23,Middle Africa,Cameroon,Nord-Ouest,Violence against civilians,Abduction/forced disappearance,3,0,39465,Political violence,3749,6.4342,10.4682
2022-07-30,Middle Africa,Cameroon,Nord-Ouest,Violence against civilians,Abduction/forced disappearance,2,0,9983,Political violence,3749,6.4342,10.4682
2022-08-06,Middle Africa,Cameroon,Nord-Ouest,Violence against civilians,Abduction/forced disappearance,7,0,77117,Political violence,3749,6.4342,10.4682
2022-08-13,Middle Africa,Cameroon,Nord-Ouest,Violence against civilians,Abduction/forced disappearance,6,0,178648,Political violence,3749,6.4342,10.4682
2022-08-20,Middle Africa,Cameroon,Nord-Ouest,Violence against civilians,Abduction/forced disappearance,3,0,104082,Political violence,3749,6.4342,10.4682
2022-08-27,Middle Africa,Cameroon,Nord-Ouest,Violence against civilians,Abduction/forced disappearance,1,0,102995,Political violence,3749,6.4342,10.4682
2022-09-03,Middle Africa,Cameroon,Nord-Ouest,Violence against civilians,Abduction/forced disappearance,7,0,155130,Political violence,3749,6.4342,10.4682
2022-09-10,Middle Africa,Cameroon,Nord-Ouest,Violence against civilians,Abduction/forced disappearance,2,0,22355,Political violence,3749,6.4342,10.4682
2022-09-17,Middle Africa,Cameroon,Nord-Ouest,Violence against civilians,Abduction/forced disappearance,2,0,57940,Political violence,3749,6.4342,10.4682
2022-09-24,Middle Africa,Cameroon,Nord-Ouest,Violence against civilians,Abduction/forced disappearance,3,0,31120,Political violence,3749,6.4342,10.4682
2022-10-08,Middle Africa,Cameroon,Nord-Ouest,Violence against civilians,Abduction/forced disappearance,2,0,18146,Political violence,3749,6.4342,10.4682
2022-10-22,Middle Africa,Cameroon,Nord-Ouest,Violence against civilians,Abduction/forced disappearance,8,0,176985,Political violence,3749,6.4342,10.4682
2022-10-29,Middle Africa,Cameroon,Nord-Ouest,Violence against civilians,Abduction/forced disappearance,4,0,152102,Political violence,3749,6.4342,10.4682
2022-11-05,Middle Africa,Cameroon,Nord-Ouest,Violence against civilians,Abduction/forced disappearance,2,0,11477,Political violence,3749,6.4342,10.4682
2022-11-12,Middle Africa,Cameroon,Nord-Ouest,Violence against civilians,Abduction/forced disappearance,5,0,137632,Political violence,3749,6.4342,10.4682
2022-11-19,Middle Africa,Cameroon,Nord-Ouest,Violence against civilians,Abduction/forced disappearance,2,0,29331,Political violence,3749,6.4342,10.4682
2022-11-26,Middle Africa,Cameroon,Nord-Ouest,Violence against civilians,Abduction/forced disappearance,1,0,10734,Political violence,3749,6.4342,10.4682
2022-12-03,Middle Africa,Cameroon,Nord-Ouest,Violence against civilians,Abduction/forced disappearance,2,0,45974,Political violence,3749,6.4342,10.4682
2022-12-10,Middle Africa,Cameroon,Nord-Ouest,Violence against civilians,Abduction/forced disappearance,4,0,50216,Political violence,3749,6.4342,10.4682
2022-12-17,Middle Africa,Cameroon,Nord-Ouest,Violence against civilians,Abduction/forced disappearance,1,0,23294,Political violence,3749,6.4342,10.4682
2022-12-31,Middle Africa,Cameroon,Nord-Ouest,Violence against civilians,Abduction/forced disappearance,5,0,56263,Political violence,3749,6.4342,10.4682
2023-01-07,Middle Africa,Cameroon,Nord-Ouest,Violence against civilians,Abduction/forced disappearance,2,0,17007,Political violence,3749,6.4342,10.4682
2023-01-14,Middle Africa,Cameroon,Nord-Ouest,Violence against civilians,Abduction/forced disappearance,2,0,116464,Political violence,3749,6.4342,10.4682
2023-01-21,Middle Africa,Cameroon,Nord-Ouest,Violence against civilians,Abduction/forced disappearance,5,0,166397,Political violence,3749,6.4342,10.4682
2023-01-28,Middle Africa,Cameroon,Nord-Ouest,Violence against civilians,Abduction/forced disappearance,1,0,8737,Political violence,3749,6.4342,10.4682
2023-02-04,Middle Africa,Cameroon,Nord-Ouest,Violence against civilians,Abduction/forced disappearance,4,0,41225,Political violence,3749,6.4342,10.4682
2023-02-11,Middle Africa,Cameroon,Nord-Ouest,Violence against civilians,Abduction/forced disappearance,1,0,104846,Political violence,3749,6.4342,10.4682
2023-02-25,Middle Africa,Cameroon,Nord-Ouest,Violence against civilians,Abduction/forced disappearance,7,0,140423,Political violence,3749,6.4342,10.4682
2023-03-04,Middle Africa,Cameroon,Nord-Ouest,Violence against civilians,Abduction/forced disappearance,4,0,150395,Political violence,3749,6.4342,10.4682
2023-03-18,Middle Africa,Cameroon,Nord-Ouest,Violence against civilians,Abduction/forced disappearance,4,0,146913,Political violence,3749,6.4342,10.4682
2023-03-25,Middle Africa,Cameroon,Nord-Ouest,Violence against civilians,Abduction/forced disappearance,2,0,23865,Political violence,3749,6.4342,10.4682
2023-04-01,Middle Africa,Cameroon,Nord-Ouest,Violence against civilians,Abduction/forced disappearance,7,0,6458,Political violence,3749,6.4342,10.4682
2023-04-08,Middle Africa,Cameroon,Nord-Ouest,Violence against civilians,Abduction/forced disappearance,3,0,14394,Political violence,3749,6.4342,10.4682
2023-04-15,Middle Africa,Cameroon,Nord-Ouest,Violence against civilians,Abduction/forced disappearance,3,0,31071,Political violence,3749,6.4342,10.4682
2023-04-22,Middle Africa,Cameroon,Nord-Ouest,Violence against civilians,Abduction/forced disappearance,5,0,47651,Political violence,3749,6.4342,10.4682
2023-04-29,Middle Africa,Cameroon,Nord-Ouest,Violence against civilians,Abduction/forced disappearance,4,0,50667,Political violence,3749,6.4342,10.4682
2023-05-06,Middle Africa,Cameroon,Nord-Ouest,Violence against civilians,Abduction/forced disappearance,7,0,140732,Political violence,3749,6.4342,10.4682
2023-05-13,Middle Africa,Cameroon,Nord-Ouest,Violence against civilians,Abduction/forced disappearance,3,0,31267,Political violence,3749,6.4342,10.4682
2023-05-20,Middle Africa,Cameroon,Nord-Ouest,Violence against civilians,Abduction/forced disappearance,4,0,48632,Political violence,3749,6.4342,10.4682
2023-05-27,Middle Africa,Cameroon,Nord-Ouest,Violence against civilians,Abduction/forced disappearance,6,0,100277,Political violence,3749,6.4342,10.4682
2023-06-03,Middle Africa,Cameroon,Nord-Ouest,Violence against civilians,Abduction/forced disappearance,7,0,60928,Political violence,3749,6.4342,10.4682
2023-06-10,Middle Africa,Cameroon,Nord-Ouest,Violence against civilians,Abduction/forced disappearance,5,0,142527,Political violence,3749,6.4342,10.4682
2023-06-17,Middle Africa,Cameroon,Nord-Ouest,Violence against civilians,Abduction/forced disappearance,12,0,97202,Political violence,3749,6.4342,10.4682
2023-06-24,Middle Africa,Cameroon,Nord-Ouest,Violence against civilians,Abduction/forced disappearance,3,0,43397,Political violence,3749,6.4342,10.4682
2023-07-01,Middle Africa,Cameroon,Nord-Ouest,Violence against civilians,Abduction/forced disappearance,7,0,159186,Political violence,3749,6.4342,10.4682
2023-07-08,Middle Africa,Cameroon,Nord-Ouest,Violence against civilians,Abduction/forced disappearance,11,0,128729,Political violence,3749,6.4342,10.4682
2023-07-15,Middle Africa,Cameroon,Nord-Ouest,Violence against civilians,Abduction/forced disappearance,5,0,146018,Political violence,3749,6.4342,10.4682
2023-07-22,Middle Africa,Cameroon,Nord-Ouest,Violence against civilians,Abduction/forced disappearance,5,0,32198,Political violence,3749,6.4342,10.4682
2023-07-29,Middle Africa,Cameroon,Nord-Ouest,Violence against civilians,Abduction/forced disappearance,4,0,136033,Political violence,3749,6.4342,10.4682
2023-08-05,Middle Africa,Cameroon,Nord-Ouest,Violence against civilians,Abduction/forced disappearance,3,0,11540,Political violence,3749,6.4342,10.4682
2023-08-12,Middle Africa,Cameroon,Nord-Ouest,Violence against civilians,Abduction/forced disappearance,1,0,25582,Political violence,3749,6.4342,10.4682
2023-08-19,Middle Africa,Cameroon,Nord-Ouest,Violence against civilians,Abduction/forced disappearance,8,0,174220,Political violence,3749,6.4342,10.4682
2023-08-26,Middle Africa,Cameroon,Nord-Ouest,Violence against civilians,Abduction/forced disappearance,1,0,330,Political violence,3749,6.4342,10.4682
2023-09-02,Middle Africa,Cameroon,Nord-Ouest,Violence against civilians,Abduction/forced disappearance,7,0,69165,Political violence,3749,6.4342,10.4682
2023-09-09,Middle Africa,Cameroon,Nord-Ouest,Violence against civilians,Abduction/forced disappearance,11,0,93598,Political violence,3749,6.4342,10.4682
2023-09-16,Middle Africa,Cameroon,Nord-Ouest,Violence against civilians,Abduction/forced disappearance,9,0,46655,Political violence,3749,6.4342,10.4682
2023-09-23,Middle Africa,Cameroon,Nord-Ouest,Violence against civilians,Abduction/forced disappearance,2,0,14091,Political violence,3749,6.4342,10.4682
2023-09-30,Middle Africa,Cameroon,Nord-Ouest,Violence against civilians,Abduction/forced disappearance,6,0,39421,Political violence,3749,6.4342,10.4682
2023-10-07,Middle Africa,Cameroon,Nord-Ouest,Violence against civilians,Abduction/forced disappearance,4,0,59669,Political violence,3749,6.4342,10.4682
2023-10-14,Middle Africa,Cameroon,Nord-Ouest,Violence against civilians,Abduction/forced disappearance,5,0,137478,Political violence,3749,6.4342,10.4682
2023-10-21,Middle Africa,Cameroon,Nord-Ouest,Violence against civilians,Abduction/forced disappearance,2,0,8387,Political violence,3749,6.4342,10.4682
2023-10-28,Middle Africa,Cameroon,Nord-Ouest,Violence against civilians,Abduction/forced disappearance,3,0,10395,Political violence,3749,6.4342,10.4682
2023-11-04,Middle Africa,Cameroon,Nord-Ouest,Violence against civilians,Abduction/forced disappearance,7,0,68623,Political violence,3749,6.4342,10.4682
2023-11-11,Middle Africa,Cameroon,Nord-Ouest,Violence against civilians,Abduction/forced disappearance,6,0,45734,Political violence,3749,6.4342,10.4682
2023-11-18,Middle Africa,Cameroon,Nord-Ouest,Violence against civilians,Abduction/forced disappearance,5,0,134757,Political violence,3749,6.4342,10.4682
2023-11-25,Middle Africa,Cameroon,Nord-Ouest,Violence against civilians,Abduction/forced disappearance,5,0,111246,Political violence,3749,6.4342,10.4682
2023-12-02,Middle Africa,Cameroon,Nord-Ouest,Violence against civilians,Abduction/forced disappearance,9,0,105358,Political violence,3749,6.4342,10.4682
2023-12-09,Middle Africa,Cameroon,Nord-Ouest,Violence against civilians,Abduction/forced disappearance,5,0,51754,Political violence,3749,6.4342,10.4682
2023-12-16,Middle Africa,Cameroon,Nord-Ouest,Violence against civilians,Abduction/forced disappearance,9,0,36788,Political violence,3749,6.4342,10.4682
2023-12-23,Middle Africa,Cameroon,Nord-Ouest,Violence against civilians,Abduction/forced disappearance,4,0,32473,Political violence,3749,6.4342,10.4682
2023-12-30,Middle Africa,Cameroon,Nord-Ouest,Violence against civilians,Abduction/forced disappearance,3,0,26423,Political violence,3749,6.4342,10.4682
2024-01-06,Middle Africa,Cameroon,Nord-Ouest,Violence against civilians,Abduction/forced disappearance,3,0,28421,Political violence,3749,6.4342,10.4682
2024-01-13,Middle Africa,Cameroon,Nord-Ouest,Violence against civilians,Abduction/forced disappearance,7,0,53130,Political violence,3749,6.4342,10.4682
2024-02-03,Middle Africa,Cameroon,Nord-Ouest,Violence against civilians,Abduction/forced disappearance,7,0,52263,Political violence,3749,6.4342,10.4682
2024-02-10,Middle Africa,Cameroon,Nord-Ouest,Violence against civilians,Abduction/forced disappearance,8,0,56672,Political violence,3749,6.4342,10.4682
2024-02-17,Middle Africa,Cameroon,Nord-Ouest,Violence against civilians,Abduction/forced disappearance,8,0,128599,Political violence,3749,6.4342,10.4682
2024-02-24,Middle Africa,Cameroon,Nord-Ouest,Violence against civilians,Abduction/forced disappearance,4,0,21817,Political violence,3749,6.4342,10.4682
2024-03-09,Middle Africa,Cameroon,Nord-Ouest,Violence against civilians,Abduction/forced disappearance,4,0,34746,Political violence,3749,6.4342,10.4682
2024-03-16,Middle Africa,Cameroon,Nord-Ouest,Violence against civilians,Abduction/forced disappearance,7,0,111863,Political violence,3749,6.4342,10.4682
2024-03-23,Middle Africa,Cameroon,Nord-Ouest,Violence against civilians,Abduction/forced disappearance,4,0,13828,Political violence,3749,6.4342,10.4682
2024-03-30,Middle Africa,Cameroon,Nord-Ouest,Violence against civilians,Abduction/forced disappearance,7,0,41097,Political violence,3749,6.4342,10.4682
2024-04-06,Middle Africa,Cameroon,Nord-Ouest,Violence against civilians,Abduction/forced disappearance,5,0,105117,Political violence,3749,6.4342,10.4682
2024-04-13,Middle Africa,Cameroon,Nord-Ouest,Violence against civilians,Abduction/forced disappearance,8,0,119006,Political violence,3749,6.4342,10.4682
2024-04-20,Middle Africa,Cameroon,Nord-Ouest,Violence against civilians,Abduction/forced disappearance,10,0,95742,Political violence,3749,6.4342,10.4682
2024-04-27,Middle Africa,Cameroon,Nord-Ouest,Violence against civilians,Abduction/forced disappearance,6,0,136215,Political violence,3749,6.4342,10.4682
2024-05-04,Middle Africa,Cameroon,Nord-Ouest,Violence against civilians,Abduction/forced disappearance,6,0,76558,Political violence,3749,6.4342,10.4682
2024-05-11,Middle Africa,Cameroon,Nord-Ouest,Violence against civilians,Abduction/forced disappearance,9,0,67864,Political violence,3749,6.4342,10.4682
2024-05-18,Middle Africa,Cameroon,Nord-Ouest,Violence against civilians,Abduction/forced disappearance,12,0,107886,Political violence,3749,6.4342,10.4682
2024-05-25,Middle Africa,Cameroon,Nord-Ouest,Violence against civilians,Abduction/forced disappearance,12,0,116694,Political violence,3749,6.4342,10.4682
2024-06-01,Middle Africa,Cameroon,Nord-Ouest,Violence against civilians,Abduction/forced disappearance,2,0,35158,Political violence,3749,6.4342,10.4682
2024-06-15,Middle Africa,Cameroon,Nord-Ouest,Violence against civilians,Abduction/forced disappearance,8,0,141391,Political violence,3749,6.4342,10.4682
2024-06-22,Middle Africa,Cameroon,Nord-Ouest,Violence against civilians,Abduction/forced disappearance,6,0,132178,Political violence,3749,6.4342,10.4682
2024-06-29,Middle Africa,Cameroon,Nord-Ouest,Violence against civilians,Abduction/forced disappearance,10,0,86578,Political violence,3749,6.4342,10.4682
2024-07-06,Middle Africa,Cameroon,Nord-Ouest,Violence against civilians,Abduction/forced disappearance,7,0,75828,Political violence,3749,6.4342,10.4682
2024-07-13,Middle Africa,Cameroon,Nord-Ouest,Violence against civilians,Abduction/forced disappearance,15,0,199312,Political violence,3749,6.4342,10.4682
2024-07-20,Middle Africa,Cameroon,Nord-Ouest,Violence against civilians,Abduction/forced disappearance,9,0,69530,Political violence,3749,6.4342,10.4682
2024-07-27,Middle Africa,Cameroon,Nord-Ouest,Violence against civilians,Abduction/forced disappearance,8,0,83939,Political violence,3749,6.4342,10.4682
2024-08-03,Middle Africa,Cameroon,Nord-Ouest,Violence against civilians,Abduction/forced disappearance,6,0,145112,Political violence,3749,6.4342,10.4682
2024-08-10,Middle Africa,Cameroon,Nord-Ouest,Violence against civilians,Abduction/forced disappearance,7,0,152381,Political violence,3749,6.4342,10.4682
2024-08-17,Middle Africa,Cameroon,Nord-Ouest,Violence against civilians,Abduction/forced disappearance,1,0,2544,Political violence,3749,6.4342,10.4682
2024-08-24,Middle Africa,Cameroon,Nord-Ouest,Violence against civilians,Abduction/forced disappearance,15,0,162855,Political violence,3749,6.4342,10.4682
2024-08-31,Middle Africa,Cameroon,Nord-Ouest,Violence against civilians,Abduction/forced disappearance,7,0,70665,Political violence,3749,6.4342,10.4682
2024-09-14,Middle Africa,Cameroon,Nord-Ouest,Violence against civilians,Abduction/forced disappearance,4,0,38105,Political violence,3749,6.4342,10.4682
2024-09-21,Middle Africa,Cameroon,Nord-Ouest,Violence against civilians,Abduction/forced disappearance,12,0,132905,Political violence,3749,6.4342,10.4682
2024-09-28,Middle Africa,Cameroon,Nord-Ouest,Violence against civilians,Abduction/forced disappearance,9,0,56595,Political violence,3749,6.4342,10.4682
2024-10-05,Middle Africa,Cameroon,Nord-Ouest,Violence against civilians,Abduction/forced disappearance,13,0,125019,Political violence,3749,6.4342,10.4682
2024-10-12,Middle Africa,Cameroon,Nord-Ouest,Violence against civilians,Abduction/forced disappearance,18,0,189619,Political violence,3749,6.4342,10.4682
2024-10-19,Middle Africa,Cameroon,Nord-Ouest,Violence against civilians,Abduction/forced disappearance,18,0,151257,Political violence,3749,6.4342,10.4682
2024-10-26,Middle Africa,Cameroon,Nord-Ouest,Violence against civilians,Abduction/forced disappearance,12,0,119002,Political violence,3749,6.4342,10.4682
2024-11-02,Middle Africa,Cameroon,Nord-Ouest,Violence against civilians,Abduction/forced disappearance,13,0,87278,Political violence,3749,6.4342,10.4682
2024-11-09,Middle Africa,Cameroon,Nord-Ouest,Violence against civilians,Abduction/forced disappearance,15,0,70480,Political violence,3749,6.4342,10.4682
2024-11-16,Middle Africa,Cameroon,Nord-Ouest,Violence against civilians,Abduction/forced disappearance,6,0,46860,Political violence,3749,6.4342,10.4682
2024-11-23,Middle Africa,Cameroon,Nord-Ouest,Violence against civilians,Abduction/forced disappearance,10,0,131445,Political violence,3749,6.4342,10.4682
2024-11-30,Middle Africa,Cameroon,Nord-Ouest,Violence against civilians,Abduction/forced disappearance,9,0,78487,Political violence,3749,6.4342,10.4682
2024-12-07,Middle Africa,Cameroon,Nord-Ouest,Violence against civilians,Abduction/forced disappearance,7,0,81702,Political violence,3749,6.4342,10.4682
2024-12-14,Middle Africa,Cameroon,Nord-Ouest,Violence against civilians,Abduction/forced disappearance,6,0,154197,Political violence,3749,6.4342,10.4682
2024-12-21,Middle Africa,Cameroon,Nord-Ouest,Violence against civilians,Abduction/forced disappearance,5,0,47324,Political violence,3749,6.4342,10.4682
2024-12-28,Middle Africa,Cameroon,Nord-Ouest,Violence against civilians,Abduction/forced disappearance,11,0,83015,Political violence,3749,6.4342,10.4682
2025-01-04,Middle Africa,Cameroon,Nord-Ouest,Violence against civilians,Abduction/forced disappearance,16,0,113827,Political violence,3749,6.4342,10.4682
2025-01-11,Middle Africa,Cameroon,Nord-Ouest,Violence against civilians,Abduction/forced disappearance,15,0,216698,Political violence,3749,6.4342,10.4682
2025-01-18,Middle Africa,Cameroon,Nord-Ouest,Violence against civilians,Abduction/forced disappearance,11,0,96853,Political violence,3749,6.4342,10.4682
2025-01-25,Middle Africa,Cameroon,Nord-Ouest,Violence against civilians,Abduction/forced disappearance,9,0,75988,Political violence,3749,6.4342,10.4682
2025-02-01,Middle Africa,Cameroon,Nord-Ouest,Violence against civilians,Abduction/forced disappearance,6,0,59483,Political violence,3749,6.4342,10.4682
2025-02-08,Middle Africa,Cameroon,Nord-Ouest,Violence against civilians,Abduction/forced disappearance,3,0,54251,Political violence,3749,6.4342,10.4682
2025-02-15,Middle Africa,Cameroon,Nord-Ouest,Violence against civilians,Abduction/forced disappearance,7,0,169846,Political violence,3749,6.4342,10.4682
2025-02-22,Middle Africa,Cameroon,Nord-Ouest,Violence against civilians,Abduction/forced disappearance,6,0,24203,Political violence,3749,6.4342,10.4682
2025-03-01,Middle Africa,Cameroon,Nord-Ouest,Violence against civilians,Abduction/forced disappearance,8,0,75473,Political violence,3749,6.4342,10.4682
2025-03-08,Middle Africa,Cameroon,Nord-Ouest,Violence against civilians,Abduction/forced disappearance,7,0,170561,Political violence,3749,6.4342,10.4682
2025-03-15,Middle Africa,Cameroon,Nord-Ouest,Violence against civilians,Abduction/forced disappearance,7,0,50282,Political violence,3749,6.4342,10.4682
2025-03-22,Middle Africa,Cameroon,Nord-Ouest,Violence against civilians,Abduction/forced disappearance,10,0,103727,Political violence,3749,6.4342,10.4682
2025-03-29,Middle Africa,Cameroon,Nord-Ouest,Violence against civilians,Abduction/forced disappearance,16,0,95467,Political violence,3749,6.4342,10.4682
2025-04-05,Middle Africa,Cameroon,Nord-Ouest,Violence against civilians,Abduction/forced disappearance,11,0,104542,Political violence,3749,6.4342,10.4682
2025-04-12,Middle Africa,Cameroon,Nord-Ouest,Violence against civilians,Abduction/forced disappearance,11,0,49049,Political violence,3749,6.4342,10.4682
2025-04-19,Middle Africa,Cameroon,Nord-Ouest,Violence against civilians,Abduction/forced disappearance,15,0,123753,Political violence,3749,6.4342,10.4682
2025-04-26,Middle Africa,Cameroon,Nord-Ouest,Violence against civilians,Abduction/forced disappearance,6,0,160893,Political violence,3749,6.4342,10.4682
2025-05-03,Middle Africa,Cameroon,Nord-Ouest,Violence against civilians,Abduction/forced disappearance,10,0,67639,Political violence,3749,6.4342,10.4682
2025-05-10,Middle Africa,Cameroon,Nord-Ouest,Violence against civilians,Abduction/forced disappearance,11,0,98227,Political violence,3749,6.4342,10.4682
2025-05-17,Middle Africa,Cameroon,Nord-Ouest,Violence against civilians,Abduction/forced disappearance,19,0,111933,Political violence,3749,6.4342,10.4682
2025-05-24,Middle Africa,Cameroon,Nord-Ouest,Violence against civilians,Abduction/forced disappearance,15,0,95210,Political violence,3749,6.4342,10.4682
2025-05-31,Middle Africa,Cameroon,Nord-Ouest,Violence against civilians,Abduction/forced disappearance,13,0,69991,Political violence,3749,6.4342,10.4682
2025-06-07,Middle Africa,Cameroon,Nord-Ouest,Violence against civilians,Abduction/forced disappearance,13,0,100557,Political violence,3749,6.4342,10.4682
2025-06-14,Middle Africa,Cameroon,Nord-Ouest,Violence against civilians,Abduction/forced disappearance,18,0,104115,Political violence,3749,6.4342,10.4682
2025-06-21,Middle Africa,Cameroon,Nord-Ouest,Violence against civilians,Abduction/forced disappearance,10,0,64206,Political violence,3749,6.4342,10.4682
2025-06-28,Middle Africa,Cameroon,Nord-Ouest,Violence against civilians,Abduction/forced disappearance,6,0,66061,Political violence,3749,6.4342,10.4682
2025-07-05,Middle Africa,Cameroon,Nord-Ouest,Violence against civilians,Abduction/forced disappearance,16,0,202136,Political violence,3749,6.4342,10.4682
2025-07-12,Middle Africa,Cameroon,Nord-Ouest,Violence against civilians,Abduction/forced disappearance,10,0,52780,Political violence,3749,6.4342,10.4682
2025-07-19,Middle Africa,Cameroon,Nord-Ouest,Violence against civilians,Abduction/forced disappearance,15,0,71935,Political violence,3749,6.4342,10.4682
2025-07-26,Middle Africa,Cameroon,Nord-Ouest,Violence against civilians,Abduction/forced disappearance,16,0,76442,Political violence,3749,6.4342,10.4682
2025-08-02,Middle Africa,Cameroon,Nord-Ouest,Violence against civilians,Abduction/forced disappearance,17,0,92958,Political violence,3749,6.4342,10.4682
2025-08-09,Middle Africa,Cameroon,Nord-Ouest,Violence against civilians,Abduction/forced disappearance,14,0,177451,Political violence,3749,6.4342,10.4682
2025-08-16,Middle Africa,Cameroon,Nord-Ouest,Violence against civilians,Abduction/forced disappearance,22,0,143233,Political violence,3749,6.4342,10.4682
2025-08-23,Middle Africa,Cameroon,Nord-Ouest,Violence against civilians,Abduction/forced disappearance,9,0,78210,Political violence,3749,6.4342,10.4682
2025-08-30,Middle Africa,Cameroon,Nord-Ouest,Violence against civilians,Abduction/forced disappearance,23,0,213526,Political violence,3749,6.4342,10.4682
2025-09-06,Middle Africa,Cameroon,Nord-Ouest,Violence against civilians,Abduction/forced disappearance,14,0,85782,Political violence,3749,6.4342,10.4682
2025-09-13,Middle Africa,Cameroon,Nord-Ouest,Violence against civilians,Abduction/forced disappearance,19,0,110292,Political violence,3749,6.4342,10.4682
2025-09-20,Middle Africa,Cameroon,Nord-Ouest,Violence against civilians,Abduction/forced disappearance,20,0,139144,Political violence,3749,6.4342,10.4682
2025-09-27,Middle Africa,Cameroon,Nord-Ouest,Violence against civilians,Abduction/forced disappearance,8,0,12309,Political violence,3749,6.4342,10.4682
2025-10-04,Middle Africa,Cameroon,Nord-Ouest,Violence against civilians,Abduction/forced disappearance,13,0,83458,Political violence,3749,6.4342,10.4682
2025-10-11,Middle Africa,Cameroon,Nord-Ouest,Violence against civilians,Abduction/forced disappearance,20,0,142524,Political violence,3749,6.4342,10.4682
2025-10-18,Middle Africa,Cameroon,Nord-Ouest,Violence against civilians,Abduction/forced disappearance,25,0,125502,Political violence,3749,6.4342,10.4682
2025-10-25,Middle Africa,Cameroon,Nord-Ouest,Violence against civilians,Abduction/forced disappearance,23,0,132053,Political violence,3749,6.4342,10.4682
2025-11-01,Middle Africa,Cameroon,Nord-Ouest,Violence against civilians,Abduction/forced disappearance,26,0,267345,Political violence,3749,6.4342,10.4682
2025-11-08,Middle Africa,Cameroon,Nord-Ouest,Violence against civilians,Abduction/forced disappearance,23,0,109009,Political violence,3749,6.4342,10.4682
2025-11-15,Middle Africa,Cameroon,Nord-Ouest,Violence against civilians,Abduction/forced disappearance,29,0,253240,Political violence,3749,6.4342,10.4682
2025-11-22,Middle Africa,Cameroon,Nord-Ouest,Violence against civilians,Abduction/forced disappearance,15,0,111882,Political violence,3749,6.4342,10.4682
2025-11-29,Middle Africa,Cameroon,Nord-Ouest,Violence against civilians,Abduction/forced disappearance,15,0,241449,Political violence,3749,6.4342,10.4682
2025-12-06,Middle Africa,Cameroon,Nord-Ouest,Violence against civilians,Abduction/forced disappearance,20,0,102740,Political violence,3749,6.4342,10.4682
2025-12-13,Middle Africa,Cameroon,Nord-Ouest,Violence against civilians,Abduction/forced disappearance,22,0,106051,Political violence,3749,6.4342,10.4682
2025-12-20,Middle Africa,Cameroon,Nord-Ouest,Violence against civilians,Abduction/forced disappearance,18,0,115431,Political violence,3749,6.4342,10.4682
2025-12-27,Middle Africa,Cameroon,Nord-Ouest,Violence against civilians,Abduction/forced disappearance,17,0,69613,Political violence,3749,6.4342,10.4682
2026-01-03,Middle Africa,Cameroon,Nord-Ouest,Violence against civilians,Abduction/forced disappearance,18,0,57544,Political violence,3749,6.4342,10.4682
2026-01-10,Middle Africa,Cameroon,Nord-Ouest,Violence against civilians,Abduction/forced disappearance,16,0,70180,Political violence,3749,6.4342,10.4682
2026-01-17,Middle Africa,Cameroon,Nord-Ouest,Violence against civilians,Abduction/forced disappearance,21,0,108985,Political violence,3749,6.4342,10.4682
2026-01-24,Middle Africa,Cameroon,Nord-Ouest,Violence against civilians,Abduction/forced disappearance,17,0,85161,Political violence,3749,6.4342,10.4682
2026-01-31,Middle Africa,Cameroon,Nord-Ouest,Violence against civilians,Abduction/forced disappearance,18,0,90002,Political violence,3749,6.4342,10.4682
2026-02-07,Middle Africa,Cameroon,Nord-Ouest,Violence against civilians,Abduction/forced disappearance,27,0,121535,Political violence,3749,6.4342,10.4682
2026-02-14,Middle Africa,Cameroon,Nord-Ouest,Violence against civilians,Abduction/forced disappearance,27,0,152236,Political violence,3749,6.4342,10.4682
2026-02-21,Middle Africa,Cameroon,Nord-Ouest,Violence against civilians,Abduction/forced disappearance,15,0,56244,Political violence,3749,6.4342,10.4682
2026-02-28,Middle Africa,Cameroon,Nord-Ouest,Violence against civilians,Abduction/forced disappearance,22,0,112466,Political violence,3749,6.4342,10.4682
2026-03-07,Middle Africa,Cameroon,Nord-Ouest,Violence against civilians,Abduction/forced disappearance,19,0,100454,Political violence,3749,6.4342,10.4682
2026-03-14,Middle Africa,Cameroon,Nord-Ouest,Violence against civilians,Abduction/forced disappearance,21,0,70652,Political violence,3749,6.4342,10.4682
2026-03-21,Middle Africa,Cameroon,Nord-Ouest,Violence against civilians,Abduction/forced disappearance,10,0,50870,Political violence,3749,6.4342,10.4682
2026-03-28,Middle Africa,Cameroon,Nord-Ouest,Violence against civilians,Abduction/forced disappearance,23,0,120841,Political violence,3749,6.4342,10.4682
2026-04-04,Middle Africa,Cameroon,Nord-Ouest,Violence against civilians,Abduction/forced disappearance,21,0,98858,Political violence,3749,6.4342,10.4682
2026-04-11,Middle Africa,Cameroon,Nord-Ouest,Violence against civilians,Abduction/forced disappearance,16,0,88975,Political violence,3749,6.4342,10.4682
2026-04-18,Middle Africa,Cameroon,Nord-Ouest,Violence against civilians,Abduction/forced disappearance,24,0,106194,Political violence,3749,6.4342,10.4682
2026-04-25,Middle Africa,Cameroon,Nord-Ouest,Violence against civilians,Abduction/forced disappearance,16,0,58539,Political violence,3749,6.4342,10.4682
2026-05-02,Middle Africa,Cameroon,Nord-Ouest,Violence against civilians,Abduction/forced disappearance,33,0,200157,Political violence,3749,6.4342,10.4682
2026-05-09,Middle Africa,Cameroon,Nord-Ouest,Violence against civilians,Abduction/forced disappearance,23,0,82024,Political violence,3749,6.4342,10.4682
2026-05-16,Middle Africa,Cameroon,Nord-Ouest,Violence against civilians,Abduction/forced disappearance,19,0,92300,Political violence,3749,6.4342,10.4682
2026-05-23,Middle Africa,Cameroon,Nord-Ouest,Violence against civilians,Abduction/forced disappearance,30,0,105032,Political violence,3749,6.4342,10.4682
2026-05-30,Middle Africa,Cameroon,Nord-Ouest,Violence against civilians,Abduction/forced disappearance,19,0,83205,Political violence,3749,6.4342,10.4682
2026-06-06,Middle Africa,Cameroon,Nord-Ouest,Violence against civilians,Abduction/forced disappearance,23,0,130611,Political violence,3749,6.4342,10.4682
2026-06-13,Middle Africa,Cameroon,Nord-Ouest,Violence against civilians,Abduction/forced disappearance,19,0,67515,Political violence,3749,6.4342,10.4682
2026-06-20,Middle Africa,Cameroon,Nord-Ouest,Violence against civilians,Abduction/forced disappearance,19,0,82951,Political violence,3749,6.4342,10.4682
2026-06-27,Middle Africa,Cameroon,Nord-Ouest,Violence against civilians,Abduction/forced disappearance,32,0,160699,Political violence,3749,6.4342,10.4682
2026-07-04,Middle Africa,Cameroon,Nord-Ouest,Violence against civilians,Abduction/forced disappearance,20,0,88453,Political violence,3749,6.4342,10.4682
2026-07-11,Middle Africa,Cameroon,Nord-Ouest,Violence against civilians,Abduction/forced disappearance,17,0,68178,Political violence,3749,6.4342,10.4682
2026-07-18,Middle Africa,Cameroon,Nord-Ouest,Violence against civilians,Abduction/forced disappearance,24,0,201611,Political violence,3749,6.4342,10.4682
2026-07-25,Middle Africa,Cameroon,Nord-Ouest,Violence against civilians,Abduction/forced disappearance,30,0,176391,Political violence,3749,6.4342,10.4682
2026-08-01,Middle Africa,Cameroon,Nord-Ouest,Violence against civilians,Abduction/forced disappearance,19,0,88641,Political violence,3749,6.4342,10.4682
2026-08-08,Middle Africa,Cameroon,Nord-Ouest,Violence against civilians,Abduction/forced disappearance,32,0,53042,Political violence,3749,6.4342,10.4682
2026-08-15,Middle Africa,Cameroon,Nord-Ouest,Violence against civilians,Abduction/forced disappearance,28,0,47697,Political violence,3749,6.4342,10.4682
2026-08-22,Middle Africa,Cameroon,Nord-Ouest,Violence against civilians,Abduction/forced disappearance,17,0,42580,Political violence,3749,6.4342,10.4682
2026-08-29,Middle Africa,Cameroon,Nord-Ouest,Violence against civilians,Abduction/forced disappearance,3,0,,Political violence,3749,6.4342,10.4682
2020-01-04,Middle Africa,Cameroon,Nord-Ouest,Violence against civilians,Attack,2,1,7630,Political violence,3749,6.4342,10.4682
2020-01-11,Middle Africa,Cameroon,Nord-Ouest,Violence against civilians,Attack,7,18,272024,Political violence,3749,6.4342,10.4682
2020-01-18,Middle Africa,Cameroon,Nord-Ouest,Violence against civilians,Attack,8,15,147368,Political violence,3749,6.4342,10.4682
2020-01-25,Middle Africa,Cameroon,Nord-Ouest,Violence against civilians,Attack,5,5,65203,Political violence,3749,6.4342,10.4682
2020-02-01,Middle Africa,Cameroon,Nord-Ouest,Violence against civilians,Attack,4,3,39320,Political violence,3749,6.4342,10.4682
2020-02-08,Middle Africa,Cameroon,Nord-Ouest,Violence against civilians,Attack,5,24,100253,Political violence,3749,6.4342,10.4682
2020-02-15,Middle Africa,Cameroon,Nord-Ouest,Violence against civilians,Attack,5,4,262588,Political violence,3749,6.4342,10.4682
2020-02-22,Middle Africa,Cameroon,Nord-Ouest,Violence against civilians,Attack,6,22,123023,Political violence,3749,6.4342,10.4682
2020-02-29,Middle Africa,Cameroon,Nord-Ouest,Violence against civilians,Attack,4,19,264584,Political violence,3749,6.4342,10.4682
2020-03-07,Middle Africa,Cameroon,Nord-Ouest,Violence against civilians,Attack,1,8,13885,Political violence,3749,6.4342,10.4682
2020-03-14,Middle Africa,Cameroon,Nord-Ouest,Violence against civilians,Attack,2,5,63463,Political violence,3749,6.4342,10.4682
2020-03-21,Middle Africa,Cameroon,Nord-Ouest,Violence against civilians,Attack,3,0,43908,Political violence,3749,6.4342,10.4682
2020-03-28,Middle Africa,Cameroon,Nord-Ouest,Violence against civilians,Attack,3,1,136297,Political violence,3749,6.4342,10.4682
2020-04-04,Middle Africa,Cameroon,Nord-Ouest,Violence against civilians,Attack,3,6,247915,Political violence,3749,6.4342,10.4682
2020-04-11,Middle Africa,Cameroon,Nord-Ouest,Violence against civilians,Attack,7,9,305730,Political violence,3749,6.4342,10.4682
2020-04-18,Middle Africa,Cameroon,Nord-Ouest,Violence against civilians,Attack,3,9,92324,Political violence,3749,6.4342,10.4682
2020-04-25,Middle Africa,Cameroon,Nord-Ouest,Violence against civilians,Attack,4,9,264837,Political violence,3749,6.4342,10.4682
2020-05-09,Middle Africa,Cameroon,Nord-Ouest,Violence against civilians,Attack,2,2,45979,Political violence,3749,6.4342,10.4682
2020-05-16,Middle Africa,Cameroon,Nord-Ouest,Violence against civilians,Attack,4,3,230483,Political violence,3749,6.4342,10.4682
2020-05-23,Middle Africa,Cameroon,Nord-Ouest,Violence against civilians,Attack,1,0,99313,Political violence,3749,6.4342,10.4682
2020-05-30,Middle Africa,Cameroon,Nord-Ouest,Violence against civilians,Attack,3,0,115346,Political violence,3749,6.4342,10.4682
2020-06-06,Middle Africa,Cameroon,Nord-Ouest,Violence against civilians,Attack,1,1,218822,Political violence,3749,6.4342,10.4682
2020-06-13,Middle Africa,Cameroon,Nord-Ouest,Violence against civilians,Attack,2,3,46331,Political violence,3749,6.4342,10.4682
2020-06-27,Middle Africa,Cameroon,Nord-Ouest,Violence against civilians,Attack,2,2,222746,Political violence,3749,6.4342,10.4682
2020-07-04,Middle Africa,Cameroon,Nord-Ouest,Violence against civilians,Attack,5,4,216220,Political violence,3749,6.4342,10.4682
2020-07-11,Middle Africa,Cameroon,Nord-Ouest,Violence against civilians,Attack,7,6,42765,Political violence,3749,6.4342,10.4682
2020-07-18,Middle Africa,Cameroon,Nord-Ouest,Violence against civilians,Attack,3,9,277135,Political violence,3749,6.4342,10.4682
2020-07-25,Middle Africa,Cameroon,Nord-Ouest,Violence against civilians,Attack,2,2,40175,Political violence,3749,6.4342,10.4682
2020-08-01,Middle Africa,Cameroon,Nord-Ouest,Violence against civilians,Attack,3,3,241591,Political violence,3749,6.4342,10.4682
2020-08-08,Middle Africa,Cameroon,Nord-Ouest,Violence against civilians,Attack,3,2,168701,Political violence,3749,6.4342,10.4682
2020-08-15,Middle Africa,Cameroon,Nord-Ouest,Violence against civilians,Attack,3,1,255597,Political violence,3749,6.4342,10.4682
2020-08-22,Middle Africa,Cameroon,Nord-Ouest,Violence against civilians,Attack,4,3,169471,Political violence,3749,6.4342,10.4682
2020-08-29,Middle Africa,Cameroon,Nord-Ouest,Violence against civilians,Attack,4,3,103650,Political violence,3749,6.4342,10.4682
2020-09-05,Middle Africa,Cameroon,Nord-Ouest,Violence against civilians,Attack,1,3,218822,Political violence,3749,6.4342,10.4682
2020-09-12,Middle Africa,Cameroon,Nord-Ouest,Violence against civilians,Attack,4,4,23037,Political violence,3749,6.4342,10.4682
2020-09-19,Middle Africa,Cameroon,Nord-Ouest,Violence against civilians,Attack,3,5,56018,Political violence,3749,6.4342,10.4682
2020-09-26,Middle Africa,Cameroon,Nord-Ouest,Violence against civilians,Attack,3,6,276549,Political violence,3749,6.4342,10.4682
2020-10-03,Middle Africa,Cameroon,Nord-Ouest,Violence against civilians,Attack,3,3,120574,Political violence,3749,6.4342,10.4682
2020-10-10,Middle Africa,Cameroon,Nord-Ouest,Violence against civilians,Attack,2,1,230989,Political violence,3749,6.4342,10.4682
2020-10-17,Middle Africa,Cameroon,Nord-Ouest,Violence against civilians,Attack,5,8,290237,Political violence,3749,6.4342,10.4682
2020-10-24,Middle Africa,Cameroon,Nord-Ouest,Violence against civilians,Attack,5,6,237660,Political violence,3749,6.4342,10.4682
2020-10-31,Middle Africa,Cameroon,Nord-Ouest,Violence against civilians,Attack,3,3,139486,Political violence,3749,6.4342,10.4682
2020-11-07,Middle Africa,Cameroon,Nord-Ouest,Violence against civilians,Attack,5,6,100489,Political violence,3749,6.4342,10.4682
2020-11-14,Middle Africa,Cameroon,Nord-Ouest,Violence against civilians,Attack,1,1,36984,Political violence,3749,6.4342,10.4682
2020-11-21,Middle Africa,Cameroon,Nord-Ouest,Violence against civilians,Attack,1,1,218252,Political violence,3749,6.4342,10.4682
2020-11-28,Middle Africa,Cameroon,Nord-Ouest,Violence against civilians,Attack,3,3,222589,Political violence,3749,6.4342,10.4682
2020-12-05,Middle Africa,Cameroon,Nord-Ouest,Violence against civilians,Attack,6,2,260394,Political violence,3749,6.4342,10.4682
2020-12-12,Middle Africa,Cameroon,Nord-Ouest,Violence against civilians,Attack,3,2,21949,Political violence,3749,6.4342,10.4682
2020-12-19,Middle Africa,Cameroon,Nord-Ouest,Violence against civilians,Attack,10,8,397555,Political violence,3749,6.4342,10.4682
2020-12-26,Middle Africa,Cameroon,Nord-Ouest,Violence against civilians,Attack,6,11,146201,Political violence,3749,6.4342,10.4682
2021-01-02,Middle Africa,Cameroon,Nord-Ouest,Violence against civilians,Attack,2,1,35892,Political violence,3749,6.4342,10.4682
2021-01-09,Middle Africa,Cameroon,Nord-Ouest,Violence against civilians,Attack,3,2,264907,Political violence,3749,6.4342,10.4682
2021-01-16,Middle Africa,Cameroon,Nord-Ouest,Violence against civilians,Attack,3,1,217976,Political violence,3749,6.4342,10.4682
2021-01-23,Middle Africa,Cameroon,Nord-Ouest,Violence against civilians,Attack,7,8,280772,Political violence,3749,6.4342,10.4682
2021-01-30,Middle Africa,Cameroon,Nord-Ouest,Violence against civilians,Attack,3,3,55545,Political violence,3749,6.4342,10.4682
2021-02-06,Middle Africa,Cameroon,Nord-Ouest,Violence against civilians,Attack,6,5,107565,Political violence,3749,6.4342,10.4682
2021-02-13,Middle Africa,Cameroon,Nord-Ouest,Violence against civilians,Attack,2,4,30415,Political violence,3749,6.4342,10.4682
2021-02-20,Middle Africa,Cameroon,Nord-Ouest,Violence against civilians,Attack,4,9,61031,Political violence,3749,6.4342,10.4682
2021-02-27,Middle Africa,Cameroon,Nord-Ouest,Violence against civilians,Attack,6,7,65961,Political violence,3749,6.4342,10.4682
2021-03-06,Middle Africa,Cameroon,Nord-Ouest,Violence against civilians,Attack,7,4,127638,Political violence,3749,6.4342,10.4682
2021-03-20,Middle Africa,Cameroon,Nord-Ouest,Violence against civilians,Attack,2,1,26167,Political violence,3749,6.4342,10.4682
2021-04-03,Middle Africa,Cameroon,Nord-Ouest,Violence against civilians,Attack,2,3,21814,Political violence,3749,6.4342,10.4682
2021-04-17,Middle Africa,Cameroon,Nord-Ouest,Violence against civilians,Attack,3,5,217852,Political violence,3749,6.4342,10.4682
2021-04-24,Middle Africa,Cameroon,Nord-Ouest,Violence against civilians,Attack,3,2,226905,Political violence,3749,6.4342,10.4682
2021-05-01,Middle Africa,Cameroon,Nord-Ouest,Violence against civilians,Attack,3,2,49992,Political violence,3749,6.4342,10.4682
2021-05-08,Middle Africa,Cameroon,Nord-Ouest,Violence against civilians,Attack,1,0,10514,Political violence,3749,6.4342,10.4682
2021-05-15,Middle Africa,Cameroon,Nord-Ouest,Violence against civilians,Attack,6,7,70936,Political violence,3749,6.4342,10.4682
2021-05-22,Middle Africa,Cameroon,Nord-Ouest,Violence against civilians,Attack,7,9,303785,Political violence,3749,6.4342,10.4682
2021-05-29,Middle Africa,Cameroon,Nord-Ouest,Violence against civilians,Attack,9,22,334522,Political violence,3749,6.4342,10.4682
2021-06-05,Middle Africa,Cameroon,Nord-Ouest,Violence against civilians,Attack,5,18,145312,Political violence,3749,6.4342,10.4682
2021-06-12,Middle Africa,Cameroon,Nord-Ouest,Violence against civilians,Attack,3,3,84437,Political violence,3749,6.4342,10.4682
2021-06-19,Middle Africa,Cameroon,Nord-Ouest,Violence against civilians,Attack,3,1,134552,Political violence,3749,6.4342,10.4682
2021-06-26,Middle Africa,Cameroon,Nord-Ouest,Violence against civilians,Attack,1,0,299,Political violence,3749,6.4342,10.4682
2021-07-03,Middle Africa,Cameroon,Nord-Ouest,Violence against civilians,Attack,3,3,247777,Political violence,3749,6.4342,10.4682
2021-07-17,Middle Africa,Cameroon,Nord-Ouest,Violence against civilians,Attack,4,5,77429,Political violence,3749,6.4342,10.4682
2021-07-24,Middle Africa,Cameroon,Nord-Ouest,Violence against civilians,Attack,1,1,34046,Political violence,3749,6.4342,10.4682
2021-07-31,Middle Africa,Cameroon,Nord-Ouest,Violence against civilians,Attack,6,17,264374,Political violence,3749,6.4342,10.4682
2021-08-07,Middle Africa,Cameroon,Nord-Ouest,Violence against civilians,Attack,6,7,291665,Political violence,3749,6.4342,10.4682
2021-08-14,Middle Africa,Cameroon,Nord-Ouest,Violence against civilians,Attack,5,3,69589,Political violence,3749,6.4342,10.4682
2021-08-21,Middle Africa,Cameroon,Nord-Ouest,Violence against civilians,Attack,2,2,222678,Political violence,3749,6.4342,10.4682
2021-08-28,Middle Africa,Cameroon,Nord-Ouest,Violence against civilians,Attack,1,1,208239,Political violence,3749,6.4342,10.4682
2021-09-04,Middle Africa,Cameroon,Nord-Ouest,Violence against civilians,Attack,3,4,4431,Political violence,3749,6.4342,10.4682
2021-09-11,Middle Africa,Cameroon,Nord-Ouest,Violence against civilians,Attack,6,7,268910,Political violence,3749,6.4342,10.4682
2021-09-18,Middle Africa,Cameroon,Nord-Ouest,Violence against civilians,Attack,3,2,38910,Political violence,3749,6.4342,10.4682
2021-09-25,Middle Africa,Cameroon,Nord-Ouest,Violence against civilians,Attack,2,4,208239,Political violence,3749,6.4342,10.4682
2021-10-02,Middle Africa,Cameroon,Nord-Ouest,Violence against civilians,Attack,5,3,259630,Political violence,3749,6.4342,10.4682
2021-10-16,Middle Africa,Cameroon,Nord-Ouest,Violence against civilians,Attack,5,11,122002,Political violence,3749,6.4342,10.4682
2021-10-23,Middle Africa,Cameroon,Nord-Ouest,Violence against civilians,Attack,3,3,78616,Political violence,3749,6.4342,10.4682
2021-10-30,Middle Africa,Cameroon,Nord-Ouest,Violence against civilians,Attack,5,7,286330,Political violence,3749,6.4342,10.4682
2021-11-06,Middle Africa,Cameroon,Nord-Ouest,Violence against civilians,Attack,1,1,208239,Political violence,3749,6.4342,10.4682
2021-11-13,Middle Africa,Cameroon,Nord-Ouest,Violence against civilians,Attack,2,1,31513,Political violence,3749,6.4342,10.4682
2021-11-20,Middle Africa,Cameroon,Nord-Ouest,Violence against civilians,Attack,1,1,26454,Political violence,3749,6.4342,10.4682
2021-12-04,Middle Africa,Cameroon,Nord-Ouest,Violence against civilians,Attack,6,11,294942,Political violence,3749,6.4342,10.4682
2021-12-18,Middle Africa,Cameroon,Nord-Ouest,Violence against civilians,Attack,3,5,227070,Political violence,3749,6.4342,10.4682
2021-12-25,Middle Africa,Cameroon,Nord-Ouest,Violence against civilians,Attack,2,3,17912,Political violence,3749,6.4342,10.4682
2022-01-01,Middle Africa,Cameroon,Nord-Ouest,Violence against civilians,Attack,1,0,4784,Political violence,3749,6.4342,10.4682
2022-01-08,Middle Africa,Cameroon,Nord-Ouest,Violence against civilians,Attack,6,6,256010,Political violence,3749,6.4342,10.4682
2022-01-15,Middle Africa,Cameroon,Nord-Ouest,Violence against civilians,Attack,1,0,2547,Political violence,3749,6.4342,10.4682
2022-01-22,Middle Africa,Cameroon,Nord-Ouest,Violence against civilians,Attack,3,10,227932,Political violence,3749,6.4342,10.4682
2022-01-29,Middle Africa,Cameroon,Nord-Ouest,Violence against civilians,Attack,3,4,51858,Political violence,3749,6.4342,10.4682
2022-02-05,Middle Africa,Cameroon,Nord-Ouest,Violence against civilians,Attack,2,2,45938,Political violence,3749,6.4342,10.4682
2022-02-19,Middle Africa,Cameroon,Nord-Ouest,Violence against civilians,Attack,2,1,177484,Political violence,3749,6.4342,10.4682
2022-02-26,Middle Africa,Cameroon,Nord-Ouest,Violence against civilians,Attack,1,1,42458,Political violence,3749,6.4342,10.4682
2022-03-05,Middle Africa,Cameroon,Nord-Ouest,Violence against civilians,Attack,5,11,101335,Political violence,3749,6.4342,10.4682
2022-03-12,Middle Africa,Cameroon,Nord-Ouest,Violence against civilians,Attack,3,2,101287,Political violence,3749,6.4342,10.4682
2022-03-19,Middle Africa,Cameroon,Nord-Ouest,Violence against civilians,Attack,2,4,177484,Political violence,3749,6.4342,10.4682
2022-03-26,Middle Africa,Cameroon,Nord-Ouest,Violence against civilians,Attack,2,3,139778,Political violence,3749,6.4342,10.4682
2022-04-02,Middle Africa,Cameroon,Nord-Ouest,Violence against civilians,Attack,6,4,240255,Political violence,3749,6.4342,10.4682
2022-04-09,Middle Africa,Cameroon,Nord-Ouest,Violence against civilians,Attack,5,1,159719,Political violence,3749,6.4342,10.4682
2022-04-16,Middle Africa,Cameroon,Nord-Ouest,Violence against civilians,Attack,3,5,241177,Political violence,3749,6.4342,10.4682
2022-04-23,Middle Africa,Cameroon,Nord-Ouest,Violence against civilians,Attack,1,2,51695,Political violence,3749,6.4342,10.4682
2022-04-30,Middle Africa,Cameroon,Nord-Ouest,Violence against civilians,Attack,4,4,97505,Political violence,3749,6.4342,10.4682
2022-05-07,Middle Africa,Cameroon,Nord-Ouest,Violence against civilians,Attack,1,1,177484,Political violence,3749,6.4342,10.4682
2022-05-14,Middle Africa,Cameroon,Nord-Ouest,Violence against civilians,Attack,5,2,165026,Political violence,3749,6.4342,10.4682
2022-05-21,Middle Africa,Cameroon,Nord-Ouest,Violence against civilians,Attack,9,6,296753,Political violence,3749,6.4342,10.4682
2022-05-28,Middle Africa,Cameroon,Nord-Ouest,Violence against civilians,Attack,8,18,265035,Political violence,3749,6.4342,10.4682
2022-06-04,Middle Africa,Cameroon,Nord-Ouest,Violence against civilians,Attack,11,14,280487,Political violence,3749,6.4342,10.4682
2022-06-11,Middle Africa,Cameroon,Nord-Ouest,Violence against civilians,Attack,6,9,242119,Political violence,3749,6.4342,10.4682
2022-06-18,Middle Africa,Cameroon,Nord-Ouest,Violence against civilians,Attack,3,4,248180,Political violence,3749,6.4342,10.4682
2022-06-25,Middle Africa,Cameroon,Nord-Ouest,Violence against civilians,Attack,1,4,4268,Political violence,3749,6.4342,10.4682
2022-07-02,Middle Africa,Cameroon,Nord-Ouest,Violence against civilians,Attack,12,17,333603,Political violence,3749,6.4342,10.4682
2022-07-09,Middle Africa,Cameroon,Nord-Ouest,Violence against civilians,Attack,6,4,192091,Political violence,3749,6.4342,10.4682
2022-07-16,Middle Africa,Cameroon,Nord-Ouest,Violence against civilians,Attack,6,6,46646,Political violence,3749,6.4342,10.4682
2022-07-23,Middle Africa,Cameroon,Nord-Ouest,Violence against civilians,Attack,5,7,88428,Political violence,3749,6.4342,10.4682
2022-07-30,Middle Africa,Cameroon,Nord-Ouest,Violence against civilians,Attack,6,5,237428,Political violence,3749,6.4342,10.4682
2022-08-06,Middle Africa,Cameroon,Nord-Ouest,Violence against civilians,Attack,5,4,195553,Political violence,3749,6.4342,10.4682
2022-08-20,Middle Africa,Cameroon,Nord-Ouest,Violence against civilians,Attack,5,4,176707,Political violence,3749,6.4342,10.4682
2022-08-27,Middle Africa,Cameroon,Nord-Ouest,Violence against civilians,Attack,7,7,267678,Political violence,3749,6.4342,10.4682
2022-09-03,Middle Africa,Cameroon,Nord-Ouest,Violence against civilians,Attack,5,8,104938,Political violence,3749,6.4342,10.4682
2022-09-10,Middle Africa,Cameroon,Nord-Ouest,Violence against civilians,Attack,4,9,75691,Political violence,3749,6.4342,10.4682
2022-09-17,Middle Africa,Cameroon,Nord-Ouest,Violence against civilians,Attack,6,6,114745,Political violence,3749,6.4342,10.4682
2022-09-24,Middle Africa,Cameroon,Nord-Ouest,Violence against civilians,Attack,2,2,38800,Political violence,3749,6.4342,10.4682
2022-10-01,Middle Africa,Cameroon,Nord-Ouest,Violence against civilians,Attack,3,2,77891,Political violence,3749,6.4342,10.4682
2022-10-08,Middle Africa,Cameroon,Nord-Ouest,Violence against civilians,Attack,6,13,90685,Political violence,3749,6.4342,10.4682
2022-10-15,Middle Africa,Cameroon,Nord-Ouest,Violence against civilians,Attack,9,6,220195,Political violence,3749,6.4342,10.4682
2022-10-22,Middle Africa,Cameroon,Nord-Ouest,Violence against civilians,Attack,3,5,43797,Political violence,3749,6.4342,10.4682
2022-10-29,Middle Africa,Cameroon,Nord-Ouest,Violence against civilians,Attack,7,4,165854,Political violence,3749,6.4342,10.4682
2022-11-05,Middle Africa,Cameroon,Nord-Ouest,Violence against civilians,Attack,9,4,297453,Political violence,3749,6.4342,10.4682
2022-11-12,Middle Africa,Cameroon,Nord-Ouest,Violence against civilians,Attack,7,9,140969,Political violence,3749,6.4342,10.4682
2022-11-19,Middle Africa,Cameroon,Nord-Ouest,Violence against civilians,Attack,2,2,42190,Political violence,3749,6.4342,10.4682
2022-11-26,Middle Africa,Cameroon,Nord-Ouest,Violence against civilians,Attack,9,9,274088,Political violence,3749,6.4342,10.4682
2022-12-03,Middle Africa,Cameroon,Nord-Ouest,Violence against civilians,Attack,4,5,39043,Political violence,3749,6.4342,10.4682
2022-12-10,Middle Africa,Cameroon,Nord-Ouest,Violence against civilians,Attack,5,10,94395,Political violence,3749,6.4342,10.4682
2022-12-17,Middle Africa,Cameroon,Nord-Ouest,Violence against civilians,Attack,5,7,90559,Political violence,3749,6.4342,10.4682
2022-12-24,Middle Africa,Cameroon,Nord-Ouest,Violence against civilians,Attack,3,3,70657,Political violence,3749,6.4342,10.4682
2022-12-31,Middle Africa,Cameroon,Nord-Ouest,Violence against civilians,Attack,5,6,251777,Political violence,3749,6.4342,10.4682
2023-01-07,Middle Africa,Cameroon,Nord-Ouest,Violence against civilians,Attack,13,18,177893,Political violence,3749,6.4342,10.4682
2023-01-14,Middle Africa,Cameroon,Nord-Ouest,Violence against civilians,Attack,11,10,207585,Political violence,3749,6.4342,10.4682
2023-01-21,Middle Africa,Cameroon,Nord-Ouest,Violence against civilians,Attack,7,7,339273,Political violence,3749,6.4342,10.4682
2023-01-28,Middle Africa,Cameroon,Nord-Ouest,Violence against civilians,Attack,6,6,261200,Political violence,3749,6.4342,10.4682
2023-02-04,Middle Africa,Cameroon,Nord-Ouest,Violence against civilians,Attack,14,12,302051,Political violence,3749,6.4342,10.4682
2023-02-11,Middle Africa,Cameroon,Nord-Ouest,Violence against civilians,Attack,7,7,214938,Political violence,3749,6.4342,10.4682
2023-02-18,Middle Africa,Cameroon,Nord-Ouest,Violence against civilians,Attack,10,7,268915,Political violence,3749,6.4342,10.4682
2023-02-25,Middle Africa,Cameroon,Nord-Ouest,Violence against civilians,Attack,8,4,275104,Political violence,3749,6.4342,10.4682
2023-03-04,Middle Africa,Cameroon,Nord-Ouest,Violence against civilians,Attack,3,1,133466,Political violence,3749,6.4342,10.4682
2023-03-11,Middle Africa,Cameroon,Nord-Ouest,Violence against civilians,Attack,13,6,187576,Political violence,3749,6.4342,10.4682
2023-03-18,Middle Africa,Cameroon,Nord-Ouest,Violence against civilians,Attack,5,1,170048,Political violence,3749,6.4342,10.4682
2023-03-25,Middle Africa,Cameroon,Nord-Ouest,Violence against civilians,Attack,10,8,111328,Political violence,3749,6.4342,10.4682
2023-04-01,Middle Africa,Cameroon,Nord-Ouest,Violence against civilians,Attack,1,1,69816,Political violence,3749,6.4342,10.4682
2023-04-08,Middle Africa,Cameroon,Nord-Ouest,Violence against civilians,Attack,8,8,258986,Political violence,3749,6.4342,10.4682
2023-04-15,Middle Africa,Cameroon,Nord-Ouest,Violence against civilians,Attack,6,5,59966,Political violence,3749,6.4342,10.4682
2023-04-22,Middle Africa,Cameroon,Nord-Ouest,Violence against civilians,Attack,6,8,85141,Political violence,3749,6.4342,10.4682
2023-04-29,Middle Africa,Cameroon,Nord-Ouest,Violence against civilians,Attack,3,2,15071,Political violence,3749,6.4342,10.4682
2023-05-06,Middle Africa,Cameroon,Nord-Ouest,Violence against civilians,Attack,6,3,280543,Political violence,3749,6.4342,10.4682
2023-05-13,Middle Africa,Cameroon,Nord-Ouest,Violence against civilians,Attack,2,0,17159,Political violence,3749,6.4342,10.4682
2023-05-20,Middle Africa,Cameroon,Nord-Ouest,Violence against civilians,Attack,10,5,313164,Political violence,3749,6.4342,10.4682
2023-05-27,Middle Africa,Cameroon,Nord-Ouest,Violence against civilians,Attack,7,4,254043,Political violence,3749,6.4342,10.4682
2023-06-03,Middle Africa,Cameroon,Nord-Ouest,Violence against civilians,Attack,5,5,74860,Political violence,3749,6.4342,10.4682
2023-06-10,Middle Africa,Cameroon,Nord-Ouest,Violence against civilians,Attack,8,9,71974,Political violence,3749,6.4342,10.4682
2023-06-17,Middle Africa,Cameroon,Nord-Ouest,Violence against civilians,Attack,13,16,97648,Political violence,3749,6.4342,10.4682
2023-06-24,Middle Africa,Cameroon,Nord-Ouest,Violence against civilians,Attack,3,1,55579,Political violence,3749,6.4342,10.4682
2023-07-01,Middle Africa,Cameroon,Nord-Ouest,Violence against civilians,Attack,6,6,89345,Political violence,3749,6.4342,10.4682
2023-07-08,Middle Africa,Cameroon,Nord-Ouest,Violence against civilians,Attack,7,6,251614,Political violence,3749,6.4342,10.4682
2023-07-15,Middle Africa,Cameroon,Nord-Ouest,Violence against civilians,Attack,11,21,227039,Political violence,3749,6.4342,10.4682
2023-07-22,Middle Africa,Cameroon,Nord-Ouest,Violence against civilians,Attack,6,7,261972,Political violence,3749,6.4342,10.4682
2023-07-29,Middle Africa,Cameroon,Nord-Ouest,Violence against civilians,Attack,6,5,235263,Political violence,3749,6.4342,10.4682
2023-08-05,Middle Africa,Cameroon,Nord-Ouest,Violence against civilians,Attack,4,3,50840,Political violence,3749,6.4342,10.4682
2023-08-12,Middle Africa,Cameroon,Nord-Ouest,Violence against civilians,Attack,9,5,83779,Political violence,3749,6.4342,10.4682
2023-08-19,Middle Africa,Cameroon,Nord-Ouest,Violence against civilians,Attack,7,6,255277,Political violence,3749,6.4342,10.4682
2023-08-26,Middle Africa,Cameroon,Nord-Ouest,Violence against civilians,Attack,3,0,133968,Political violence,3749,6.4342,10.4682
2023-09-02,Middle Africa,Cameroon,Nord-Ouest,Violence against civilians,Attack,12,3,105968,Political violence,3749,6.4342,10.4682
2023-09-09,Middle Africa,Cameroon,Nord-Ouest,Violence against civilians,Attack,8,2,40117,Political violence,3749,6.4342,10.4682
2023-09-16,Middle Africa,Cameroon,Nord-Ouest,Violence against civilians,Attack,11,5,94233,Political violence,3749,6.4342,10.4682
2023-09-23,Middle Africa,Cameroon,Nord-Ouest,Violence against civilians,Attack,8,9,175426,Political violence,3749,6.4342,10.4682
2023-09-30,Middle Africa,Cameroon,Nord-Ouest,Violence against civilians,Attack,5,5,26294,Political violence,3749,6.4342,10.4682
2023-10-07,Middle Africa,Cameroon,Nord-Ouest,Violence against civilians,Attack,2,0,11683,Political violence,3749,6.4342,10.4682
2023-10-14,Middle Africa,Cameroon,Nord-Ouest,Violence against civilians,Attack,6,2,78143,Political violence,3749,6.4342,10.4682
2023-10-21,Middle Africa,Cameroon,Nord-Ouest,Violence against civilians,Attack,1,1,37220,Political violence,3749,6.4342,10.4682
2023-10-28,Middle Africa,Cameroon,Nord-Ouest,Violence against civilians,Attack,1,0,1502,Political violence,3749,6.4342,10.4682
2023-11-04,Middle Africa,Cameroon,Nord-Ouest,Violence against civilians,Attack,9,5,175425,Political violence,3749,6.4342,10.4682
2023-11-11,Middle Africa,Cameroon,Nord-Ouest,Violence against civilians,Attack,9,4,179066,Political violence,3749,6.4342,10.4682
2023-11-18,Middle Africa,Cameroon,Nord-Ouest,Violence against civilians,Attack,9,4,220161,Political violence,3749,6.4342,10.4682
2023-11-25,Middle Africa,Cameroon,Nord-Ouest,Violence against civilians,Attack,11,9,212585,Political violence,3749,6.4342,10.4682
2023-12-02,Middle Africa,Cameroon,Nord-Ouest,Violence against civilians,Attack,7,5,41889,Political violence,3749,6.4342,10.4682
2023-12-09,Middle Africa,Cameroon,Nord-Ouest,Violence against civilians,Attack,5,4,61935,Political violence,3749,6.4342,10.4682
2023-12-16,Middle Africa,Cameroon,Nord-Ouest,Violence against civilians,Attack,5,6,41411,Political violence,3749,6.4342,10.4682
2023-12-23,Middle Africa,Cameroon,Nord-Ouest,Violence against civilians,Attack,5,5,45264,Political violence,3749,6.4342,10.4682
2023-12-30,Middle Africa,Cameroon,Nord-Ouest,Violence against civilians,Attack,3,3,57571,Political violence,3749,6.4342,10.4682
2024-01-06,Middle Africa,Cameroon,Nord-Ouest,Violence against civilians,Attack,9,5,63527,Political violence,3749,6.4342,10.4682
2024-01-13,Middle Africa,Cameroon,Nord-Ouest,Violence against civilians,Attack,5,3,202066,Political violence,3749,6.4342,10.4682
2024-01-20,Middle Africa,Cameroon,Nord-Ouest,Violence against civilians,Attack,7,2,215502,Political violence,3749,6.4342,10.4682
2024-01-27,Middle Africa,Cameroon,Nord-Ouest,Violence against civilians,Attack,6,6,58808,Political violence,3749,6.4342,10.4682
2024-02-03,Middle Africa,Cameroon,Nord-Ouest,Violence against civilians,Attack,8,9,103552,Political violence,3749,6.4342,10.4682
2024-02-10,Middle Africa,Cameroon,Nord-Ouest,Violence against civilians,Attack,5,4,55249,Political violence,3749,6.4342,10.4682
2024-02-17,Middle Africa,Cameroon,Nord-Ouest,Violence against civilians,Attack,10,1,137122,Political violence,3749,6.4342,10.4682
2024-02-24,Middle Africa,Cameroon,Nord-Ouest,Violence against civilians,Attack,3,1,38340,Political violence,3749,6.4342,10.4682
2024-03-09,Middle Africa,Cameroon,Nord-Ouest,Violence against civilians,Attack,1,1,229636,Political violence,3749,6.4342,10.4682
2024-03-16,Middle Africa,Cameroon,Nord-Ouest,Violence against civilians,Attack,9,5,96426,Political violence,3749,6.4342,10.4682
2024-03-23,Middle Africa,Cameroon,Nord-Ouest,Violence against civilians,Attack,7,4,102795,Political violence,3749,6.4342,10.4682
2024-03-30,Middle Africa,Cameroon,Nord-Ouest,Violence against civilians,Attack,6,1,144054,Political violence,3749,6.4342,10.4682
2024-04-06,Middle Africa,Cameroon,Nord-Ouest,Violence against civilians,Attack,9,5,85618,Political violence,3749,6.4342,10.4682
2024-04-13,Middle Africa,Cameroon,Nord-Ouest,Violence against civilians,Attack,9,3,66958,Political violence,3749,6.4342,10.4682
2024-04-20,Middle Africa,Cameroon,Nord-Ouest,Violence against civilians,Attack,9,3,104061,Political violence,3749,6.4342,10.4682
2024-04-27,Middle Africa,Cameroon,Nord-Ouest,Violence against civilians,Attack,6,3,194068,Political violence,3749,6.4342,10.4682
2024-05-04,Middle Africa,Cameroon,Nord-Ouest,Violence against civilians,Attack,4,2,27574,Political violence,3749,6.4342,10.4682
2024-05-11,Middle Africa,Cameroon,Nord-Ouest,Violence against civilians,Attack,10,2,149827,Political violence,3749,6.4342,10.4682
2024-05-18,Middle Africa,Cameroon,Nord-Ouest,Violence against civilians,Attack,8,4,59638,Political violence,3749,6.4342,10.4682
2024-05-25,Middle Africa,Cameroon,Nord-Ouest,Violence against civilians,Attack,7,3,69886,Political violence,3749,6.4342,10.4682
2024-06-01,Middle Africa,Cameroon,Nord-Ouest,Violence against civilians,Attack,12,4,172983,Political violence,3749,6.4342,10.4682
2024-06-08,Middle Africa,Cameroon,Nord-Ouest,Violence against civilians,Attack,6,3,164060,Political violence,3749,6.4342,10.4682
2024-06-15,Middle Africa,Cameroon,Nord-Ouest,Violence against civilians,Attack,5,4,60071,Political violence,3749,6.4342,10.4682
2024-06-22,Middle Africa,Cameroon,Nord-Ouest,Violence against civilians,Attack,6,6,175781,Political violence,3749,6.4342,10.4682
2024-06-29,Middle Africa,Cameroon,Nord-Ouest,Violence against civilians,Attack,13,6,221269,Political violence,3749,6.4342,10.4682
2024-07-06,Middle Africa,Cameroon,Nord-Ouest,Violence against civilians,Attack,10,5,217525,Political violence,3749,6.4342,10.4682
2024-07-13,Middle Africa,Cameroon,Nord-Ouest,Violence against civilians,Attack,3,2,162511,Political violence,3749,6.4342,10.4682
2024-07-20,Middle Africa,Cameroon,Nord-Ouest,Violence against civilians,Attack,9,7,97091,Political violence,3749,6.4342,10.4682
2024-07-27,Middle Africa,Cameroon,Nord-Ouest,Violence against civilians,Attack,10,2,166912,Political violence,3749,6.4342,10.4682
2024-08-03,Middle Africa,Cameroon,Nord-Ouest,Violence against civilians,Attack,12,7,259685,Political violence,3749,6.4342,10.4682
2024-08-10,Middle Africa,Cameroon,Nord-Ouest,Violence against civilians,Attack,7,6,64524,Political violence,3749,6.4342,10.4682
2024-08-17,Middle Africa,Cameroon,Nord-Ouest,Violence against civilians,Attack,4,5,92216,Political violence,3749,6.4342,10.4682
2024-08-24,Middle Africa,Cameroon,Nord-Ouest,Violence against civilians,Attack,12,3,217800,Political violence,3749,6.4342,10.4682
2024-08-31,Middle Africa,Cameroon,Nord-Ouest,Violence against civilians,Attack,4,6,172676,Political violence,3749,6.4342,10.4682
2024-09-07,Middle Africa,Cameroon,Nord-Ouest,Violence against civilians,Attack,2,1,41773,Political violence,3749,6.4342,10.4682
2024-09-14,Middle Africa,Cameroon,Nord-Ouest,Violence against civilians,Attack,2,1,19608,Political violence,3749,6.4342,10.4682
2024-09-21,Middle Africa,Cameroon,Nord-Ouest,Violence against civilians,Attack,4,0,42500,Political violence,3749,6.4342,10.4682
2024-09-28,Middle Africa,Cameroon,Nord-Ouest,Violence against civilians,Attack,9,8,209417,Political violence,3749,6.4342,10.4682
2024-10-05,Middle Africa,Cameroon,Nord-Ouest,Violence against civilians,Attack,10,3,204286,Political violence,3749,6.4342,10.4682
2024-10-12,Middle Africa,Cameroon,Nord-Ouest,Violence against civilians,Attack,3,3,153779,Political violence,3749,6.4342,10.4682
2024-10-19,Middle Africa,Cameroon,Nord-Ouest,Violence against civilians,Attack,13,4,103179,Political violence,3749,6.4342,10.4682
2024-10-26,Middle Africa,Cameroon,Nord-Ouest,Violence against civilians,Attack,11,5,207935,Political violence,3749,6.4342,10.4682
2024-11-02,Middle Africa,Cameroon,Nord-Ouest,Violence against civilians,Attack,7,5,99904,Political violence,3749,6.4342,10.4682
2024-11-09,Middle Africa,Cameroon,Nord-Ouest,Violence against civilians,Attack,5,2,175935,Political violence,3749,6.4342,10.4682
2024-11-16,Middle Africa,Cameroon,Nord-Ouest,Violence against civilians,Attack,10,4,70590,Political violence,3749,6.4342,10.4682
2024-11-23,Middle Africa,Cameroon,Nord-Ouest,Violence against civilians,Attack,8,3,106064,Political violence,3749,6.4342,10.4682
2024-11-30,Middle Africa,Cameroon,Nord-Ouest,Violence against civilians,Attack,1,0,3720,Political violence,3749,6.4342,10.4682
2024-12-07,Middle Africa,Cameroon,Nord-Ouest,Violence against civilians,Attack,5,3,133372,Political violence,3749,6.4342,10.4682
2024-12-14,Middle Africa,Cameroon,Nord-Ouest,Violence against civilians,Attack,6,0,45178,Political violence,3749,6.4342,10.4682
2024-12-21,Middle Africa,Cameroon,Nord-Ouest,Violence against civilians,Attack,5,2,201938,Political violence,3749,6.4342,10.4682
2024-12-28,Middle Africa,Cameroon,Nord-Ouest,Violence against civilians,Attack,8,3,68297,Political violence,3749,6.4342,10.4682
2025-01-04,Middle Africa,Cameroon,Nord-Ouest,Violence against civilians,Attack,14,6,294045,Political violence,3749,6.4342,10.4682
2025-01-11,Middle Africa,Cameroon,Nord-Ouest,Violence against civilians,Attack,12,11,301349,Political violence,3749,6.4342,10.4682
2025-01-18,Middle Africa,Cameroon,Nord-Ouest,Violence against civilians,Attack,6,3,115484,Political violence,3749,6.4342,10.4682
2025-01-25,Middle Africa,Cameroon,Nord-Ouest,Violence against civilians,Attack,11,3,49000,Political violence,3749,6.4342,10.4682
2025-02-01,Middle Africa,Cameroon,Nord-Ouest,Violence against civilians,Attack,7,4,52345,Political violence,3749,6.4342,10.4682
2025-02-08,Middle Africa,Cameroon,Nord-Ouest,Violence against civilians,Attack,9,7,274369,Political violence,3749,6.4342,10.4682
2025-02-15,Middle Africa,Cameroon,Nord-Ouest,Violence against civilians,Attack,6,8,65700,Political violence,3749,6.4342,10.4682
2025-02-22,Middle Africa,Cameroon,Nord-Ouest,Violence against civilians,Attack,4,9,240901,Political violence,3749,6.4342,10.4682
2025-03-01,Middle Africa,Cameroon,Nord-Ouest,Violence against civilians,Attack,5,1,32898,Political violence,3749,6.4342,10.4682
2025-03-08,Middle Africa,Cameroon,Nord-Ouest,Violence against civilians,Attack,1,0,25010,Political violence,3749,6.4342,10.4682
2025-03-15,Middle Africa,Cameroon,Nord-Ouest,Violence against civilians,Attack,5,3,58897,Political violence,3749,6.4342,10.4682
2025-03-22,Middle Africa,Cameroon,Nord-Ouest,Violence against civilians,Attack,6,2,52884,Political violence,3749,6.4342,10.4682
2025-03-29,Middle Africa,Cameroon,Nord-Ouest,Violence against civilians,Attack,8,0,34083,Political violence,3749,6.4342,10.4682
2025-04-05,Middle Africa,Cameroon,Nord-Ouest,Violence against civilians,Attack,16,17,252107,Political violence,3749,6.4342,10.4682
2025-04-12,Middle Africa,Cameroon,Nord-Ouest,Violence against civilians,Attack,7,7,27963,Political violence,3749,6.4342,10.4682
2025-04-19,Middle Africa,Cameroon,Nord-Ouest,Violence against civilians,Attack,4,0,37627,Political violence,3749,6.4342,10.4682
2025-04-26,Middle Africa,Cameroon,Nord-Ouest,Violence against civilians,Attack,8,5,81363,Political violence,3749,6.4342,10.4682
2025-05-03,Middle Africa,Cameroon,Nord-Ouest,Violence against civilians,Attack,10,5,237648,Political violence,3749,6.4342,10.4682
2025-05-10,Middle Africa,Cameroon,Nord-Ouest,Violence against civilians,Attack,8,4,243237,Political violence,3749,6.4342,10.4682
2025-05-17,Middle Africa,Cameroon,Nord-Ouest,Violence against civilians,Attack,12,1,56815,Political violence,3749,6.4342,10.4682
2025-05-24,Middle Africa,Cameroon,Nord-Ouest,Violence against civilians,Attack,9,3,83758,Political violence,3749,6.4342,10.4682
2025-05-31,Middle Africa,Cameroon,Nord-Ouest,Violence against civilians,Attack,16,9,349784,Political violence,3749,6.4342,10.4682
2025-06-07,Middle Africa,Cameroon,Nord-Ouest,Violence against civilians,Attack,5,0,56519,Political violence,3749,6.4342,10.4682
2025-06-14,Middle Africa,Cameroon,Nord-Ouest,Violence against civilians,Attack,8,5,162557,Political violence,3749,6.4342,10.4682
2025-06-21,Middle Africa,Cameroon,Nord-Ouest,Violence against civilians,Attack,5,0,25853,Political violence,3749,6.4342,10.4682
2025-06-28,Middle Africa,Cameroon,Nord-Ouest,Violence against civilians,Attack,6,0,39909,Political violence,3749,6.4342,10.4682
2025-07-05,Middle Africa,Cameroon,Nord-Ouest,Violence against civilians,Attack,14,5,229422,Political violence,3749,6.4342,10.4682
2025-07-12,Middle Africa,Cameroon,Nord-Ouest,Violence against civilians,Attack,14,1,81136,Political violence,3749,6.4342,10.4682
2025-07-19,Middle Africa,Cameroon,Nord-Ouest,Violence against civilians,Attack,7,5,24497,Political violence,3749,6.4342,10.4682
2025-07-26,Middle Africa,Cameroon,Nord-Ouest,Violence against civilians,Attack,10,0,38366,Political violence,3749,6.4342,10.4682
2025-08-02,Middle Africa,Cameroon,Nord-Ouest,Violence against civilians,Attack,10,1,91609,Political violence,3749,6.4342,10.4682
2025-08-09,Middle Africa,Cameroon,Nord-Ouest,Violence against civilians,Attack,12,2,83671,Political violence,3749,6.4342,10.4682
2025-08-16,Middle Africa,Cameroon,Nord-Ouest,Violence against civilians,Attack,18,8,395743,Political violence,3749,6.4342,10.4682
2025-08-23,Middle Africa,Cameroon,Nord-Ouest,Violence against civilians,Attack,15,2,94863,Political violence,3749,6.4342,10.4682
2025-08-30,Middle Africa,Cameroon,Nord-Ouest,Violence against civilians,Attack,10,1,77391,Political violence,3749,6.4342,10.4682
2025-09-06,Middle Africa,Cameroon,Nord-Ouest,Violence against civilians,Attack,6,2,18061,Political violence,3749,6.4342,10.4682
2025-09-13,Middle Africa,Cameroon,Nord-Ouest,Violence against civilians,Attack,13,3,259448,Political violence,3749,6.4342,10.4682
2025-09-20,Middle Africa,Cameroon,Nord-Ouest,Violence against civilians,Attack,8,3,78248,Political violence,3749,6.4342,10.4682
2025-09-27,Middle Africa,Cameroon,Nord-Ouest,Violence against civilians,Attack,14,8,274612,Political violence,3749,6.4342,10.4682
2025-10-04,Middle Africa,Cameroon,Nord-Ouest,Violence against civilians,Attack,4,1,32506,Political violence,3749,6.4342,10.4682
2025-10-11,Middle Africa,Cameroon,Nord-Ouest,Violence against civilians,Attack,11,3,101854,Political violence,3749,6.4342,10.4682
2025-10-18,Middle Africa,Cameroon,Nord-Ouest,Violence against civilians,Attack,13,5,52213,Political violence,3749,6.4342,10.4682
2025-10-25,Middle Africa,Cameroon,Nord-Ouest,Violence against civilians,Attack,17,2,131756,Political violence,3749,6.4342,10.4682
2025-11-01,Middle Africa,Cameroon,Nord-Ouest,Violence against civilians,Attack,14,5,261528,Political violence,3749,6.4342,10.4682
2025-11-08,Middle Africa,Cameroon,Nord-Ouest,Violence against civilians,Attack,15,9,165248,Political violence,3749,6.4342,10.4682
2025-11-15,Middle Africa,Cameroon,Nord-Ouest,Violence against civilians,Attack,7,0,153384,Political violence,3749,6.4342,10.4682
2025-11-22,Middle Africa,Cameroon,Nord-Ouest,Violence against civilians,Attack,8,7,214505,Political violence,3749,6.4342,10.4682
2025-11-29,Middle Africa,Cameroon,Nord-Ouest,Violence against civilians,Attack,13,10,102250,Political violence,3749,6.4342,10.4682
2025-12-06,Middle Africa,Cameroon,Nord-Ouest,Violence against civilians,Attack,10,8,56156,Political violence,3749,6.4342,10.4682
2025-12-13,Middle Africa,Cameroon,Nord-Ouest,Violence against civilians,Attack,8,5,117398,Political violence,3749,6.4342,10.4682
2025-12-20,Middle Africa,Cameroon,Nord-Ouest,Violence against civilians,Attack,8,3,107794,Political violence,3749,6.4342,10.4682
2025-12-27,Middle Africa,Cameroon,Nord-Ouest,Violence against civilians,Attack,6,0,34858,Political violence,3749,6.4342,10.4682
2026-01-03,Middle Africa,Cameroon,Nord-Ouest,Violence against civilians,Attack,7,5,80182,Political violence,3749,6.4342,10.4682
2026-01-10,Middle Africa,Cameroon,Nord-Ouest,Violence against civilians,Attack,11,18,81654,Political violence,3749,6.4342,10.4682
2026-01-17,Middle Africa,Cameroon,Nord-Ouest,Violence against civilians,Attack,7,1,40822,Political violence,3749,6.4342,10.4682
2026-01-24,Middle Africa,Cameroon,Nord-Ouest,Violence against civilians,Attack,9,2,216084,Political violence,3749,6.4342,10.4682
2026-01-31,Middle Africa,Cameroon,Nord-Ouest,Violence against civilians,Attack,13,2,104565,Political violence,3749,6.4342,10.4682
2026-02-07,Middle Africa,Cameroon,Nord-Ouest,Violence against civilians,Attack,10,12,266730,Political violence,3749,6.4342,10.4682
2026-02-14,Middle Africa,Cameroon,Nord-Ouest,Violence against civilians,Attack,9,1,61488,Political violence,3749,6.4342,10.4682
2026-02-21,Middle Africa,Cameroon,Nord-Ouest,Violence against civilians,Attack,13,2,59560,Political violence,3749,6.4342,10.4682
2026-02-28,Middle Africa,Cameroon,Nord-Ouest,Violence against civilians,Attack,7,5,87439,Political violence,3749,6.4342,10.4682
2026-03-07,Middle Africa,Cameroon,Nord-Ouest,Violence against civilians,Attack,15,11,87448,Political violence,3749,6.4342,10.4682
2026-03-14,Middle Africa,Cameroon,Nord-Ouest,Violence against civilians,Attack,8,4,63725,Political violence,3749,6.4342,10.4682
2026-03-21,Middle Africa,Cameroon,Nord-Ouest,Violence against civilians,Attack,10,1,73799,Political violence,3749,6.4342,10.4682
2026-03-28,Middle Africa,Cameroon,Nord-Ouest,Violence against civilians,Attack,4,0,11479,Political violence,3749,6.4342,10.4682
2026-04-04,Middle Africa,Cameroon,Nord-Ouest,Violence against civilians,Attack,13,5,97974,Political violence,3749,6.4342,10.4682
2026-04-11,Middle Africa,Cameroon,Nord-Ouest,Violence against civilians,Attack,7,0,25655,Political violence,3749,6.4342,10.4682
2026-04-18,Middle Africa,Cameroon,Nord-Ouest,Violence against civilians,Attack,13,0,54246,Political violence,3749,6.4342,10.4682
2026-04-25,Middle Africa,Cameroon,Nord-Ouest,Violence against civilians,Attack,6,1,18626,Political violence,3749,6.4342,10.4682
2026-05-02,Middle Africa,Cameroon,Nord-Ouest,Violence against civilians,Attack,10,0,47823,Political violence,3749,6.4342,10.4682
2026-05-09,Middle Africa,Cameroon,Nord-Ouest,Violence against civilians,Attack,16,2,174572,Political violence,3749,6.4342,10.4682
2026-05-16,Middle Africa,Cameroon,Nord-Ouest,Violence against civilians,Attack,7,1,25217,Political violence,3749,6.4342,10.4682
2026-05-23,Middle Africa,Cameroon,Nord-Ouest,Violence against civilians,Attack,11,2,118007,Political violence,3749,6.4342,10.4682
2026-05-30,Middle Africa,Cameroon,Nord-Ouest,Violence against civilians,Attack,10,3,182991,Political violence,3749,6.4342,10.4682
2026-06-06,Middle Africa,Cameroon,Nord-Ouest,Violence against civilians,Attack,11,3,72494,Political violence,3749,6.4342,10.4682
2026-06-13,Middle Africa,Cameroon,Nord-Ouest,Violence against civilians,Attack,13,4,192542,Political violence,3749,6.4342,10.4682
2026-06-20,Middle Africa,Cameroon,Nord-Ouest,Violence against civilians,Attack,7,3,79419,Political violence,3749,6.4342,10.4682
2026-06-27,Middle Africa,Cameroon,Nord-Ouest,Violence against civilians,Attack,8,4,112748,Political violence,3749,6.4342,10.4682
2026-07-04,Middle Africa,Cameroon,Nord-Ouest,Violence against civilians,Attack,5,1,48040,Political violence,3749,6.4342,10.4682
2026-07-11,Middle Africa,Cameroon,Nord-Ouest,Violence against civilians,Attack,13,2,37978,Political violence,3749,6.4342,10.4682
2026-07-18,Middle Africa,Cameroon,Nord-Ouest,Violence against civilians,Attack,10,3,151234,Political violence,3749,6.4342,10.4682
2026-07-25,Middle Africa,Cameroon,Nord-Ouest,Violence against civilians,Attack,14,5,57839,Political violence,3749,6.4342,10.4682
2026-08-01,Middle Africa,Cameroon,Nord-Ouest,Violence against civilians,Attack,12,1,42060,Political violence,3749,6.4342,10.4682
2026-08-08,Middle Africa,Cameroon,Nord-Ouest,Violence against civilians,Attack,9,3,12769,Political violence,3749,6.4342,10.4682
2026-08-15,Middle Africa,Cameroon,Nord-Ouest,Violence against civilians,Attack,6,0,30093,Political violence,3749,6.4342,10.4682
2026-08-22,Middle Africa,Cameroon,Nord-Ouest,Violence against civilians,Attack,5,0,1295,Political violence,3749,6.4342,10.4682
2026-08-29,Middle Africa,Cameroon,Nord-Ouest,Violence against civilians,Attack,2,2,,Political violence,3749,6.4342,10.4682
2020-04-25,Middle Africa,Cameroon,Nord-Ouest,Violence against civilians,Sexual violence,1,0,4101,Political violence,3749,6.4342,10.4682
2020-09-12,Middle Africa,Cameroon,Nord-Ouest,Violence against civilians,Sexual violence,1,0,99313,Political violence,3749,6.4342,10.4682
2021-01-16,Middle Africa,Cameroon,Nord-Ouest,Violence against civilians,Sexual violence,1,0,22770,Political violence,3749,6.4342,10.4682
2021-11-13,Middle Africa,Cameroon,Nord-Ouest,Violence against civilians,Sexual violence,1,0,22814,Political violence,3749,6.4342,10.4682
2022-08-13,Middle Africa,Cameroon,Nord-Ouest,Violence against civilians,Sexual violence,1,0,25047,Political violence,3749,6.4342,10.4682
2022-08-20,Middle Africa,Cameroon,Nord-Ouest,Violence against civilians,Sexual violence,2,0,128042,Political violence,3749,6.4342,10.4682
2022-12-10,Middle Africa,Cameroon,Nord-Ouest,Violence against civilians,Sexual violence,1,0,6096,Political violence,3749,6.4342,10.4682
2023-02-25,Middle Africa,Cameroon,Nord-Ouest,Violence against civilians,Sexual violence,1,0,9386,Political violence,3749,6.4342,10.4682
2023-03-18,Middle Africa,Cameroon,Nord-Ouest,Violence against civilians,Sexual violence,1,0,23865,Political violence,3749,6.4342,10.4682
2023-04-08,Middle Africa,Cameroon,Nord-Ouest,Violence against civilians,Sexual violence,1,0,3454,Political violence,3749,6.4342,10.4682
2023-05-13,Middle Africa,Cameroon,Nord-Ouest,Violence against civilians,Sexual violence,1,0,5983,Political violence,3749,6.4342,10.4682
2023-06-17,Middle Africa,Cameroon,Nord-Ouest,Violence against civilians,Sexual violence,2,0,10950,Political violence,3749,6.4342,10.4682
2023-07-01,Middle Africa,Cameroon,Nord-Ouest,Violence against civilians,Sexual violence,1,0,2431,Political violence,3749,6.4342,10.4682
2023-07-08,Middle Africa,Cameroon,Nord-Ouest,Violence against civilians,Sexual violence,2,1,17863,Political violence,3749,6.4342,10.4682
2023-08-12,Middle Africa,Cameroon,Nord-Ouest,Violence against civilians,Sexual violence,2,0,1704,Political violence,3749,6.4342,10.4682
2023-08-26,Middle Africa,Cameroon,Nord-Ouest,Violence against civilians,Sexual violence,2,0,5938,Political violence,3749,6.4342,10.4682
2023-09-23,Middle Africa,Cameroon,Nord-Ouest,Violence against civilians,Sexual violence,1,0,23865,Political violence,3749,6.4342,10.4682
2023-12-09,Middle Africa,Cameroon,Nord-Ouest,Violence against civilians,Sexual violence,1,0,28633,Political violence,3749,6.4342,10.4682
2024-01-13,Middle Africa,Cameroon,Nord-Ouest,Violence against civilians,Sexual violence,1,0,1537,Political violence,3749,6.4342,10.4682
2024-01-20,Middle Africa,Cameroon,Nord-Ouest,Violence against civilians,Sexual violence,2,1,136078,Political violence,3749,6.4342,10.4682
2024-04-27,Middle Africa,Cameroon,Nord-Ouest,Violence against civilians,Sexual violence,1,0,1705,Political violence,3749,6.4342,10.4682
2024-05-11,Middle Africa,Cameroon,Nord-Ouest,Violence against civilians,Sexual violence,1,0,7467,Political violence,3749,6.4342,10.4682
2024-06-15,Middle Africa,Cameroon,Nord-Ouest,Violence against civilians,Sexual violence,1,0,12497,Political violence,3749,6.4342,10.4682
2024-10-26,Middle Africa,Cameroon,Nord-Ouest,Violence against civilians,Sexual violence,1,0,7040,Political violence,3749,6.4342,10.4682
2024-12-28,Middle Africa,Cameroon,Nord-Ouest,Violence against civilians,Sexual violence,1,0,3720,Political violence,3749,6.4342,10.4682
2025-02-01,Middle Africa,Cameroon,Nord-Ouest,Violence against civilians,Sexual violence,1,0,8618,Political violence,3749,6.4342,10.4682
2025-02-15,Middle Africa,Cameroon,Nord-Ouest,Violence against civilians,Sexual violence,1,0,25010,Political violence,3749,6.4342,10.4682
2025-03-08,Middle Africa,Cameroon,Nord-Ouest,Violence against civilians,Sexual violence,1,0,17271,Political violence,3749,6.4342,10.4682
2025-04-05,Middle Africa,Cameroon,Nord-Ouest,Violence against civilians,Sexual violence,2,1,4125,Political violence,3749,6.4342,10.4682
2025-05-03,Middle Africa,Cameroon,Nord-Ouest,Violence against civilians,Sexual violence,1,0,17271,Political violence,3749,6.4342,10.4682
2025-05-24,Middle Africa,Cameroon,Nord-Ouest,Violence against civilians,Sexual violence,1,0,3438,Political violence,3749,6.4342,10.4682
2025-05-31,Middle Africa,Cameroon,Nord-Ouest,Violence against civilians,Sexual violence,3,0,38458,Political violence,3749,6.4342,10.4682
2025-06-21,Middle Africa,Cameroon,Nord-Ouest,Violence against civilians,Sexual violence,1,0,651,Political violence,3749,6.4342,10.4682
2025-07-12,Middle Africa,Cameroon,Nord-Ouest,Violence against civilians,Sexual violence,1,0,4856,Political violence,3749,6.4342,10.4682
2025-07-19,Middle Africa,Cameroon,Nord-Ouest,Violence against civilians,Sexual violence,2,0,20042,Political violence,3749,6.4342,10.4682
2025-08-02,Middle Africa,Cameroon,Nord-Ouest,Violence against civilians,Sexual violence,1,0,971,Political violence,3749,6.4342,10.4682
2025-08-30,Middle Africa,Cameroon,Nord-Ouest,Violence against civilians,Sexual violence,1,0,2319,Political violence,3749,6.4342,10.4682
2025-09-06,Middle Africa,Cameroon,Nord-Ouest,Violence against civilians,Sexual violence,2,0,27278,Political violence,3749,6.4342,10.4682
2025-09-27,Middle Africa,Cameroon,Nord-Ouest,Violence against civilians,Sexual violence,2,0,28636,Political violence,3749,6.4342,10.4682
2025-10-04,Middle Africa,Cameroon,Nord-Ouest,Violence against civilians,Sexual violence,1,0,17271,Political violence,3749,6.4342,10.4682
2025-10-11,Middle Africa,Cameroon,Nord-Ouest,Violence against civilians,Sexual violence,3,0,30699,Political violence,3749,6.4342,10.4682
2025-11-01,Middle Africa,Cameroon,Nord-Ouest,Violence against civilians,Sexual violence,1,0,7606,Political violence,3749,6.4342,10.4682
2025-12-06,Middle Africa,Cameroon,Nord-Ouest,Violence against civilians,Sexual violence,2,5,19630,Political violence,3749,6.4342,10.4682
2026-01-17,Middle Africa,Cameroon,Nord-Ouest,Violence against civilians,Sexual violence,1,0,22674,Political violence,3749,6.4342,10.4682
2026-01-24,Middle Africa,Cameroon,Nord-Ouest,Violence against civilians,Sexual violence,4,0,17053,Political violence,3749,6.4342,10.4682
2026-03-21,Middle Africa,Cameroon,Nord-Ouest,Violence against civilians,Sexual violence,1,0,5510,Political violence,3749,6.4342,10.4682
2026-03-28,Middle Africa,Cameroon,Nord-Ouest,Violence against civilians,Sexual violence,1,0,5510,Political violence,3749,6.4342,10.4682
2026-04-11,Middle Africa,Cameroon,Nord-Ouest,Violence against civilians,Sexual violence,1,0,21859,Political violence,3749,6.4342,10.4682
2026-04-18,Middle Africa,Cameroon,Nord-Ouest,Violence against civilians,Sexual violence,2,0,7356,Political violence,3749,6.4342,10.4682
2026-05-16,Middle Africa,Cameroon,Nord-Ouest,Violence against civilians,Sexual violence,1,0,1898,Political violence,3749,6.4342,10.4682
2026-05-30,Middle Africa,Cameroon,Nord-Ouest,Violence against civilians,Sexual violence,1,0,1058,Political violence,3749,6.4342,10.4682
2026-06-06,Middle Africa,Cameroon,Nord-Ouest,Violence against civilians,Sexual violence,1,0,13896,Political violence,3749,6.4342,10.4682
2026-07-25,Middle Africa,Cameroon,Nord-Ouest,Violence against civilians,Sexual violence,1,0,5510,Political violence,3749,6.4342,10.4682
2026-08-15,Middle Africa,Cameroon,Nord-Ouest,Violence against civilians,Sexual violence,1,0,,Political violence,3749,6.4342,10.4682
2020-01-04,Middle Africa,Cameroon,Ouest,Battles,Armed clash,1,0,12060,Political violence,3752,5.5347,10.583
2020-01-11,Middle Africa,Cameroon,Ouest,Battles,Armed clash,1,1,49597,Political violence,3752,5.5347,10.583
2020-02-08,Middle Africa,Cameroon,Ouest,Battles,Armed clash,1,5,13118,Political violence,3752,5.5347,10.583
2020-03-07,Middle Africa,Cameroon,Ouest,Battles,Armed clash,1,8,13118,Political violence,3752,5.5347,10.583
2020-06-13,Middle Africa,Cameroon,Ouest,Battles,Armed clash,1,9,13118,Political violence,3752,5.5347,10.583
2021-01-16,Middle Africa,Cameroon,Ouest,Battles,Armed clash,1,0,37920,Political violence,3752,5.5347,10.583
2021-02-06,Middle Africa,Cameroon,Ouest,Battles,Armed clash,1,0,50217,Political violence,3752,5.5347,10.583
2021-04-24,Middle Africa,Cameroon,Ouest,Battles,Armed clash,1,4,5190,Political violence,3752,5.5347,10.583
2021-07-10,Middle Africa,Cameroon,Ouest,Battles,Armed clash,1,2,33887,Political violence,3752,5.5347,10.583
2021-07-17,Middle Africa,Cameroon,Ouest,Battles,Armed clash,1,4,50217,Political violence,3752,5.5347,10.583
2022-01-22,Middle Africa,Cameroon,Ouest,Battles,Armed clash,2,2,33581,Political violence,3752,5.5347,10.583
2022-06-04,Middle Africa,Cameroon,Ouest,Battles,Armed clash,1,5,13302,Political violence,3752,5.5347,10.583
2022-06-25,Middle Africa,Cameroon,Ouest,Battles,Armed clash,1,0,38405,Political violence,3752,5.5347,10.583
2022-08-13,Middle Africa,Cameroon,Ouest,Battles,Armed clash,2,5,280513,Political violence,3752,5.5347,10.583
2023-02-11,Middle Africa,Cameroon,Ouest,Battles,Armed clash,1,8,7835,Political violence,3752,5.5347,10.583
2023-02-18,Middle Africa,Cameroon,Ouest,Battles,Armed clash,1,2,40082,Political violence,3752,5.5347,10.583
2023-12-16,Middle Africa,Cameroon,Ouest,Battles,Armed clash,1,3,51454,Political violence,3752,5.5347,10.583
2025-03-15,Middle Africa,Cameroon,Ouest,Battles,Armed clash,1,2,14224,Political violence,3752,5.5347,10.583
2022-04-02,Middle Africa,Cameroon,Ouest,Explosions/Remote violence,Remote explosive/landmine/IED,1,0,50050,Political violence,3752,5.5347,10.583
2022-06-18,Middle Africa,Cameroon,Ouest,Explosions/Remote violence,Remote explosive/landmine/IED,1,0,13302,Political violence,3752,5.5347,10.583
2023-03-18,Middle Africa,Cameroon,Ouest,Explosions/Remote violence,Remote explosive/landmine/IED,1,4,7835,Political violence,3752,5.5347,10.583
2024-01-13,Middle Africa,Cameroon,Ouest,Protests,Excessive force against protesters,1,2,4852,Political violence; Demonstrations,3752,5.5347,10.583
2025-10-25,Middle Africa,Cameroon,Ouest,Protests,Excessive force against protesters,2,5,29861,Political violence; Demonstrations,3752,5.5347,10.583
2020-05-09,Middle Africa,Cameroon,Ouest,Protests,Peaceful protest,1,0,1768,Demonstrations,3752,5.5347,10.583
2020-07-04,Middle Africa,Cameroon,Ouest,Protests,Peaceful protest,1,0,,Demonstrations,3752,5.5347,10.583
2020-07-11,Middle Africa,Cameroon,Ouest,Protests,Peaceful protest,1,0,,Demonstrations,3752,5.5347,10.583
2020-07-25,Middle Africa,Cameroon,Ouest,Protests,Peaceful protest,1,0,,Demonstrations,3752,5.5347,10.583
2020-10-17,Middle Africa,Cameroon,Ouest,Protests,Peaceful protest,1,0,10980,Demonstrations,3752,5.5347,10.583
2020-10-24,Middle Africa,Cameroon,Ouest,Protests,Peaceful protest,1,0,10980,Demonstrations,3752,5.5347,10.583
2020-11-28,Middle Africa,Cameroon,Ouest,Protests,Peaceful protest,1,0,1853,Demonstrations,3752,5.5347,10.583
2021-01-16,Middle Africa,Cameroon,Ouest,Protests,Peaceful protest,1,0,11984,Demonstrations,3752,5.5347,10.583
2021-01-23,Middle Africa,Cameroon,Ouest,Protests,Peaceful protest,2,0,11123,Demonstrations,3752,5.5347,10.583
2021-01-30,Middle Africa,Cameroon,Ouest,Protests,Peaceful protest,1,0,13243,Demonstrations,3752,5.5347,10.583
2021-04-03,Middle Africa,Cameroon,Ouest,Protests,Peaceful protest,1,0,28484,Demonstrations,3752,5.5347,10.583
2021-08-14,Middle Africa,Cameroon,Ouest,Protests,Peaceful protest,1,0,3550,Demonstrations,3752,5.5347,10.583
2021-10-09,Middle Africa,Cameroon,Ouest,Protests,Peaceful protest,1,0,1120,Demonstrations,3752,5.5347,10.583
2021-10-23,Middle Africa,Cameroon,Ouest,Protests,Peaceful protest,1,0,9,Demonstrations,3752,5.5347,10.583
2021-11-06,Middle Africa,Cameroon,Ouest,Protests,Peaceful protest,1,0,28484,Demonstrations,3752,5.5347,10.583
2021-12-25,Middle Africa,Cameroon,Ouest,Protests,Peaceful protest,1,0,28484,Demonstrations,3752,5.5347,10.583
2022-03-19,Middle Africa,Cameroon,Ouest,Protests,Peaceful protest,1,0,28819,Demonstrations,3752,5.5347,10.583
2022-05-07,Middle Africa,Cameroon,Ouest,Protests,Peaceful protest,2,0,42265,Demonstrations,3752,5.5347,10.583
2022-07-02,Middle Africa,Cameroon,Ouest,Protests,Peaceful protest,1,0,28819,Demonstrations,3752,5.5347,10.583
2023-02-04,Middle Africa,Cameroon,Ouest,Protests,Peaceful protest,1,0,327,Demonstrations,3752,5.5347,10.583
2023-02-25,Middle Africa,Cameroon,Ouest,Protests,Peaceful protest,1,0,13596,Demonstrations,3752,5.5347,10.583
2023-09-02,Middle Africa,Cameroon,Ouest,Protests,Peaceful protest,1,0,1662,Demonstrations,3752,5.5347,10.583
2023-09-30,Middle Africa,Cameroon,Ouest,Protests,Peaceful protest,1,0,2100,Demonstrations,3752,5.5347,10.583
2023-10-07,Middle Africa,Cameroon,Ouest,Protests,Peaceful protest,1,0,716,Demonstrations,3752,5.5347,10.583
2023-10-21,Middle Africa,Cameroon,Ouest,Protests,Peaceful protest,2,0,13596,Demonstrations,3752,5.5347,10.583
2023-11-11,Middle Africa,Cameroon,Ouest,Protests,Peaceful protest,1,0,13596,Demonstrations,3752,5.5347,10.583
2023-12-23,Middle Africa,Cameroon,Ouest,Protests,Peaceful protest,1,0,2572,Demonstrations,3752,5.5347,10.583
2024-07-13,Middle Africa,Cameroon,Ouest,Protests,Peaceful protest,1,0,1382,Demonstrations,3752,5.5347,10.583
2026-03-28,Middle Africa,Cameroon,Ouest,Protests,Peaceful protest,1,0,11884,Demonstrations,3752,5.5347,10.583
2020-09-19,Middle Africa,Cameroon,Ouest,Protests,Protest with intervention,2,0,30625,Demonstrations,3752,5.5347,10.583
2022-05-07,Middle Africa,Cameroon,Ouest,Protests,Protest with intervention,1,0,13446,Demonstrations,3752,5.5347,10.583
2020-02-01,Middle Africa,Cameroon,Ouest,Riots,Mob violence,1,0,35471,Political violence,3752,5.5347,10.583
2020-02-08,Middle Africa,Cameroon,Ouest,Riots,Mob violence,1,2,68543,Political violence,3752,5.5347,10.583
2020-08-15,Middle Africa,Cameroon,Ouest,Riots,Mob violence,1,1,68543,Political violence,3752,5.5347,10.583
2020-08-29,Middle Africa,Cameroon,Ouest,Riots,Mob violence,3,6,22092,Political violence,3752,5.5347,10.583
2020-11-07,Middle Africa,Cameroon,Ouest,Riots,Mob violence,1,1,89786,Political violence,3752,5.5347,10.583
2021-03-13,Middle Africa,Cameroon,Ouest,Riots,Mob violence,1,0,90885,Political violence,3752,5.5347,10.583
2021-03-27,Middle Africa,Cameroon,Ouest,Riots,Mob violence,1,1,90885,Political violence,3752,5.5347,10.583
2021-04-24,Middle Africa,Cameroon,Ouest,Riots,Mob violence,1,0,5060,Political violence,3752,5.5347,10.583
2021-05-15,Middle Africa,Cameroon,Ouest,Riots,Mob violence,1,0,2219,Political violence,3752,5.5347,10.583
2021-06-05,Middle Africa,Cameroon,Ouest,Riots,Mob violence,1,0,,Political violence,3752,5.5347,10.583
2021-09-04,Middle Africa,Cameroon,Ouest,Riots,Mob violence,1,4,8330,Political violence,3752,5.5347,10.583
2021-11-06,Middle Africa,Cameroon,Ouest,Riots,Mob violence,1,2,9613,Political violence,3752,5.5347,10.583
2022-04-02,Middle Africa,Cameroon,Ouest,Riots,Mob violence,1,1,1844,Political violence,3752,5.5347,10.583
2022-05-14,Middle Africa,Cameroon,Ouest,Riots,Mob violence,1,1,92006,Political violence,3752,5.5347,10.583
2022-08-06,Middle Africa,Cameroon,Ouest,Riots,Mob violence,1,0,3514,Political violence,3752,5.5347,10.583
2022-09-17,Middle Africa,Cameroon,Ouest,Riots,Mob violence,1,0,17925,Political violence,3752,5.5347,10.583
2022-10-22,Middle Africa,Cameroon,Ouest,Riots,Mob violence,1,0,36477,Political violence,3752,5.5347,10.583
2022-11-05,Middle Africa,Cameroon,Ouest,Riots,Mob violence,1,0,2565,Political violence,3752,5.5347,10.583
2022-11-19,Middle Africa,Cameroon,Ouest,Riots,Mob violence,1,1,22472,Political violence,3752,5.5347,10.583
2023-01-28,Middle Africa,Cameroon,Ouest,Riots,Mob violence,1,0,10220,Political violence,3752,5.5347,10.583
2023-02-11,Middle Africa,Cameroon,Ouest,Riots,Mob violence,1,0,34733,Political violence,3752,5.5347,10.583
2023-03-25,Middle Africa,Cameroon,Ouest,Riots,Mob violence,1,1,37009,Political violence,3752,5.5347,10.583
2023-04-15,Middle Africa,Cameroon,Ouest,Riots,Mob violence,1,1,153,Political violence,3752,5.5347,10.583
2023-05-13,Middle Africa,Cameroon,Ouest,Riots,Mob violence,1,0,10220,Political violence,3752,5.5347,10.583
2023-06-17,Middle Africa,Cameroon,Ouest,Riots,Mob violence,1,0,8116,Political violence,3752,5.5347,10.583
2023-10-21,Middle Africa,Cameroon,Ouest,Riots,Mob violence,1,0,5987,Political violence,3752,5.5347,10.583
2023-11-11,Middle Africa,Cameroon,Ouest,Riots,Mob violence,1,2,5987,Political violence,3752,5.5347,10.583
2023-12-23,Middle Africa,Cameroon,Ouest,Riots,Mob violence,1,0,9399,Political violence,3752,5.5347,10.583
2024-03-16,Middle Africa,Cameroon,Ouest,Riots,Mob violence,1,1,37558,Political violence,3752,5.5347,10.583
2024-05-18,Middle Africa,Cameroon,Ouest,Riots,Mob violence,1,0,23005,Political violence,3752,5.5347,10.583
2024-08-03,Middle Africa,Cameroon,Ouest,Riots,Mob violence,1,3,10346,Political violence,3752,5.5347,10.583
2024-10-26,Middle Africa,Cameroon,Ouest,Riots,Mob violence,1,1,9513,Political violence,3752,5.5347,10.583
2026-06-13,Middle Africa,Cameroon,Ouest,Riots,Mob violence,2,2,8765,Political violence,3752,5.5347,10.583
2020-04-25,Middle Africa,Cameroon,Ouest,Riots,Violent demonstration,1,0,89786,Demonstrations,3752,5.5347,10.583
2020-05-02,Middle Africa,Cameroon,Ouest,Riots,Violent demonstration,1,0,35218,Demonstrations,3752,5.5347,10.583
2020-05-09,Middle Africa,Cameroon,Ouest,Riots,Violent demonstration,1,0,89786,Demonstrations,3752,5.5347,10.583
2020-09-19,Middle Africa,Cameroon,Ouest,Riots,Violent demonstration,1,0,17506,Demonstrations,3752,5.5347,10.583
2021-05-01,Middle Africa,Cameroon,Ouest,Riots,Violent demonstration,1,2,35959,Demonstrations,3752,5.5347,10.583
2022-04-16,Middle Africa,Cameroon,Ouest,Riots,Violent demonstration,1,0,70295,Demonstrations,3752,5.5347,10.583
2022-04-30,Middle Africa,Cameroon,Ouest,Riots,Violent demonstration,2,0,36477,Demonstrations,3752,5.5347,10.583
2022-05-07,Middle Africa,Cameroon,Ouest,Riots,Violent demonstration,2,0,36477,Demonstrations,3752,5.5347,10.583
2023-10-21,Middle Africa,Cameroon,Ouest,Riots,Violent demonstration,1,0,36742,Demonstrations,3752,5.5347,10.583
2025-10-11,Middle Africa,Cameroon,Ouest,Riots,Violent demonstration,1,0,35721,Demonstrations,3752,5.5347,10.583
2025-10-25,Middle Africa,Cameroon,Ouest,Riots,Violent demonstration,3,1,116782,Demonstrations,3752,5.5347,10.583
2023-09-02,Middle Africa,Cameroon,Ouest,Strategic developments,Arrests,1,0,,Strategic developments,3752,5.5347,10.583
2021-05-15,Middle Africa,Cameroon,Ouest,Strategic developments,Disrupted weapons use,1,0,,Strategic developments,3752,5.5347,10.583
2024-02-24,Middle Africa,Cameroon,Ouest,Strategic developments,Disrupted weapons use,1,0,,Strategic developments,3752,5.5347,10.583
2020-01-11,Middle Africa,Cameroon,Ouest,Strategic developments,Looting/property destruction,1,0,,Strategic developments,3752,5.5347,10.583
2020-01-18,Middle Africa,Cameroon,Ouest,Strategic developments,Looting/property destruction,1,0,,Strategic developments,3752,5.5347,10.583
2020-10-10,Middle Africa,Cameroon,Ouest,Strategic developments,Looting/property destruction,1,0,,Strategic developments,3752,5.5347,10.583
2021-07-10,Middle Africa,Cameroon,Ouest,Strategic developments,Looting/property destruction,1,0,,Strategic developments,3752,5.5347,10.583
2021-11-13,Middle Africa,Cameroon,Ouest,Strategic developments,Looting/property destruction,1,0,,Strategic developments,3752,5.5347,10.583
2022-07-02,Middle Africa,Cameroon,Ouest,Strategic developments,Looting/property destruction,1,0,,Strategic developments,3752,5.5347,10.583
2023-12-16,Middle Africa,Cameroon,Ouest,Strategic developments,Looting/property destruction,2,0,,Strategic developments,3752,5.5347,10.583
2024-08-24,Middle Africa,Cameroon,Ouest,Strategic developments,Other,1,0,,Strategic developments,3752,5.5347,10.583
2025-10-18,Middle Africa,Cameroon,Ouest,Strategic developments,Other,1,0,,Strategic developments,3752,5.5347,10.583
2026-04-04,Middle Africa,Cameroon,Ouest,Strategic developments,Other,1,0,,Strategic developments,3752,5.5347,10.583
2021-05-29,Middle Africa,Cameroon,Ouest,Violence against civilians,Abduction/forced disappearance,1,0,17713,Political violence,3752,5.5347,10.583
2022-06-25,Middle Africa,Cameroon,Ouest,Violence against civilians,Abduction/forced disappearance,1,0,3994,Political violence,3752,5.5347,10.583
2022-09-17,Middle Africa,Cameroon,Ouest,Violence against civilians,Abduction/forced disappearance,1,0,9285,Political violence,3752,5.5347,10.583
2023-01-07,Middle Africa,Cameroon,Ouest,Violence against civilians,Abduction/forced disappearance,1,0,18136,Political violence,3752,5.5347,10.583
2023-02-04,Middle Africa,Cameroon,Ouest,Violence against civilians,Abduction/forced disappearance,1,0,93137,Political violence,3752,5.5347,10.583
2023-04-08,Middle Africa,Cameroon,Ouest,Violence against civilians,Abduction/forced disappearance,1,0,10220,Political violence,3752,5.5347,10.583
2023-07-15,Middle Africa,Cameroon,Ouest,Violence against civilians,Abduction/forced disappearance,1,0,4050,Political violence,3752,5.5347,10.583
2023-09-02,Middle Africa,Cameroon,Ouest,Violence against civilians,Abduction/forced disappearance,1,0,3679,Political violence,3752,5.5347,10.583
2023-12-09,Middle Africa,Cameroon,Ouest,Violence against civilians,Abduction/forced disappearance,1,0,2472,Political violence,3752,5.5347,10.583
2024-07-06,Middle Africa,Cameroon,Ouest,Violence against civilians,Abduction/forced disappearance,1,0,6268,Political violence,3752,5.5347,10.583
2026-07-18,Middle Africa,Cameroon,Ouest,Violence against civilians,Abduction/forced disappearance,1,0,5987,Political violence,3752,5.5347,10.583
2020-01-18,Middle Africa,Cameroon,Ouest,Violence against civilians,Attack,1,2,49597,Political violence,3752,5.5347,10.583
2020-03-14,Middle Africa,Cameroon,Ouest,Violence against civilians,Attack,1,1,259985,Political violence,3752,5.5347,10.583
2020-05-09,Middle Africa,Cameroon,Ouest,Violence against civilians,Attack,1,1,259985,Political violence,3752,5.5347,10.583
2021-01-09,Middle Africa,Cameroon,Ouest,Violence against civilians,Attack,1,0,5607,Political violence,3752,5.5347,10.583
2021-02-20,Middle Africa,Cameroon,Ouest,Violence against civilians,Attack,1,0,90885,Political violence,3752,5.5347,10.583
2021-05-29,Middle Africa,Cameroon,Ouest,Violence against civilians,Attack,1,2,33887,Political violence,3752,5.5347,10.583
2021-07-17,Middle Africa,Cameroon,Ouest,Violence against civilians,Attack,1,0,90885,Political violence,3752,5.5347,10.583
2021-08-14,Middle Africa,Cameroon,Ouest,Violence against civilians,Attack,1,1,20462,Political violence,3752,5.5347,10.583
2021-10-23,Middle Africa,Cameroon,Ouest,Violence against civilians,Attack,2,1,100607,Political violence,3752,5.5347,10.583
2021-10-30,Middle Africa,Cameroon,Ouest,Violence against civilians,Attack,1,1,57762,Political violence,3752,5.5347,10.583
2021-11-20,Middle Africa,Cameroon,Ouest,Violence against civilians,Attack,1,10,7779,Political violence,3752,5.5347,10.583
2022-04-16,Middle Africa,Cameroon,Ouest,Violence against civilians,Attack,1,1,112756,Political violence,3752,5.5347,10.583
2022-05-28,Middle Africa,Cameroon,Ouest,Violence against civilians,Attack,2,4,104217,Political violence,3752,5.5347,10.583
2022-06-18,Middle Africa,Cameroon,Ouest,Violence against civilians,Attack,1,0,9285,Political violence,3752,5.5347,10.583
2022-06-25,Middle Africa,Cameroon,Ouest,Violence against civilians,Attack,1,0,34226,Political violence,3752,5.5347,10.583
2022-08-20,Middle Africa,Cameroon,Ouest,Violence against civilians,Attack,1,1,15328,Political violence,3752,5.5347,10.583
2022-09-17,Middle Africa,Cameroon,Ouest,Violence against civilians,Attack,2,2,50050,Political violence,3752,5.5347,10.583
2022-10-29,Middle Africa,Cameroon,Ouest,Violence against civilians,Attack,1,1,29746,Political violence,3752,5.5347,10.583
2022-11-26,Middle Africa,Cameroon,Ouest,Violence against civilians,Attack,2,1,38878,Political violence,3752,5.5347,10.583
2023-02-04,Middle Africa,Cameroon,Ouest,Violence against civilians,Attack,3,2,301726,Political violence,3752,5.5347,10.583
2023-02-25,Middle Africa,Cameroon,Ouest,Violence against civilians,Attack,1,0,1870,Political violence,3752,5.5347,10.583
2023-04-08,Middle Africa,Cameroon,Ouest,Violence against civilians,Attack,1,2,16161,Political violence,3752,5.5347,10.583
2023-08-05,Middle Africa,Cameroon,Ouest,Violence against civilians,Attack,1,2,7835,Political violence,3752,5.5347,10.583
2023-12-23,Middle Africa,Cameroon,Ouest,Violence against civilians,Attack,2,2,51454,Political violence,3752,5.5347,10.583
2024-01-06,Middle Africa,Cameroon,Ouest,Violence against civilians,Attack,1,0,9513,Political violence,3752,5.5347,10.583
2024-06-29,Middle Africa,Cameroon,Ouest,Violence against civilians,Attack,1,1,11285,Political violence,3752,5.5347,10.583
2025-12-27,Middle Africa,Cameroon,Ouest,Violence against civilians,Attack,1,1,10584,Political violence,3752,5.5347,10.583
2020-05-16,Middle Africa,Cameroon,Ouest,Violence against civilians,Sexual violence,1,0,89786,Political violence,3752,5.5347,10.583
2023-02-18,Middle Africa,Cameroon,Ouest,Violence against civilians,Sexual violence,1,1,40082,Political violence,3752,5.5347,10.583
2023-05-27,Middle Africa,Cameroon,Ouest,Violence against civilians,Sexual violence,1,0,93137,Political violence,3752,5.5347,10.583
2023-06-10,Middle Africa,Cameroon,Ouest,Violence against civilians,Sexual violence,1,0,93137,Political violence,3752,5.5347,10.583
2020-06-06,Middle Africa,Cameroon,Sud,Battles,Armed clash,1,0,74444,Political violence,3750,2.9212,11.3475
2020-02-22,Middle Africa,Cameroon,Sud,Protests,Peaceful protest,1,0,25555,Demonstrations,3750,2.9212,11.3475
2020-03-21,Middle Africa,Cameroon,Sud,Protests,Peaceful protest,1,0,25555,Demonstrations,3750,2.9212,11.3475
2020-08-22,Middle Africa,Cameroon,Sud,Protests,Peaceful protest,1,0,25555,Demonstrations,3750,2.9212,11.3475
2020-11-14,Middle Africa,Cameroon,Sud,Protests,Peaceful protest,1,0,25555,Demonstrations,3750,2.9212,11.3475
2021-01-23,Middle Africa,Cameroon,Sud,Protests,Peaceful protest,1,0,25802,Demonstrations,3750,2.9212,11.3475
2021-06-05,Middle Africa,Cameroon,Sud,Protests,Peaceful protest,1,0,25802,Demonstrations,3750,2.9212,11.3475
2021-06-12,Middle Africa,Cameroon,Sud,Protests,Peaceful protest,1,0,25802,Demonstrations,3750,2.9212,11.3475
2021-07-10,Middle Africa,Cameroon,Sud,Protests,Peaceful protest,1,0,25802,Demonstrations,3750,2.9212,11.3475
2021-07-24,Middle Africa,Cameroon,Sud,Protests,Peaceful protest,1,0,25802,Demonstrations,3750,2.9212,11.3475
2021-10-02,Middle Africa,Cameroon,Sud,Protests,Peaceful protest,1,0,25802,Demonstrations,3750,2.9212,11.3475
2021-10-09,Middle Africa,Cameroon,Sud,Protests,Peaceful protest,1,0,14204,Demonstrations,3750,2.9212,11.3475
2021-11-20,Middle Africa,Cameroon,Sud,Protests,Peaceful protest,1,0,25802,Demonstrations,3750,2.9212,11.3475
2022-03-05,Middle Africa,Cameroon,Sud,Protests,Peaceful protest,1,0,11323,Demonstrations,3750,2.9212,11.3475
2022-04-09,Middle Africa,Cameroon,Sud,Protests,Peaceful protest,1,0,11323,Demonstrations,3750,2.9212,11.3475
2024-11-02,Middle Africa,Cameroon,Sud,Protests,Peaceful protest,1,0,11573,Demonstrations,3750,2.9212,11.3475
2025-02-22,Middle Africa,Cameroon,Sud,Protests,Peaceful protest,1,0,226,Demonstrations,3750,2.9212,11.3475
2025-04-12,Middle Africa,Cameroon,Sud,Protests,Peaceful protest,1,0,596,Demonstrations,3750,2.9212,11.3475
2021-01-02,Middle Africa,Cameroon,Sud,Protests,Protest with intervention,1,0,2215,Demonstrations,3750,2.9212,11.3475
2021-09-25,Middle Africa,Cameroon,Sud,Protests,Protest with intervention,1,0,11203,Demonstrations,3750,2.9212,11.3475
2021-02-27,Middle Africa,Cameroon,Sud,Riots,Mob violence,1,0,52032,Political violence,3750,2.9212,11.3475
2021-05-22,Middle Africa,Cameroon,Sud,Riots,Mob violence,1,0,52032,Political violence,3750,2.9212,11.3475
2021-09-18,Middle Africa,Cameroon,Sud,Riots,Mob violence,1,0,26,Political violence,3750,2.9212,11.3475
2021-09-25,Middle Africa,Cameroon,Sud,Riots,Mob violence,1,0,52032,Political violence,3750,2.9212,11.3475
2021-10-02,Middle Africa,Cameroon,Sud,Riots,Mob violence,1,0,52032,Political violence,3750,2.9212,11.3475
2022-12-24,Middle Africa,Cameroon,Sud,Riots,Mob violence,1,0,52567,Political violence,3750,2.9212,11.3475
2023-05-20,Middle Africa,Cameroon,Sud,Riots,Mob violence,1,0,38437,Political violence,3750,2.9212,11.3475
2024-04-20,Middle Africa,Cameroon,Sud,Riots,Mob violence,1,0,146,Political violence,3750,2.9212,11.3475
2024-04-27,Middle Africa,Cameroon,Sud,Riots,Mob violence,1,0,53682,Political violence,3750,2.9212,11.3475
2024-05-04,Middle Africa,Cameroon,Sud,Riots,Mob violence,1,0,30931,Political violence,3750,2.9212,11.3475
2025-02-15,Middle Africa,Cameroon,Sud,Riots,Mob violence,1,1,1323,Political violence,3750,2.9212,11.3475
2020-12-26,Middle Africa,Cameroon,Sud,Riots,Violent demonstration,1,0,37276,Demonstrations,3750,2.9212,11.3475
2023-08-26,Middle Africa,Cameroon,Sud,Strategic developments,Change to group/activity,1,0,,Strategic developments,3750,2.9212,11.3475
2024-07-20,Middle Africa,Cameroon,Sud,Strategic developments,Other,1,0,,Strategic developments,3750,2.9212,11.3475
2021-06-26,Middle Africa,Cameroon,Sud,Violence against civilians,Attack,1,0,17465,Political violence,3750,2.9212,11.3475
2020-01-04,Middle Africa,Cameroon,Sud-Ouest,Battles,Armed clash,5,2,125663,Political violence,3751,5.236,9.2808
2020-01-11,Middle Africa,Cameroon,Sud-Ouest,Battles,Armed clash,2,2,100668,Political violence,3751,5.236,9.2808
2020-01-18,Middle Africa,Cameroon,Sud-Ouest,Battles,Armed clash,1,2,2156,Political violence,3751,5.236,9.2808
2020-01-25,Middle Africa,Cameroon,Sud-Ouest,Battles,Armed clash,1,2,19351,Political violence,3751,5.236,9.2808
2020-02-01,Middle Africa,Cameroon,Sud-Ouest,Battles,Armed clash,4,0,160373,Political violence,3751,5.236,9.2808
2020-02-08,Middle Africa,Cameroon,Sud-Ouest,Battles,Armed clash,11,8,250594,Political violence,3751,5.236,9.2808
2020-03-07,Middle Africa,Cameroon,Sud-Ouest,Battles,Armed clash,4,5,20078,Political violence,3751,5.236,9.2808
2020-03-14,Middle Africa,Cameroon,Sud-Ouest,Battles,Armed clash,3,1,25748,Political violence,3751,5.236,9.2808
2020-03-21,Middle Africa,Cameroon,Sud-Ouest,Battles,Armed clash,1,3,30460,Political violence,3751,5.236,9.2808
2020-03-28,Middle Africa,Cameroon,Sud-Ouest,Battles,Armed clash,1,50,74765,Political violence,3751,5.236,9.2808
2020-04-04,Middle Africa,Cameroon,Sud-Ouest,Battles,Armed clash,1,2,74765,Political violence,3751,5.236,9.2808
2020-04-11,Middle Africa,Cameroon,Sud-Ouest,Battles,Armed clash,2,5,20615,Political violence,3751,5.236,9.2808
2020-04-18,Middle Africa,Cameroon,Sud-Ouest,Battles,Armed clash,1,6,7036,Political violence,3751,5.236,9.2808
2020-04-25,Middle Africa,Cameroon,Sud-Ouest,Battles,Armed clash,1,1,56828,Political violence,3751,5.236,9.2808
2020-05-02,Middle Africa,Cameroon,Sud-Ouest,Battles,Armed clash,1,17,9523,Political violence,3751,5.236,9.2808
2020-05-09,Middle Africa,Cameroon,Sud-Ouest,Battles,Armed clash,2,17,10556,Political violence,3751,5.236,9.2808
2020-05-16,Middle Africa,Cameroon,Sud-Ouest,Battles,Armed clash,4,1,21642,Political violence,3751,5.236,9.2808
2020-05-23,Middle Africa,Cameroon,Sud-Ouest,Battles,Armed clash,1,1,34403,Political violence,3751,5.236,9.2808
2020-05-30,Middle Africa,Cameroon,Sud-Ouest,Battles,Armed clash,2,1,3695,Political violence,3751,5.236,9.2808
2020-06-06,Middle Africa,Cameroon,Sud-Ouest,Battles,Armed clash,1,6,2483,Political violence,3751,5.236,9.2808
2020-06-13,Middle Africa,Cameroon,Sud-Ouest,Battles,Armed clash,2,3,60351,Political violence,3751,5.236,9.2808
2020-06-20,Middle Africa,Cameroon,Sud-Ouest,Battles,Armed clash,1,1,12448,Political violence,3751,5.236,9.2808
2020-06-27,Middle Africa,Cameroon,Sud-Ouest,Battles,Armed clash,5,0,238401,Political violence,3751,5.236,9.2808
2020-07-11,Middle Africa,Cameroon,Sud-Ouest,Battles,Armed clash,4,5,247004,Political violence,3751,5.236,9.2808
2020-08-01,Middle Africa,Cameroon,Sud-Ouest,Battles,Armed clash,1,0,92824,Political violence,3751,5.236,9.2808
2020-08-08,Middle Africa,Cameroon,Sud-Ouest,Battles,Armed clash,3,21,36938,Political violence,3751,5.236,9.2808
2020-08-15,Middle Africa,Cameroon,Sud-Ouest,Battles,Armed clash,3,5,77846,Political violence,3751,5.236,9.2808
2020-08-22,Middle Africa,Cameroon,Sud-Ouest,Battles,Armed clash,1,0,33965,Political violence,3751,5.236,9.2808
2020-09-05,Middle Africa,Cameroon,Sud-Ouest,Battles,Armed clash,1,7,11730,Political violence,3751,5.236,9.2808
2020-09-12,Middle Africa,Cameroon,Sud-Ouest,Battles,Armed clash,3,13,42504,Political violence,3751,5.236,9.2808
2020-09-19,Middle Africa,Cameroon,Sud-Ouest,Battles,Armed clash,1,1,13589,Political violence,3751,5.236,9.2808
2020-09-26,Middle Africa,Cameroon,Sud-Ouest,Battles,Armed clash,3,10,63571,Political violence,3751,5.236,9.2808
2020-10-10,Middle Africa,Cameroon,Sud-Ouest,Battles,Armed clash,2,12,38989,Political violence,3751,5.236,9.2808
2020-10-17,Middle Africa,Cameroon,Sud-Ouest,Battles,Armed clash,4,3,145869,Political violence,3751,5.236,9.2808
2020-10-24,Middle Africa,Cameroon,Sud-Ouest,Battles,Armed clash,3,3,185511,Political violence,3751,5.236,9.2808
2020-11-07,Middle Africa,Cameroon,Sud-Ouest,Battles,Armed clash,1,0,1147,Political violence,3751,5.236,9.2808
2020-11-21,Middle Africa,Cameroon,Sud-Ouest,Battles,Armed clash,2,3,105294,Political violence,3751,5.236,9.2808
2020-11-28,Middle Africa,Cameroon,Sud-Ouest,Battles,Armed clash,2,1,52610,Political violence,3751,5.236,9.2808
2020-12-05,Middle Africa,Cameroon,Sud-Ouest,Battles,Armed clash,1,0,92824,Political violence,3751,5.236,9.2808
2020-12-12,Middle Africa,Cameroon,Sud-Ouest,Battles,Armed clash,1,0,4081,Political violence,3751,5.236,9.2808
2021-01-02,Middle Africa,Cameroon,Sud-Ouest,Battles,Armed clash,5,17,70436,Political violence,3751,5.236,9.2808
2021-01-09,Middle Africa,Cameroon,Sud-Ouest,Battles,Armed clash,6,4,299502,Political violence,3751,5.236,9.2808
2021-01-16,Middle Africa,Cameroon,Sud-Ouest,Battles,Armed clash,8,6,189543,Political violence,3751,5.236,9.2808
2021-01-23,Middle Africa,Cameroon,Sud-Ouest,Battles,Armed clash,2,2,20913,Political violence,3751,5.236,9.2808
2021-01-30,Middle Africa,Cameroon,Sud-Ouest,Battles,Armed clash,3,1,64116,Political violence,3751,5.236,9.2808
2021-02-06,Middle Africa,Cameroon,Sud-Ouest,Battles,Armed clash,7,12,115180,Political violence,3751,5.236,9.2808
2021-02-13,Middle Africa,Cameroon,Sud-Ouest,Battles,Armed clash,4,5,47250,Political violence,3751,5.236,9.2808
2021-02-20,Middle Africa,Cameroon,Sud-Ouest,Battles,Armed clash,5,1,128016,Political violence,3751,5.236,9.2808
2021-03-06,Middle Africa,Cameroon,Sud-Ouest,Battles,Armed clash,3,4,40501,Political violence,3751,5.236,9.2808
2021-03-13,Middle Africa,Cameroon,Sud-Ouest,Battles,Armed clash,1,6,8151,Political violence,3751,5.236,9.2808
2021-03-20,Middle Africa,Cameroon,Sud-Ouest,Battles,Armed clash,9,14,63964,Political violence,3751,5.236,9.2808
2021-03-27,Middle Africa,Cameroon,Sud-Ouest,Battles,Armed clash,5,4,201757,Political violence,3751,5.236,9.2808
2021-04-10,Middle Africa,Cameroon,Sud-Ouest,Battles,Armed clash,1,1,3418,Political violence,3751,5.236,9.2808
2021-04-17,Middle Africa,Cameroon,Sud-Ouest,Battles,Armed clash,3,2,103287,Political violence,3751,5.236,9.2808
2021-04-24,Middle Africa,Cameroon,Sud-Ouest,Battles,Armed clash,2,0,35035,Political violence,3751,5.236,9.2808
2021-05-01,Middle Africa,Cameroon,Sud-Ouest,Battles,Armed clash,4,2,25578,Political violence,3751,5.236,9.2808
2021-05-08,Middle Africa,Cameroon,Sud-Ouest,Battles,Armed clash,4,4,75440,Political violence,3751,5.236,9.2808
2021-05-15,Middle Africa,Cameroon,Sud-Ouest,Battles,Armed clash,3,12,94083,Political violence,3751,5.236,9.2808
2021-05-22,Middle Africa,Cameroon,Sud-Ouest,Battles,Armed clash,2,3,9624,Political violence,3751,5.236,9.2808
2021-06-05,Middle Africa,Cameroon,Sud-Ouest,Battles,Armed clash,1,5,2307,Political violence,3751,5.236,9.2808
2021-06-12,Middle Africa,Cameroon,Sud-Ouest,Battles,Armed clash,8,9,155891,Political violence,3751,5.236,9.2808
2021-06-19,Middle Africa,Cameroon,Sud-Ouest,Battles,Armed clash,3,1,44744,Political violence,3751,5.236,9.2808
2021-06-26,Middle Africa,Cameroon,Sud-Ouest,Battles,Armed clash,10,16,334475,Political violence,3751,5.236,9.2808
2021-07-03,Middle Africa,Cameroon,Sud-Ouest,Battles,Armed clash,3,7,173169,Political violence,3751,5.236,9.2808
2021-07-10,Middle Africa,Cameroon,Sud-Ouest,Battles,Armed clash,1,8,16504,Political violence,3751,5.236,9.2808
2021-07-17,Middle Africa,Cameroon,Sud-Ouest,Battles,Armed clash,3,1,123460,Political violence,3751,5.236,9.2808
2021-07-31,Middle Africa,Cameroon,Sud-Ouest,Battles,Armed clash,1,1,92203,Political violence,3751,5.236,9.2808
2021-08-14,Middle Africa,Cameroon,Sud-Ouest,Battles,Armed clash,3,3,92896,Political violence,3751,5.236,9.2808
2021-08-21,Middle Africa,Cameroon,Sud-Ouest,Battles,Armed clash,5,3,145483,Political violence,3751,5.236,9.2808
2021-08-28,Middle Africa,Cameroon,Sud-Ouest,Battles,Armed clash,3,4,16731,Political violence,3751,5.236,9.2808
2021-09-11,Middle Africa,Cameroon,Sud-Ouest,Battles,Armed clash,1,1,8475,Political violence,3751,5.236,9.2808
2021-09-18,Middle Africa,Cameroon,Sud-Ouest,Battles,Armed clash,4,9,14751,Political violence,3751,5.236,9.2808
2021-09-25,Middle Africa,Cameroon,Sud-Ouest,Battles,Armed clash,1,0,52119,Political violence,3751,5.236,9.2808
2021-10-02,Middle Africa,Cameroon,Sud-Ouest,Battles,Armed clash,1,0,14103,Political violence,3751,5.236,9.2808
2021-10-09,Middle Africa,Cameroon,Sud-Ouest,Battles,Armed clash,1,0,92203,Political violence,3751,5.236,9.2808
2021-10-16,Middle Africa,Cameroon,Sud-Ouest,Battles,Armed clash,3,0,29472,Political violence,3751,5.236,9.2808
2021-10-23,Middle Africa,Cameroon,Sud-Ouest,Battles,Armed clash,1,2,693,Political violence,3751,5.236,9.2808
2021-10-30,Middle Africa,Cameroon,Sud-Ouest,Battles,Armed clash,3,6,32260,Political violence,3751,5.236,9.2808
2021-11-06,Middle Africa,Cameroon,Sud-Ouest,Battles,Armed clash,1,0,38129,Political violence,3751,5.236,9.2808
2021-11-13,Middle Africa,Cameroon,Sud-Ouest,Battles,Armed clash,3,4,21496,Political violence,3751,5.236,9.2808
2021-11-20,Middle Africa,Cameroon,Sud-Ouest,Battles,Armed clash,1,1,3355,Political violence,3751,5.236,9.2808
2022-01-08,Middle Africa,Cameroon,Sud-Ouest,Battles,Armed clash,5,5,194643,Political violence,3751,5.236,9.2808
2022-01-15,Middle Africa,Cameroon,Sud-Ouest,Battles,Armed clash,3,5,27409,Political violence,3751,5.236,9.2808
2022-02-05,Middle Africa,Cameroon,Sud-Ouest,Battles,Armed clash,1,0,18892,Political violence,3751,5.236,9.2808
2022-02-19,Middle Africa,Cameroon,Sud-Ouest,Battles,Armed clash,2,3,49607,Political violence,3751,5.236,9.2808
2022-04-09,Middle Africa,Cameroon,Sud-Ouest,Battles,Armed clash,2,2,20858,Political violence,3751,5.236,9.2808
2022-04-16,Middle Africa,Cameroon,Sud-Ouest,Battles,Armed clash,3,2,81325,Political violence,3751,5.236,9.2808
2022-04-23,Middle Africa,Cameroon,Sud-Ouest,Battles,Armed clash,2,7,24141,Political violence,3751,5.236,9.2808
2022-04-30,Middle Africa,Cameroon,Sud-Ouest,Battles,Armed clash,1,0,10567,Political violence,3751,5.236,9.2808
2022-05-07,Middle Africa,Cameroon,Sud-Ouest,Battles,Armed clash,2,0,89084,Political violence,3751,5.236,9.2808
2022-05-21,Middle Africa,Cameroon,Sud-Ouest,Battles,Armed clash,7,16,45586,Political violence,3751,5.236,9.2808
2022-05-28,Middle Africa,Cameroon,Sud-Ouest,Battles,Armed clash,6,15,229501,Political violence,3751,5.236,9.2808
2022-06-04,Middle Africa,Cameroon,Sud-Ouest,Battles,Armed clash,6,6,247890,Political violence,3751,5.236,9.2808
2022-06-11,Middle Africa,Cameroon,Sud-Ouest,Battles,Armed clash,1,2,4404,Political violence,3751,5.236,9.2808
2022-06-18,Middle Africa,Cameroon,Sud-Ouest,Battles,Armed clash,2,1,43959,Political violence,3751,5.236,9.2808
2022-06-25,Middle Africa,Cameroon,Sud-Ouest,Battles,Armed clash,5,3,151199,Political violence,3751,5.236,9.2808
2022-07-02,Middle Africa,Cameroon,Sud-Ouest,Battles,Armed clash,3,3,53073,Political violence,3751,5.236,9.2808
2022-07-09,Middle Africa,Cameroon,Sud-Ouest,Battles,Armed clash,1,1,4172,Political violence,3751,5.236,9.2808
2022-07-23,Middle Africa,Cameroon,Sud-Ouest,Battles,Armed clash,6,8,142393,Political violence,3751,5.236,9.2808
2022-07-30,Middle Africa,Cameroon,Sud-Ouest,Battles,Armed clash,2,5,7061,Political violence,3751,5.236,9.2808
2022-08-06,Middle Africa,Cameroon,Sud-Ouest,Battles,Armed clash,1,0,4778,Political violence,3751,5.236,9.2808
2022-08-13,Middle Africa,Cameroon,Sud-Ouest,Battles,Armed clash,3,3,5130,Political violence,3751,5.236,9.2808
2022-08-20,Middle Africa,Cameroon,Sud-Ouest,Battles,Armed clash,4,8,34182,Political violence,3751,5.236,9.2808
2022-08-27,Middle Africa,Cameroon,Sud-Ouest,Battles,Armed clash,6,3,25025,Political violence,3751,5.236,9.2808
2022-09-03,Middle Africa,Cameroon,Sud-Ouest,Battles,Armed clash,1,1,16449,Political violence,3751,5.236,9.2808
2022-09-10,Middle Africa,Cameroon,Sud-Ouest,Battles,Armed clash,6,4,159897,Political violence,3751,5.236,9.2808
2022-09-17,Middle Africa,Cameroon,Sud-Ouest,Battles,Armed clash,5,4,165523,Political violence,3751,5.236,9.2808
2022-09-24,Middle Africa,Cameroon,Sud-Ouest,Battles,Armed clash,1,1,3488,Political violence,3751,5.236,9.2808
2022-10-01,Middle Africa,Cameroon,Sud-Ouest,Battles,Armed clash,1,0,7279,Political violence,3751,5.236,9.2808
2022-10-08,Middle Africa,Cameroon,Sud-Ouest,Battles,Armed clash,7,13,82486,Political violence,3751,5.236,9.2808
2022-10-15,Middle Africa,Cameroon,Sud-Ouest,Battles,Armed clash,4,2,56438,Political violence,3751,5.236,9.2808
2022-10-22,Middle Africa,Cameroon,Sud-Ouest,Battles,Armed clash,3,9,21139,Political violence,3751,5.236,9.2808
2022-10-29,Middle Africa,Cameroon,Sud-Ouest,Battles,Armed clash,4,2,168360,Political violence,3751,5.236,9.2808
2022-11-05,Middle Africa,Cameroon,Sud-Ouest,Battles,Armed clash,4,1,33942,Political violence,3751,5.236,9.2808
2022-11-12,Middle Africa,Cameroon,Sud-Ouest,Battles,Armed clash,5,4,23483,Political violence,3751,5.236,9.2808
2022-11-19,Middle Africa,Cameroon,Sud-Ouest,Battles,Armed clash,3,2,25267,Political violence,3751,5.236,9.2808
2022-11-26,Middle Africa,Cameroon,Sud-Ouest,Battles,Armed clash,5,4,59181,Political violence,3751,5.236,9.2808
2022-12-10,Middle Africa,Cameroon,Sud-Ouest,Battles,Armed clash,3,0,52306,Political violence,3751,5.236,9.2808
2022-12-17,Middle Africa,Cameroon,Sud-Ouest,Battles,Armed clash,5,5,25377,Political violence,3751,5.236,9.2808
2022-12-24,Middle Africa,Cameroon,Sud-Ouest,Battles,Armed clash,1,3,6637,Political violence,3751,5.236,9.2808
2022-12-31,Middle Africa,Cameroon,Sud-Ouest,Battles,Armed clash,3,3,15540,Political violence,3751,5.236,9.2808
2023-01-07,Middle Africa,Cameroon,Sud-Ouest,Battles,Armed clash,7,10,111578,Political violence,3751,5.236,9.2808
2023-01-14,Middle Africa,Cameroon,Sud-Ouest,Battles,Armed clash,9,7,100570,Political violence,3751,5.236,9.2808
2023-01-21,Middle Africa,Cameroon,Sud-Ouest,Battles,Armed clash,4,2,239215,Political violence,3751,5.236,9.2808
2023-01-28,Middle Africa,Cameroon,Sud-Ouest,Battles,Armed clash,11,10,81918,Political violence,3751,5.236,9.2808
2023-02-04,Middle Africa,Cameroon,Sud-Ouest,Battles,Armed clash,12,6,228083,Political violence,3751,5.236,9.2808
2023-02-11,Middle Africa,Cameroon,Sud-Ouest,Battles,Armed clash,2,3,15695,Political violence,3751,5.236,9.2808
2023-02-18,Middle Africa,Cameroon,Sud-Ouest,Battles,Armed clash,5,8,66263,Political violence,3751,5.236,9.2808
2023-02-25,Middle Africa,Cameroon,Sud-Ouest,Battles,Armed clash,5,2,19442,Political violence,3751,5.236,9.2808
2023-03-11,Middle Africa,Cameroon,Sud-Ouest,Battles,Armed clash,9,14,257950,Political violence,3751,5.236,9.2808
2023-03-18,Middle Africa,Cameroon,Sud-Ouest,Battles,Armed clash,2,3,11215,Political violence,3751,5.236,9.2808
2023-03-25,Middle Africa,Cameroon,Sud-Ouest,Battles,Armed clash,2,5,3206,Political violence,3751,5.236,9.2808
2023-04-01,Middle Africa,Cameroon,Sud-Ouest,Battles,Armed clash,6,7,32558,Political violence,3751,5.236,9.2808
2023-04-08,Middle Africa,Cameroon,Sud-Ouest,Battles,Armed clash,4,14,51374,Political violence,3751,5.236,9.2808
2023-04-15,Middle Africa,Cameroon,Sud-Ouest,Battles,Armed clash,4,2,84086,Political violence,3751,5.236,9.2808
2023-04-22,Middle Africa,Cameroon,Sud-Ouest,Battles,Armed clash,3,3,18729,Political violence,3751,5.236,9.2808
2023-04-29,Middle Africa,Cameroon,Sud-Ouest,Battles,Armed clash,6,14,30469,Political violence,3751,5.236,9.2808
2023-05-06,Middle Africa,Cameroon,Sud-Ouest,Battles,Armed clash,5,6,45325,Political violence,3751,5.236,9.2808
2023-05-13,Middle Africa,Cameroon,Sud-Ouest,Battles,Armed clash,9,11,151497,Political violence,3751,5.236,9.2808
2023-05-20,Middle Africa,Cameroon,Sud-Ouest,Battles,Armed clash,6,6,42910,Political violence,3751,5.236,9.2808
2023-05-27,Middle Africa,Cameroon,Sud-Ouest,Battles,Armed clash,5,2,37622,Political violence,3751,5.236,9.2808
2023-06-03,Middle Africa,Cameroon,Sud-Ouest,Battles,Armed clash,8,10,105374,Political violence,3751,5.236,9.2808
2023-06-10,Middle Africa,Cameroon,Sud-Ouest,Battles,Armed clash,5,2,41119,Political violence,3751,5.236,9.2808
2023-06-17,Middle Africa,Cameroon,Sud-Ouest,Battles,Armed clash,5,5,10483,Political violence,3751,5.236,9.2808
2023-06-24,Middle Africa,Cameroon,Sud-Ouest,Battles,Armed clash,6,4,20284,Political violence,3751,5.236,9.2808
2023-07-01,Middle Africa,Cameroon,Sud-Ouest,Battles,Armed clash,2,3,7001,Political violence,3751,5.236,9.2808
2023-07-08,Middle Africa,Cameroon,Sud-Ouest,Battles,Armed clash,5,8,30875,Political violence,3751,5.236,9.2808
2023-07-15,Middle Africa,Cameroon,Sud-Ouest,Battles,Armed clash,3,5,24466,Political violence,3751,5.236,9.2808
2023-07-22,Middle Africa,Cameroon,Sud-Ouest,Battles,Armed clash,8,8,69476,Political violence,3751,5.236,9.2808
2023-07-29,Middle Africa,Cameroon,Sud-Ouest,Battles,Armed clash,1,1,116966,Political violence,3751,5.236,9.2808
2023-08-05,Middle Africa,Cameroon,Sud-Ouest,Battles,Armed clash,6,13,69331,Political violence,3751,5.236,9.2808
2023-08-12,Middle Africa,Cameroon,Sud-Ouest,Battles,Armed clash,3,7,14732,Political violence,3751,5.236,9.2808
2023-08-19,Middle Africa,Cameroon,Sud-Ouest,Battles,Armed clash,3,3,9383,Political violence,3751,5.236,9.2808
2023-08-26,Middle Africa,Cameroon,Sud-Ouest,Battles,Armed clash,8,9,78021,Political violence,3751,5.236,9.2808
2023-09-02,Middle Africa,Cameroon,Sud-Ouest,Battles,Armed clash,11,6,208418,Political violence,3751,5.236,9.2808
2023-09-09,Middle Africa,Cameroon,Sud-Ouest,Battles,Armed clash,8,3,31233,Political violence,3751,5.236,9.2808
2023-09-16,Middle Africa,Cameroon,Sud-Ouest,Battles,Armed clash,4,13,73698,Political violence,3751,5.236,9.2808
2023-09-23,Middle Africa,Cameroon,Sud-Ouest,Battles,Armed clash,2,3,4514,Political violence,3751,5.236,9.2808
2023-09-30,Middle Africa,Cameroon,Sud-Ouest,Battles,Armed clash,6,4,42389,Political violence,3751,5.236,9.2808
2023-10-07,Middle Africa,Cameroon,Sud-Ouest,Battles,Armed clash,8,17,147734,Political violence,3751,5.236,9.2808
2023-10-14,Middle Africa,Cameroon,Sud-Ouest,Battles,Armed clash,3,5,8712,Political violence,3751,5.236,9.2808
2023-10-21,Middle Africa,Cameroon,Sud-Ouest,Battles,Armed clash,5,2,35004,Political violence,3751,5.236,9.2808
2023-10-28,Middle Africa,Cameroon,Sud-Ouest,Battles,Armed clash,9,19,29911,Political violence,3751,5.236,9.2808
2023-11-04,Middle Africa,Cameroon,Sud-Ouest,Battles,Armed clash,6,3,50747,Political violence,3751,5.236,9.2808
2023-11-11,Middle Africa,Cameroon,Sud-Ouest,Battles,Armed clash,4,8,27719,Political violence,3751,5.236,9.2808
2023-11-18,Middle Africa,Cameroon,Sud-Ouest,Battles,Armed clash,2,1,3588,Political violence,3751,5.236,9.2808
2023-11-25,Middle Africa,Cameroon,Sud-Ouest,Battles,Armed clash,4,9,16892,Political violence,3751,5.236,9.2808
2023-12-02,Middle Africa,Cameroon,Sud-Ouest,Battles,Armed clash,5,5,87132,Political violence,3751,5.236,9.2808
2023-12-09,Middle Africa,Cameroon,Sud-Ouest,Battles,Armed clash,8,22,64131,Political violence,3751,5.236,9.2808
2023-12-16,Middle Africa,Cameroon,Sud-Ouest,Battles,Armed clash,7,17,187421,Political violence,3751,5.236,9.2808
2023-12-23,Middle Africa,Cameroon,Sud-Ouest,Battles,Armed clash,4,4,10458,Political violence,3751,5.236,9.2808
2023-12-30,Middle Africa,Cameroon,Sud-Ouest,Battles,Armed clash,3,6,23247,Political violence,3751,5.236,9.2808
2024-01-06,Middle Africa,Cameroon,Sud-Ouest,Battles,Armed clash,7,10,90499,Political violence,3751,5.236,9.2808
2024-01-13,Middle Africa,Cameroon,Sud-Ouest,Battles,Armed clash,6,9,23795,Political violence,3751,5.236,9.2808
2024-01-20,Middle Africa,Cameroon,Sud-Ouest,Battles,Armed clash,3,4,6022,Political violence,3751,5.236,9.2808
2024-01-27,Middle Africa,Cameroon,Sud-Ouest,Battles,Armed clash,3,2,11171,Political violence,3751,5.236,9.2808
2024-02-03,Middle Africa,Cameroon,Sud-Ouest,Battles,Armed clash,8,12,174506,Political violence,3751,5.236,9.2808
2024-02-10,Middle Africa,Cameroon,Sud-Ouest,Battles,Armed clash,12,19,137978,Political violence,3751,5.236,9.2808
2024-02-17,Middle Africa,Cameroon,Sud-Ouest,Battles,Armed clash,10,14,207131,Political violence,3751,5.236,9.2808
2024-02-24,Middle Africa,Cameroon,Sud-Ouest,Battles,Armed clash,1,4,7583,Political violence,3751,5.236,9.2808
2024-03-09,Middle Africa,Cameroon,Sud-Ouest,Battles,Armed clash,3,1,16260,Political violence,3751,5.236,9.2808
2024-03-16,Middle Africa,Cameroon,Sud-Ouest,Battles,Armed clash,6,5,29600,Political violence,3751,5.236,9.2808
2024-03-23,Middle Africa,Cameroon,Sud-Ouest,Battles,Armed clash,5,12,33511,Political violence,3751,5.236,9.2808
2024-03-30,Middle Africa,Cameroon,Sud-Ouest,Battles,Armed clash,6,7,58956,Political violence,3751,5.236,9.2808
2024-04-06,Middle Africa,Cameroon,Sud-Ouest,Battles,Armed clash,5,13,10950,Political violence,3751,5.236,9.2808
2024-04-13,Middle Africa,Cameroon,Sud-Ouest,Battles,Armed clash,10,28,81227,Political violence,3751,5.236,9.2808
2024-04-20,Middle Africa,Cameroon,Sud-Ouest,Battles,Armed clash,11,18,143158,Political violence,3751,5.236,9.2808
2024-04-27,Middle Africa,Cameroon,Sud-Ouest,Battles,Armed clash,6,9,168852,Political violence,3751,5.236,9.2808
2024-05-04,Middle Africa,Cameroon,Sud-Ouest,Battles,Armed clash,5,12,17129,Political violence,3751,5.236,9.2808
2024-05-11,Middle Africa,Cameroon,Sud-Ouest,Battles,Armed clash,11,23,152579,Political violence,3751,5.236,9.2808
2024-05-18,Middle Africa,Cameroon,Sud-Ouest,Battles,Armed clash,12,24,56354,Political violence,3751,5.236,9.2808
2024-05-25,Middle Africa,Cameroon,Sud-Ouest,Battles,Armed clash,5,10,8444,Political violence,3751,5.236,9.2808
2024-06-01,Middle Africa,Cameroon,Sud-Ouest,Battles,Armed clash,6,4,26358,Political violence,3751,5.236,9.2808
2024-06-08,Middle Africa,Cameroon,Sud-Ouest,Battles,Armed clash,5,4,83495,Political violence,3751,5.236,9.2808
2024-06-15,Middle Africa,Cameroon,Sud-Ouest,Battles,Armed clash,8,9,75828,Political violence,3751,5.236,9.2808
2024-06-22,Middle Africa,Cameroon,Sud-Ouest,Battles,Armed clash,8,7,63461,Political violence,3751,5.236,9.2808
2024-06-29,Middle Africa,Cameroon,Sud-Ouest,Battles,Armed clash,11,15,103237,Political violence,3751,5.236,9.2808
2024-07-06,Middle Africa,Cameroon,Sud-Ouest,Battles,Armed clash,6,7,173382,Political violence,3751,5.236,9.2808
2024-07-13,Middle Africa,Cameroon,Sud-Ouest,Battles,Armed clash,2,5,12667,Political violence,3751,5.236,9.2808
2024-07-20,Middle Africa,Cameroon,Sud-Ouest,Battles,Armed clash,6,12,230091,Political violence,3751,5.236,9.2808
2024-07-27,Middle Africa,Cameroon,Sud-Ouest,Battles,Armed clash,6,12,49890,Political violence,3751,5.236,9.2808
2024-08-03,Middle Africa,Cameroon,Sud-Ouest,Battles,Armed clash,10,22,66029,Political violence,3751,5.236,9.2808
2024-08-10,Middle Africa,Cameroon,Sud-Ouest,Battles,Armed clash,9,29,61618,Political violence,3751,5.236,9.2808
2024-08-24,Middle Africa,Cameroon,Sud-Ouest,Battles,Armed clash,10,18,68397,Political violence,3751,5.236,9.2808
2024-08-31,Middle Africa,Cameroon,Sud-Ouest,Battles,Armed clash,11,22,129434,Political violence,3751,5.236,9.2808
2024-09-14,Middle Africa,Cameroon,Sud-Ouest,Battles,Armed clash,4,8,41957,Political violence,3751,5.236,9.2808
2024-09-21,Middle Africa,Cameroon,Sud-Ouest,Battles,Armed clash,4,4,16571,Political violence,3751,5.236,9.2808
2024-09-28,Middle Africa,Cameroon,Sud-Ouest,Battles,Armed clash,9,21,55921,Political violence,3751,5.236,9.2808
2024-10-05,Middle Africa,Cameroon,Sud-Ouest,Battles,Armed clash,8,17,27516,Political violence,3751,5.236,9.2808
2024-10-12,Middle Africa,Cameroon,Sud-Ouest,Battles,Armed clash,10,30,89429,Political violence,3751,5.236,9.2808
2024-10-19,Middle Africa,Cameroon,Sud-Ouest,Battles,Armed clash,5,20,37100,Political violence,3751,5.236,9.2808
2024-10-26,Middle Africa,Cameroon,Sud-Ouest,Battles,Armed clash,5,7,44180,Political violence,3751,5.236,9.2808
2024-11-02,Middle Africa,Cameroon,Sud-Ouest,Battles,Armed clash,10,22,263136,Political violence,3751,5.236,9.2808
2024-11-09,Middle Africa,Cameroon,Sud-Ouest,Battles,Armed clash,10,40,60098,Political violence,3751,5.236,9.2808
2024-11-16,Middle Africa,Cameroon,Sud-Ouest,Battles,Armed clash,6,14,68422,Political violence,3751,5.236,9.2808
2024-11-23,Middle Africa,Cameroon,Sud-Ouest,Battles,Armed clash,10,35,127962,Political violence,3751,5.236,9.2808
2024-11-30,Middle Africa,Cameroon,Sud-Ouest,Battles,Armed clash,8,18,23543,Political violence,3751,5.236,9.2808
2024-12-07,Middle Africa,Cameroon,Sud-Ouest,Battles,Armed clash,5,18,42613,Political violence,3751,5.236,9.2808
2024-12-14,Middle Africa,Cameroon,Sud-Ouest,Battles,Armed clash,3,11,13227,Political violence,3751,5.236,9.2808
2024-12-21,Middle Africa,Cameroon,Sud-Ouest,Battles,Armed clash,1,2,9568,Political violence,3751,5.236,9.2808
2024-12-28,Middle Africa,Cameroon,Sud-Ouest,Battles,Armed clash,9,54,44872,Political violence,3751,5.236,9.2808
2025-01-04,Middle Africa,Cameroon,Sud-Ouest,Battles,Armed clash,6,21,19529,Political violence,3751,5.236,9.2808
2025-01-11,Middle Africa,Cameroon,Sud-Ouest,Battles,Armed clash,9,21,61412,Political violence,3751,5.236,9.2808
2025-01-18,Middle Africa,Cameroon,Sud-Ouest,Battles,Armed clash,2,1,18633,Political violence,3751,5.236,9.2808
2025-01-25,Middle Africa,Cameroon,Sud-Ouest,Battles,Armed clash,6,12,77709,Political violence,3751,5.236,9.2808
2025-02-01,Middle Africa,Cameroon,Sud-Ouest,Battles,Armed clash,1,2,13713,Political violence,3751,5.236,9.2808
2025-02-08,Middle Africa,Cameroon,Sud-Ouest,Battles,Armed clash,4,3,37517,Political violence,3751,5.236,9.2808
2025-02-15,Middle Africa,Cameroon,Sud-Ouest,Battles,Armed clash,2,6,9496,Political violence,3751,5.236,9.2808
2025-02-22,Middle Africa,Cameroon,Sud-Ouest,Battles,Armed clash,1,2,7479,Political violence,3751,5.236,9.2808
2025-03-01,Middle Africa,Cameroon,Sud-Ouest,Battles,Armed clash,4,9,12656,Political violence,3751,5.236,9.2808
2025-03-08,Middle Africa,Cameroon,Sud-Ouest,Battles,Armed clash,6,9,22302,Political violence,3751,5.236,9.2808
2025-03-15,Middle Africa,Cameroon,Sud-Ouest,Battles,Armed clash,3,4,69218,Political violence,3751,5.236,9.2808
2025-03-22,Middle Africa,Cameroon,Sud-Ouest,Battles,Armed clash,3,3,60110,Political violence,3751,5.236,9.2808
2025-03-29,Middle Africa,Cameroon,Sud-Ouest,Battles,Armed clash,6,9,82626,Political violence,3751,5.236,9.2808
2025-04-05,Middle Africa,Cameroon,Sud-Ouest,Battles,Armed clash,6,10,22217,Political violence,3751,5.236,9.2808
2025-04-12,Middle Africa,Cameroon,Sud-Ouest,Battles,Armed clash,11,11,130479,Political violence,3751,5.236,9.2808
2025-04-19,Middle Africa,Cameroon,Sud-Ouest,Battles,Armed clash,5,7,70561,Political violence,3751,5.236,9.2808
2025-04-26,Middle Africa,Cameroon,Sud-Ouest,Battles,Armed clash,3,6,11106,Political violence,3751,5.236,9.2808
2025-05-03,Middle Africa,Cameroon,Sud-Ouest,Battles,Armed clash,6,13,12999,Political violence,3751,5.236,9.2808
2025-05-10,Middle Africa,Cameroon,Sud-Ouest,Battles,Armed clash,12,23,157558,Political violence,3751,5.236,9.2808
2025-05-17,Middle Africa,Cameroon,Sud-Ouest,Battles,Armed clash,7,7,42348,Political violence,3751,5.236,9.2808
2025-05-24,Middle Africa,Cameroon,Sud-Ouest,Battles,Armed clash,7,7,111611,Political violence,3751,5.236,9.2808
2025-05-31,Middle Africa,Cameroon,Sud-Ouest,Battles,Armed clash,4,5,21460,Political violence,3751,5.236,9.2808
2025-06-07,Middle Africa,Cameroon,Sud-Ouest,Battles,Armed clash,10,18,31957,Political violence,3751,5.236,9.2808
2025-06-14,Middle Africa,Cameroon,Sud-Ouest,Battles,Armed clash,4,5,13982,Political violence,3751,5.236,9.2808
2025-06-21,Middle Africa,Cameroon,Sud-Ouest,Battles,Armed clash,8,11,120286,Political violence,3751,5.236,9.2808
2025-06-28,Middle Africa,Cameroon,Sud-Ouest,Battles,Armed clash,5,6,81280,Political violence,3751,5.236,9.2808
2025-07-05,Middle Africa,Cameroon,Sud-Ouest,Battles,Armed clash,9,11,73593,Political violence,3751,5.236,9.2808
2025-07-12,Middle Africa,Cameroon,Sud-Ouest,Battles,Armed clash,5,3,34145,Political violence,3751,5.236,9.2808
2025-07-19,Middle Africa,Cameroon,Sud-Ouest,Battles,Armed clash,10,14,38391,Political violence,3751,5.236,9.2808
2025-07-26,Middle Africa,Cameroon,Sud-Ouest,Battles,Armed clash,6,9,26178,Political violence,3751,5.236,9.2808
2025-08-02,Middle Africa,Cameroon,Sud-Ouest,Battles,Armed clash,6,13,51194,Political violence,3751,5.236,9.2808
2025-08-09,Middle Africa,Cameroon,Sud-Ouest,Battles,Armed clash,10,10,84580,Political violence,3751,5.236,9.2808
2025-08-16,Middle Africa,Cameroon,Sud-Ouest,Battles,Armed clash,9,9,72438,Political violence,3751,5.236,9.2808
2025-08-23,Middle Africa,Cameroon,Sud-Ouest,Battles,Armed clash,11,15,120847,Political violence,3751,5.236,9.2808
2025-08-30,Middle Africa,Cameroon,Sud-Ouest,Battles,Armed clash,8,12,49448,Political violence,3751,5.236,9.2808
2025-09-06,Middle Africa,Cameroon,Sud-Ouest,Battles,Armed clash,14,11,181879,Political violence,3751,5.236,9.2808
2025-09-13,Middle Africa,Cameroon,Sud-Ouest,Battles,Armed clash,12,17,70645,Political violence,3751,5.236,9.2808
2025-09-20,Middle Africa,Cameroon,Sud-Ouest,Battles,Armed clash,1,0,2887,Political violence,3751,5.236,9.2808
2025-09-27,Middle Africa,Cameroon,Sud-Ouest,Battles,Armed clash,12,25,100124,Political violence,3751,5.236,9.2808
2025-10-04,Middle Africa,Cameroon,Sud-Ouest,Battles,Armed clash,12,14,102976,Political violence,3751,5.236,9.2808
2025-10-11,Middle Africa,Cameroon,Sud-Ouest,Battles,Armed clash,11,18,104576,Political violence,3751,5.236,9.2808
2025-10-18,Middle Africa,Cameroon,Sud-Ouest,Battles,Armed clash,8,13,56411,Political violence,3751,5.236,9.2808
2025-10-25,Middle Africa,Cameroon,Sud-Ouest,Battles,Armed clash,10,18,76226,Political violence,3751,5.236,9.2808
2025-11-01,Middle Africa,Cameroon,Sud-Ouest,Battles,Armed clash,5,7,13527,Political violence,3751,5.236,9.2808
2025-11-08,Middle Africa,Cameroon,Sud-Ouest,Battles,Armed clash,9,6,24620,Political violence,3751,5.236,9.2808
2025-11-15,Middle Africa,Cameroon,Sud-Ouest,Battles,Armed clash,8,16,18952,Political violence,3751,5.236,9.2808
2025-11-22,Middle Africa,Cameroon,Sud-Ouest,Battles,Armed clash,8,7,62476,Political violence,3751,5.236,9.2808
2025-11-29,Middle Africa,Cameroon,Sud-Ouest,Battles,Armed clash,8,10,24773,Political violence,3751,5.236,9.2808
2025-12-06,Middle Africa,Cameroon,Sud-Ouest,Battles,Armed clash,8,16,20337,Political violence,3751,5.236,9.2808
2025-12-13,Middle Africa,Cameroon,Sud-Ouest,Battles,Armed clash,3,4,16306,Political violence,3751,5.236,9.2808
2025-12-20,Middle Africa,Cameroon,Sud-Ouest,Battles,Armed clash,11,21,56253,Political violence,3751,5.236,9.2808
2025-12-27,Middle Africa,Cameroon,Sud-Ouest,Battles,Armed clash,4,6,44149,Political violence,3751,5.236,9.2808
2026-01-03,Middle Africa,Cameroon,Sud-Ouest,Battles,Armed clash,10,9,90684,Political violence,3751,5.236,9.2808
2026-01-10,Middle Africa,Cameroon,Sud-Ouest,Battles,Armed clash,10,10,96639,Political violence,3751,5.236,9.2808
2026-01-17,Middle Africa,Cameroon,Sud-Ouest,Battles,Armed clash,5,6,27179,Political violence,3751,5.236,9.2808
2026-01-24,Middle Africa,Cameroon,Sud-Ouest,Battles,Armed clash,7,7,35551,Political violence,3751,5.236,9.2808
2026-01-31,Middle Africa,Cameroon,Sud-Ouest,Battles,Armed clash,8,14,75098,Political violence,3751,5.236,9.2808
2026-02-07,Middle Africa,Cameroon,Sud-Ouest,Battles,Armed clash,6,4,26049,Political violence,3751,5.236,9.2808
2026-02-14,Middle Africa,Cameroon,Sud-Ouest,Battles,Armed clash,12,11,78792,Political violence,3751,5.236,9.2808
2026-02-21,Middle Africa,Cameroon,Sud-Ouest,Battles,Armed clash,9,13,37731,Political violence,3751,5.236,9.2808
2026-02-28,Middle Africa,Cameroon,Sud-Ouest,Battles,Armed clash,6,10,34773,Political violence,3751,5.236,9.2808
2026-03-07,Middle Africa,Cameroon,Sud-Ouest,Battles,Armed clash,11,11,44209,Political violence,3751,5.236,9.2808
2026-03-14,Middle Africa,Cameroon,Sud-Ouest,Battles,Armed clash,13,14,55387,Political violence,3751,5.236,9.2808
2026-03-21,Middle Africa,Cameroon,Sud-Ouest,Battles,Armed clash,7,15,46402,Political violence,3751,5.236,9.2808
2026-03-28,Middle Africa,Cameroon,Sud-Ouest,Battles,Armed clash,16,25,75427,Political violence,3751,5.236,9.2808
2026-04-04,Middle Africa,Cameroon,Sud-Ouest,Battles,Armed clash,12,19,82333,Political violence,3751,5.236,9.2808
2026-04-11,Middle Africa,Cameroon,Sud-Ouest,Battles,Armed clash,9,5,59719,Political violence,3751,5.236,9.2808
2026-04-18,Middle Africa,Cameroon,Sud-Ouest,Battles,Armed clash,15,27,151066,Political violence,3751,5.236,9.2808
2026-04-25,Middle Africa,Cameroon,Sud-Ouest,Battles,Armed clash,10,16,46297,Political violence,3751,5.236,9.2808
2026-05-02,Middle Africa,Cameroon,Sud-Ouest,Battles,Armed clash,13,19,116855,Political violence,3751,5.236,9.2808
2026-05-09,Middle Africa,Cameroon,Sud-Ouest,Battles,Armed clash,14,17,71002,Political violence,3751,5.236,9.2808
2026-05-16,Middle Africa,Cameroon,Sud-Ouest,Battles,Armed clash,15,17,102088,Political violence,3751,5.236,9.2808
2026-05-23,Middle Africa,Cameroon,Sud-Ouest,Battles,Armed clash,8,17,93693,Political violence,3751,5.236,9.2808
2026-05-30,Middle Africa,Cameroon,Sud-Ouest,Battles,Armed clash,10,12,91942,Political violence,3751,5.236,9.2808
2026-06-06,Middle Africa,Cameroon,Sud-Ouest,Battles,Armed clash,12,14,49393,Political violence,3751,5.236,9.2808
2026-06-13,Middle Africa,Cameroon,Sud-Ouest,Battles,Armed clash,13,18,98671,Political violence,3751,5.236,9.2808
2026-06-20,Middle Africa,Cameroon,Sud-Ouest,Battles,Armed clash,9,14,30246,Political violence,3751,5.236,9.2808
2026-06-27,Middle Africa,Cameroon,Sud-Ouest,Battles,Armed clash,3,5,46656,Political violence,3751,5.236,9.2808
2026-07-04,Middle Africa,Cameroon,Sud-Ouest,Battles,Armed clash,11,10,69563,Political violence,3751,5.236,9.2808
2026-07-11,Middle Africa,Cameroon,Sud-Ouest,Battles,Armed clash,14,20,97557,Political violence,3751,5.236,9.2808
2026-07-18,Middle Africa,Cameroon,Sud-Ouest,Battles,Armed clash,10,21,83550,Political violence,3751,5.236,9.2808
2026-07-25,Middle Africa,Cameroon,Sud-Ouest,Battles,Armed clash,12,16,111975,Political violence,3751,5.236,9.2808
2026-08-01,Middle Africa,Cameroon,Sud-Ouest,Battles,Armed clash,6,5,66381,Political violence,3751,5.236,9.2808
2026-08-08,Middle Africa,Cameroon,Sud-Ouest,Battles,Armed clash,6,5,,Political violence,3751,5.236,9.2808
2026-08-15,Middle Africa,Cameroon,Sud-Ouest,Battles,Armed clash,10,10,77735,Political violence,3751,5.236,9.2808
2026-08-22,Middle Africa,Cameroon,Sud-Ouest,Battles,Armed clash,2,5,,Political violence,3751,5.236,9.2808
2026-08-29,Middle Africa,Cameroon,Sud-Ouest,Battles,Armed clash,1,0,,Political violence,3751,5.236,9.2808
2022-01-15,Middle Africa,Cameroon,Sud-Ouest,Battles,Government regains territory,1,0,175566,Political violence,3751,5.236,9.2808
2023-09-09,Middle Africa,Cameroon,Sud-Ouest,Battles,Government regains territory,1,0,4514,Political violence,3751,5.236,9.2808
2023-09-09,Middle Africa,Cameroon,Sud-Ouest,Explosions/Remote violence,Air/drone strike,1,0,2669,Political violence,3751,5.236,9.2808
2020-11-28,Middle Africa,Cameroon,Sud-Ouest,Explosions/Remote violence,Grenade,1,0,92824,Political violence,3751,5.236,9.2808
2021-10-30,Middle Africa,Cameroon,Sud-Ouest,Explosions/Remote violence,Grenade,1,0,75846,Political violence,3751,5.236,9.2808
2021-11-06,Middle Africa,Cameroon,Sud-Ouest,Explosions/Remote violence,Grenade,1,0,75846,Political violence,3751,5.236,9.2808
2022-01-08,Middle Africa,Cameroon,Sud-Ouest,Explosions/Remote violence,Grenade,1,0,69013,Political violence,3751,5.236,9.2808
2020-09-12,Middle Africa,Cameroon,Sud-Ouest,Explosions/Remote violence,Remote explosive/landmine/IED,1,3,15022,Political violence,3751,5.236,9.2808
2020-09-19,Middle Africa,Cameroon,Sud-Ouest,Explosions/Remote violence,Remote explosive/landmine/IED,1,0,13589,Political violence,3751,5.236,9.2808
2020-11-07,Middle Africa,Cameroon,Sud-Ouest,Explosions/Remote violence,Remote explosive/landmine/IED,1,0,92824,Political violence,3751,5.236,9.2808
2020-11-28,Middle Africa,Cameroon,Sud-Ouest,Explosions/Remote violence,Remote explosive/landmine/IED,1,0,92824,Political violence,3751,5.236,9.2808
2021-01-09,Middle Africa,Cameroon,Sud-Ouest,Explosions/Remote violence,Remote explosive/landmine/IED,1,0,106326,Political violence,3751,5.236,9.2808
2021-01-23,Middle Africa,Cameroon,Sud-Ouest,Explosions/Remote violence,Remote explosive/landmine/IED,2,0,106326,Political violence,3751,5.236,9.2808
2021-03-20,Middle Africa,Cameroon,Sud-Ouest,Explosions/Remote violence,Remote explosive/landmine/IED,3,2,12654,Political violence,3751,5.236,9.2808
2021-04-17,Middle Africa,Cameroon,Sud-Ouest,Explosions/Remote violence,Remote explosive/landmine/IED,1,3,9247,Political violence,3751,5.236,9.2808
2021-05-01,Middle Africa,Cameroon,Sud-Ouest,Explosions/Remote violence,Remote explosive/landmine/IED,2,2,17162,Political violence,3751,5.236,9.2808
2021-05-22,Middle Africa,Cameroon,Sud-Ouest,Explosions/Remote violence,Remote explosive/landmine/IED,1,3,3355,Political violence,3751,5.236,9.2808
2021-06-19,Middle Africa,Cameroon,Sud-Ouest,Explosions/Remote violence,Remote explosive/landmine/IED,1,7,18935,Political violence,3751,5.236,9.2808
2021-07-31,Middle Africa,Cameroon,Sud-Ouest,Explosions/Remote violence,Remote explosive/landmine/IED,1,3,18935,Political violence,3751,5.236,9.2808
2021-08-21,Middle Africa,Cameroon,Sud-Ouest,Explosions/Remote violence,Remote explosive/landmine/IED,1,0,10322,Political violence,3751,5.236,9.2808
2021-09-18,Middle Africa,Cameroon,Sud-Ouest,Explosions/Remote violence,Remote explosive/landmine/IED,1,3,5367,Political violence,3751,5.236,9.2808
2021-10-30,Middle Africa,Cameroon,Sud-Ouest,Explosions/Remote violence,Remote explosive/landmine/IED,1,0,75846,Political violence,3751,5.236,9.2808
2021-11-06,Middle Africa,Cameroon,Sud-Ouest,Explosions/Remote violence,Remote explosive/landmine/IED,2,1,75846,Political violence,3751,5.236,9.2808
2021-12-04,Middle Africa,Cameroon,Sud-Ouest,Explosions/Remote violence,Remote explosive/landmine/IED,1,0,75478,Political violence,3751,5.236,9.2808
2021-12-11,Middle Africa,Cameroon,Sud-Ouest,Explosions/Remote violence,Remote explosive/landmine/IED,1,0,75478,Political violence,3751,5.236,9.2808
2022-01-01,Middle Africa,Cameroon,Sud-Ouest,Explosions/Remote violence,Remote explosive/landmine/IED,2,0,213962,Political violence,3751,5.236,9.2808
2022-01-08,Middle Africa,Cameroon,Sud-Ouest,Explosions/Remote violence,Remote explosive/landmine/IED,1,1,69013,Political violence,3751,5.236,9.2808
2022-01-15,Middle Africa,Cameroon,Sud-Ouest,Explosions/Remote violence,Remote explosive/landmine/IED,1,1,16634,Political violence,3751,5.236,9.2808
2022-01-22,Middle Africa,Cameroon,Sud-Ouest,Explosions/Remote violence,Remote explosive/landmine/IED,1,0,175566,Political violence,3751,5.236,9.2808
2022-02-26,Middle Africa,Cameroon,Sud-Ouest,Explosions/Remote violence,Remote explosive/landmine/IED,2,14,45509,Political violence,3751,5.236,9.2808
2022-03-26,Middle Africa,Cameroon,Sud-Ouest,Explosions/Remote violence,Remote explosive/landmine/IED,1,1,16449,Political violence,3751,5.236,9.2808
2022-04-02,Middle Africa,Cameroon,Sud-Ouest,Explosions/Remote violence,Remote explosive/landmine/IED,1,4,58015,Political violence,3751,5.236,9.2808
2022-04-30,Middle Africa,Cameroon,Sud-Ouest,Explosions/Remote violence,Remote explosive/landmine/IED,1,0,6146,Political violence,3751,5.236,9.2808
2022-05-07,Middle Africa,Cameroon,Sud-Ouest,Explosions/Remote violence,Remote explosive/landmine/IED,1,2,20890,Political violence,3751,5.236,9.2808
2022-05-28,Middle Africa,Cameroon,Sud-Ouest,Explosions/Remote violence,Remote explosive/landmine/IED,1,0,4214,Political violence,3751,5.236,9.2808
2022-07-02,Middle Africa,Cameroon,Sud-Ouest,Explosions/Remote violence,Remote explosive/landmine/IED,1,2,2760,Political violence,3751,5.236,9.2808
2022-09-10,Middle Africa,Cameroon,Sud-Ouest,Explosions/Remote violence,Remote explosive/landmine/IED,1,0,1403,Political violence,3751,5.236,9.2808
2023-01-07,Middle Africa,Cameroon,Sud-Ouest,Explosions/Remote violence,Remote explosive/landmine/IED,1,2,37177,Political violence,3751,5.236,9.2808
2023-02-04,Middle Africa,Cameroon,Sud-Ouest,Explosions/Remote violence,Remote explosive/landmine/IED,1,0,4226,Political violence,3751,5.236,9.2808
2023-02-18,Middle Africa,Cameroon,Sud-Ouest,Explosions/Remote violence,Remote explosive/landmine/IED,1,6,4226,Political violence,3751,5.236,9.2808
2023-02-25,Middle Africa,Cameroon,Sud-Ouest,Explosions/Remote violence,Remote explosive/landmine/IED,1,1,68950,Political violence,3751,5.236,9.2808
2023-03-11,Middle Africa,Cameroon,Sud-Ouest,Explosions/Remote violence,Remote explosive/landmine/IED,1,0,1042,Political violence,3751,5.236,9.2808
2023-05-06,Middle Africa,Cameroon,Sud-Ouest,Explosions/Remote violence,Remote explosive/landmine/IED,1,0,990,Political violence,3751,5.236,9.2808
2023-05-13,Middle Africa,Cameroon,Sud-Ouest,Explosions/Remote violence,Remote explosive/landmine/IED,2,6,7226,Political violence,3751,5.236,9.2808
2023-05-20,Middle Africa,Cameroon,Sud-Ouest,Explosions/Remote violence,Remote explosive/landmine/IED,2,0,68950,Political violence,3751,5.236,9.2808
2023-06-03,Middle Africa,Cameroon,Sud-Ouest,Explosions/Remote violence,Remote explosive/landmine/IED,1,4,33293,Political violence,3751,5.236,9.2808
2023-09-02,Middle Africa,Cameroon,Sud-Ouest,Explosions/Remote violence,Remote explosive/landmine/IED,2,2,171905,Political violence,3751,5.236,9.2808
2023-09-09,Middle Africa,Cameroon,Sud-Ouest,Explosions/Remote violence,Remote explosive/landmine/IED,2,1,153625,Political violence,3751,5.236,9.2808
2023-09-16,Middle Africa,Cameroon,Sud-Ouest,Explosions/Remote violence,Remote explosive/landmine/IED,1,0,17834,Political violence,3751,5.236,9.2808
2023-09-23,Middle Africa,Cameroon,Sud-Ouest,Explosions/Remote violence,Remote explosive/landmine/IED,1,0,587,Political violence,3751,5.236,9.2808
2024-02-03,Middle Africa,Cameroon,Sud-Ouest,Explosions/Remote violence,Remote explosive/landmine/IED,1,0,34037,Political violence,3751,5.236,9.2808
2024-05-25,Middle Africa,Cameroon,Sud-Ouest,Explosions/Remote violence,Remote explosive/landmine/IED,1,9,2094,Political violence,3751,5.236,9.2808
2024-06-22,Middle Africa,Cameroon,Sud-Ouest,Explosions/Remote violence,Remote explosive/landmine/IED,1,0,3057,Political violence,3751,5.236,9.2808
2024-07-20,Middle Africa,Cameroon,Sud-Ouest,Explosions/Remote violence,Remote explosive/landmine/IED,1,0,927,Political violence,3751,5.236,9.2808
2024-08-10,Middle Africa,Cameroon,Sud-Ouest,Explosions/Remote violence,Remote explosive/landmine/IED,2,0,18315,Political violence,3751,5.236,9.2808
2024-08-31,Middle Africa,Cameroon,Sud-Ouest,Explosions/Remote violence,Remote explosive/landmine/IED,4,2,110823,Political violence,3751,5.236,9.2808
2024-09-28,Middle Africa,Cameroon,Sud-Ouest,Explosions/Remote violence,Remote explosive/landmine/IED,1,3,3999,Political violence,3751,5.236,9.2808
2024-10-05,Middle Africa,Cameroon,Sud-Ouest,Explosions/Remote violence,Remote explosive/landmine/IED,1,0,5647,Political violence,3751,5.236,9.2808
2024-11-02,Middle Africa,Cameroon,Sud-Ouest,Explosions/Remote violence,Remote explosive/landmine/IED,1,1,2605,Political violence,3751,5.236,9.2808
2024-11-09,Middle Africa,Cameroon,Sud-Ouest,Explosions/Remote violence,Remote explosive/landmine/IED,1,0,3057,Political violence,3751,5.236,9.2808
2024-11-16,Middle Africa,Cameroon,Sud-Ouest,Explosions/Remote violence,Remote explosive/landmine/IED,1,0,4192,Political violence,3751,5.236,9.2808
2024-11-23,Middle Africa,Cameroon,Sud-Ouest,Explosions/Remote violence,Remote explosive/landmine/IED,1,1,4283,Political violence,3751,5.236,9.2808
2024-12-07,Middle Africa,Cameroon,Sud-Ouest,Explosions/Remote violence,Remote explosive/landmine/IED,1,3,9568,Political violence,3751,5.236,9.2808
2024-12-28,Middle Africa,Cameroon,Sud-Ouest,Explosions/Remote violence,Remote explosive/landmine/IED,2,9,44771,Political violence,3751,5.236,9.2808
2025-01-11,Middle Africa,Cameroon,Sud-Ouest,Explosions/Remote violence,Remote explosive/landmine/IED,1,0,105,Political violence,3751,5.236,9.2808
2025-02-01,Middle Africa,Cameroon,Sud-Ouest,Explosions/Remote violence,Remote explosive/landmine/IED,1,0,41045,Political violence,3751,5.236,9.2808
2025-02-08,Middle Africa,Cameroon,Sud-Ouest,Explosions/Remote violence,Remote explosive/landmine/IED,1,0,12705,Political violence,3751,5.236,9.2808
2025-03-29,Middle Africa,Cameroon,Sud-Ouest,Explosions/Remote violence,Remote explosive/landmine/IED,1,0,1083,Political violence,3751,5.236,9.2808
2025-04-05,Middle Africa,Cameroon,Sud-Ouest,Explosions/Remote violence,Remote explosive/landmine/IED,1,3,5773,Political violence,3751,5.236,9.2808
2025-04-19,Middle Africa,Cameroon,Sud-Ouest,Explosions/Remote violence,Remote explosive/landmine/IED,1,0,4295,Political violence,3751,5.236,9.2808
2025-04-26,Middle Africa,Cameroon,Sud-Ouest,Explosions/Remote violence,Remote explosive/landmine/IED,1,4,4449,Political violence,3751,5.236,9.2808
2025-05-03,Middle Africa,Cameroon,Sud-Ouest,Explosions/Remote violence,Remote explosive/landmine/IED,2,4,8439,Political violence,3751,5.236,9.2808
2025-06-07,Middle Africa,Cameroon,Sud-Ouest,Explosions/Remote violence,Remote explosive/landmine/IED,1,3,5485,Political violence,3751,5.236,9.2808
2025-07-26,Middle Africa,Cameroon,Sud-Ouest,Explosions/Remote violence,Remote explosive/landmine/IED,1,2,1434,Political violence,3751,5.236,9.2808
2025-08-30,Middle Africa,Cameroon,Sud-Ouest,Explosions/Remote violence,Remote explosive/landmine/IED,1,7,6668,Political violence,3751,5.236,9.2808
2025-10-04,Middle Africa,Cameroon,Sud-Ouest,Explosions/Remote violence,Remote explosive/landmine/IED,1,0,11959,Political violence,3751,5.236,9.2808
2025-12-06,Middle Africa,Cameroon,Sud-Ouest,Explosions/Remote violence,Remote explosive/landmine/IED,1,0,13557,Political violence,3751,5.236,9.2808
2026-02-07,Middle Africa,Cameroon,Sud-Ouest,Explosions/Remote violence,Remote explosive/landmine/IED,1,0,579,Political violence,3751,5.236,9.2808
2026-02-14,Middle Africa,Cameroon,Sud-Ouest,Explosions/Remote violence,Remote explosive/landmine/IED,1,2,10448,Political violence,3751,5.236,9.2808
2026-02-28,Middle Africa,Cameroon,Sud-Ouest,Explosions/Remote violence,Remote explosive/landmine/IED,1,0,1783,Political violence,3751,5.236,9.2808
2026-03-14,Middle Africa,Cameroon,Sud-Ouest,Explosions/Remote violence,Remote explosive/landmine/IED,1,7,10448,Political violence,3751,5.236,9.2808
2026-06-06,Middle Africa,Cameroon,Sud-Ouest,Explosions/Remote violence,Remote explosive/landmine/IED,1,2,3157,Political violence,3751,5.236,9.2808
2020-03-14,Middle Africa,Cameroon,Sud-Ouest,Protests,Peaceful protest,2,0,8299,Demonstrations,3751,5.236,9.2808
2020-03-21,Middle Africa,Cameroon,Sud-Ouest,Protests,Peaceful protest,1,0,2494,Demonstrations,3751,5.236,9.2808
2020-05-16,Middle Africa,Cameroon,Sud-Ouest,Protests,Peaceful protest,2,0,47722,Demonstrations,3751,5.236,9.2808
2020-05-30,Middle Africa,Cameroon,Sud-Ouest,Protests,Peaceful protest,1,0,21040,Demonstrations,3751,5.236,9.2808
2020-06-27,Middle Africa,Cameroon,Sud-Ouest,Protests,Peaceful protest,1,0,,Demonstrations,3751,5.236,9.2808
2020-07-04,Middle Africa,Cameroon,Sud-Ouest,Protests,Peaceful protest,1,0,,Demonstrations,3751,5.236,9.2808
2020-07-11,Middle Africa,Cameroon,Sud-Ouest,Protests,Peaceful protest,1,0,,Demonstrations,3751,5.236,9.2808
2020-08-15,Middle Africa,Cameroon,Sud-Ouest,Protests,Peaceful protest,1,0,21040,Demonstrations,3751,5.236,9.2808
2020-08-22,Middle Africa,Cameroon,Sud-Ouest,Protests,Peaceful protest,1,0,1190,Demonstrations,3751,5.236,9.2808
2020-10-03,Middle Africa,Cameroon,Sud-Ouest,Protests,Peaceful protest,1,0,25462,Demonstrations,3751,5.236,9.2808
2020-10-10,Middle Africa,Cameroon,Sud-Ouest,Protests,Peaceful protest,3,0,43458,Demonstrations,3751,5.236,9.2808
2020-10-24,Middle Africa,Cameroon,Sud-Ouest,Protests,Peaceful protest,2,0,28119,Demonstrations,3751,5.236,9.2808
2020-10-31,Middle Africa,Cameroon,Sud-Ouest,Protests,Peaceful protest,3,0,44648,Demonstrations,3751,5.236,9.2808
2020-11-07,Middle Africa,Cameroon,Sud-Ouest,Protests,Peaceful protest,1,0,16331,Demonstrations,3751,5.236,9.2808
2020-11-21,Middle Africa,Cameroon,Sud-Ouest,Protests,Peaceful protest,1,0,21040,Demonstrations,3751,5.236,9.2808
2021-01-30,Middle Africa,Cameroon,Sud-Ouest,Protests,Peaceful protest,1,0,21642,Demonstrations,3751,5.236,9.2808
2021-03-13,Middle Africa,Cameroon,Sud-Ouest,Protests,Peaceful protest,1,0,21642,Demonstrations,3751,5.236,9.2808
2021-04-03,Middle Africa,Cameroon,Sud-Ouest,Protests,Peaceful protest,1,0,1224,Demonstrations,3751,5.236,9.2808
2021-04-17,Middle Africa,Cameroon,Sud-Ouest,Protests,Peaceful protest,1,0,1224,Demonstrations,3751,5.236,9.2808
2021-05-01,Middle Africa,Cameroon,Sud-Ouest,Protests,Peaceful protest,1,0,21642,Demonstrations,3751,5.236,9.2808
2021-06-05,Middle Africa,Cameroon,Sud-Ouest,Protests,Peaceful protest,1,0,21642,Demonstrations,3751,5.236,9.2808
2021-11-13,Middle Africa,Cameroon,Sud-Ouest,Protests,Peaceful protest,1,0,21642,Demonstrations,3751,5.236,9.2808
2021-11-27,Middle Africa,Cameroon,Sud-Ouest,Protests,Peaceful protest,1,0,21642,Demonstrations,3751,5.236,9.2808
2022-04-30,Middle Africa,Cameroon,Sud-Ouest,Protests,Peaceful protest,1,0,22203,Demonstrations,3751,5.236,9.2808
2022-05-14,Middle Africa,Cameroon,Sud-Ouest,Protests,Peaceful protest,1,0,103,Demonstrations,3751,5.236,9.2808
2022-05-21,Middle Africa,Cameroon,Sud-Ouest,Protests,Peaceful protest,1,0,22203,Demonstrations,3751,5.236,9.2808
2022-06-04,Middle Africa,Cameroon,Sud-Ouest,Protests,Peaceful protest,1,0,1259,Demonstrations,3751,5.236,9.2808
2022-06-11,Middle Africa,Cameroon,Sud-Ouest,Protests,Peaceful protest,3,0,55642,Demonstrations,3751,5.236,9.2808
2022-07-16,Middle Africa,Cameroon,Sud-Ouest,Protests,Peaceful protest,1,0,22203,Demonstrations,3751,5.236,9.2808
2022-08-20,Middle Africa,Cameroon,Sud-Ouest,Protests,Peaceful protest,1,0,103,Demonstrations,3751,5.236,9.2808
2022-08-27,Middle Africa,Cameroon,Sud-Ouest,Protests,Peaceful protest,1,0,1259,Demonstrations,3751,5.236,9.2808
2022-10-15,Middle Africa,Cameroon,Sud-Ouest,Protests,Peaceful protest,2,0,35370,Demonstrations,3751,5.236,9.2808
2022-11-12,Middle Africa,Cameroon,Sud-Ouest,Protests,Peaceful protest,1,0,23603,Demonstrations,3751,5.236,9.2808
2022-12-03,Middle Africa,Cameroon,Sud-Ouest,Protests,Peaceful protest,1,0,22203,Demonstrations,3751,5.236,9.2808
2022-12-17,Middle Africa,Cameroon,Sud-Ouest,Protests,Peaceful protest,1,0,25858,Demonstrations,3751,5.236,9.2808
2023-01-07,Middle Africa,Cameroon,Sud-Ouest,Protests,Peaceful protest,4,0,31143,Demonstrations,3751,5.236,9.2808
2023-02-11,Middle Africa,Cameroon,Sud-Ouest,Protests,Peaceful protest,1,0,99,Demonstrations,3751,5.236,9.2808
2023-04-15,Middle Africa,Cameroon,Sud-Ouest,Protests,Peaceful protest,1,0,2661,Demonstrations,3751,5.236,9.2808
2023-06-10,Middle Africa,Cameroon,Sud-Ouest,Protests,Peaceful protest,1,0,27254,Demonstrations,3751,5.236,9.2808
2023-07-08,Middle Africa,Cameroon,Sud-Ouest,Protests,Peaceful protest,1,0,28382,Demonstrations,3751,5.236,9.2808
2023-08-12,Middle Africa,Cameroon,Sud-Ouest,Protests,Peaceful protest,1,0,2467,Demonstrations,3751,5.236,9.2808
2023-09-16,Middle Africa,Cameroon,Sud-Ouest,Protests,Peaceful protest,1,0,1294,Demonstrations,3751,5.236,9.2808
2023-10-07,Middle Africa,Cameroon,Sud-Ouest,Protests,Peaceful protest,1,0,1910,Demonstrations,3751,5.236,9.2808
2023-10-21,Middle Africa,Cameroon,Sud-Ouest,Protests,Peaceful protest,1,0,24246,Demonstrations,3751,5.236,9.2808
2023-11-04,Middle Africa,Cameroon,Sud-Ouest,Protests,Peaceful protest,1,0,28382,Demonstrations,3751,5.236,9.2808
2023-12-09,Middle Africa,Cameroon,Sud-Ouest,Protests,Peaceful protest,1,0,22766,Demonstrations,3751,5.236,9.2808
2023-12-30,Middle Africa,Cameroon,Sud-Ouest,Protests,Peaceful protest,1,0,22766,Demonstrations,3751,5.236,9.2808
2024-01-20,Middle Africa,Cameroon,Sud-Ouest,Protests,Peaceful protest,1,0,27164,Demonstrations,3751,5.236,9.2808
2024-03-30,Middle Africa,Cameroon,Sud-Ouest,Protests,Peaceful protest,1,0,58955,Demonstrations,3751,5.236,9.2808
2024-04-13,Middle Africa,Cameroon,Sud-Ouest,Protests,Peaceful protest,1,0,23388,Demonstrations,3751,5.236,9.2808
2024-06-15,Middle Africa,Cameroon,Sud-Ouest,Protests,Peaceful protest,1,0,36132,Demonstrations,3751,5.236,9.2808
2024-07-06,Middle Africa,Cameroon,Sud-Ouest,Protests,Peaceful protest,1,0,23388,Demonstrations,3751,5.236,9.2808
2024-07-13,Middle Africa,Cameroon,Sud-Ouest,Protests,Peaceful protest,1,0,23388,Demonstrations,3751,5.236,9.2808
2024-07-20,Middle Africa,Cameroon,Sud-Ouest,Protests,Peaceful protest,1,0,58955,Demonstrations,3751,5.236,9.2808
2024-08-31,Middle Africa,Cameroon,Sud-Ouest,Protests,Peaceful protest,1,0,4704,Demonstrations,3751,5.236,9.2808
2024-09-14,Middle Africa,Cameroon,Sud-Ouest,Protests,Peaceful protest,1,0,1804,Demonstrations,3751,5.236,9.2808
2024-09-28,Middle Africa,Cameroon,Sud-Ouest,Protests,Peaceful protest,1,0,58955,Demonstrations,3751,5.236,9.2808
2024-10-05,Middle Africa,Cameroon,Sud-Ouest,Protests,Peaceful protest,1,0,24857,Demonstrations,3751,5.236,9.2808
2024-10-19,Middle Africa,Cameroon,Sud-Ouest,Protests,Peaceful protest,1,0,23388,Demonstrations,3751,5.236,9.2808
2024-11-09,Middle Africa,Cameroon,Sud-Ouest,Protests,Peaceful protest,1,0,24857,Demonstrations,3751,5.236,9.2808
2025-01-11,Middle Africa,Cameroon,Sud-Ouest,Protests,Peaceful protest,1,0,27806,Demonstrations,3751,5.236,9.2808
2025-01-25,Middle Africa,Cameroon,Sud-Ouest,Protests,Peaceful protest,2,0,60400,Demonstrations,3751,5.236,9.2808
2025-03-29,Middle Africa,Cameroon,Sud-Ouest,Protests,Peaceful protest,1,0,16896,Demonstrations,3751,5.236,9.2808
2025-04-05,Middle Africa,Cameroon,Sud-Ouest,Protests,Peaceful protest,1,0,1,Demonstrations,3751,5.236,9.2808
2025-05-10,Middle Africa,Cameroon,Sud-Ouest,Protests,Peaceful protest,1,0,3197,Demonstrations,3751,5.236,9.2808
2025-05-24,Middle Africa,Cameroon,Sud-Ouest,Protests,Peaceful protest,2,0,5389,Demonstrations,3751,5.236,9.2808
2025-06-14,Middle Africa,Cameroon,Sud-Ouest,Protests,Peaceful protest,1,0,27806,Demonstrations,3751,5.236,9.2808
2025-08-02,Middle Africa,Cameroon,Sud-Ouest,Protests,Peaceful protest,1,0,23950,Demonstrations,3751,5.236,9.2808
2025-08-30,Middle Africa,Cameroon,Sud-Ouest,Protests,Peaceful protest,1,0,23950,Demonstrations,3751,5.236,9.2808
2025-10-11,Middle Africa,Cameroon,Sud-Ouest,Protests,Peaceful protest,2,0,42009,Demonstrations,3751,5.236,9.2808
2025-10-25,Middle Africa,Cameroon,Sud-Ouest,Protests,Peaceful protest,1,0,27806,Demonstrations,3751,5.236,9.2808
2025-11-15,Middle Africa,Cameroon,Sud-Ouest,Protests,Peaceful protest,1,0,2958,Demonstrations,3751,5.236,9.2808
2025-12-06,Middle Africa,Cameroon,Sud-Ouest,Protests,Peaceful protest,2,0,52830,Demonstrations,3751,5.236,9.2808
2025-12-20,Middle Africa,Cameroon,Sud-Ouest,Protests,Peaceful protest,2,0,23950,Demonstrations,3751,5.236,9.2808
2025-12-27,Middle Africa,Cameroon,Sud-Ouest,Protests,Peaceful protest,4,0,68881,Demonstrations,3751,5.236,9.2808
2026-01-03,Middle Africa,Cameroon,Sud-Ouest,Protests,Peaceful protest,1,0,38145,Demonstrations,3751,5.236,9.2808
2026-01-10,Middle Africa,Cameroon,Sud-Ouest,Protests,Peaceful protest,1,0,19547,Demonstrations,3751,5.236,9.2808
2026-01-17,Middle Africa,Cameroon,Sud-Ouest,Protests,Peaceful protest,1,0,32996,Demonstrations,3751,5.236,9.2808
2026-01-31,Middle Africa,Cameroon,Sud-Ouest,Protests,Peaceful protest,1,0,24514,Demonstrations,3751,5.236,9.2808
2026-02-14,Middle Africa,Cameroon,Sud-Ouest,Protests,Peaceful protest,1,0,45858,Demonstrations,3751,5.236,9.2808
2026-03-14,Middle Africa,Cameroon,Sud-Ouest,Protests,Peaceful protest,1,0,9794,Demonstrations,3751,5.236,9.2808
2026-04-11,Middle Africa,Cameroon,Sud-Ouest,Protests,Peaceful protest,1,0,18514,Demonstrations,3751,5.236,9.2808
2026-04-18,Middle Africa,Cameroon,Sud-Ouest,Protests,Peaceful protest,2,0,10442,Demonstrations,3751,5.236,9.2808
2026-04-25,Middle Africa,Cameroon,Sud-Ouest,Protests,Peaceful protest,1,0,24514,Demonstrations,3751,5.236,9.2808
2026-05-02,Middle Africa,Cameroon,Sud-Ouest,Protests,Peaceful protest,2,0,38269,Demonstrations,3751,5.236,9.2808
2026-05-16,Middle Africa,Cameroon,Sud-Ouest,Protests,Peaceful protest,1,0,24514,Demonstrations,3751,5.236,9.2808
2026-05-23,Middle Africa,Cameroon,Sud-Ouest,Protests,Peaceful protest,1,0,29729,Demonstrations,3751,5.236,9.2808
2026-05-30,Middle Africa,Cameroon,Sud-Ouest,Protests,Peaceful protest,2,0,10645,Demonstrations,3751,5.236,9.2808
2026-06-13,Middle Africa,Cameroon,Sud-Ouest,Protests,Peaceful protest,5,0,92611,Demonstrations,3751,5.236,9.2808
2026-06-20,Middle Africa,Cameroon,Sud-Ouest,Protests,Peaceful protest,8,0,87227,Demonstrations,3751,5.236,9.2808
2026-07-04,Middle Africa,Cameroon,Sud-Ouest,Protests,Peaceful protest,2,0,26911,Demonstrations,3751,5.236,9.2808
2026-08-08,Middle Africa,Cameroon,Sud-Ouest,Protests,Peaceful protest,4,0,24514,Demonstrations,3751,5.236,9.2808
2020-04-18,Middle Africa,Cameroon,Sud-Ouest,Protests,Protest with intervention,1,0,728,Demonstrations,3751,5.236,9.2808
2020-06-06,Middle Africa,Cameroon,Sud-Ouest,Protests,Protest with intervention,1,0,21040,Demonstrations,3751,5.236,9.2808
2022-07-02,Middle Africa,Cameroon,Sud-Ouest,Protests,Protest with intervention,1,0,1259,Demonstrations,3751,5.236,9.2808
2022-11-12,Middle Africa,Cameroon,Sud-Ouest,Protests,Protest with intervention,1,0,1259,Demonstrations,3751,5.236,9.2808
2024-03-23,Middle Africa,Cameroon,Sud-Ouest,Protests,Protest with intervention,1,0,7893,Demonstrations,3751,5.236,9.2808
2025-04-19,Middle Africa,Cameroon,Sud-Ouest,Protests,Protest with intervention,1,0,776,Demonstrations,3751,5.236,9.2808
2025-12-20,Middle Africa,Cameroon,Sud-Ouest,Protests,Protest with intervention,1,0,14290,Demonstrations,3751,5.236,9.2808
2025-12-27,Middle Africa,Cameroon,Sud-Ouest,Protests,Protest with intervention,1,0,14290,Demonstrations,3751,5.236,9.2808
2026-07-04,Middle Africa,Cameroon,Sud-Ouest,Protests,Protest with intervention,1,0,4443,Demonstrations,3751,5.236,9.2808
2026-07-25,Middle Africa,Cameroon,Sud-Ouest,Protests,Protest with intervention,2,0,5157,Demonstrations,3751,5.236,9.2808
2026-08-08,Middle Africa,Cameroon,Sud-Ouest,Protests,Protest with intervention,2,0,41829,Demonstrations,3751,5.236,9.2808
2020-08-01,Middle Africa,Cameroon,Sud-Ouest,Riots,Mob violence,1,1,1678,Political violence,3751,5.236,9.2808
2020-10-24,Middle Africa,Cameroon,Sud-Ouest,Riots,Mob violence,1,1,1479,Political violence,3751,5.236,9.2808
2020-11-07,Middle Africa,Cameroon,Sud-Ouest,Riots,Mob violence,1,1,53666,Political violence,3751,5.236,9.2808
2020-11-14,Middle Africa,Cameroon,Sud-Ouest,Riots,Mob violence,1,0,32163,Political violence,3751,5.236,9.2808
2020-11-28,Middle Africa,Cameroon,Sud-Ouest,Riots,Mob violence,1,1,1806,Political violence,3751,5.236,9.2808
2021-01-02,Middle Africa,Cameroon,Sud-Ouest,Riots,Mob violence,1,0,31330,Political violence,3751,5.236,9.2808
2021-02-13,Middle Africa,Cameroon,Sud-Ouest,Riots,Mob violence,1,0,55230,Political violence,3751,5.236,9.2808
2021-09-11,Middle Africa,Cameroon,Sud-Ouest,Riots,Mob violence,1,1,40273,Political violence,3751,5.236,9.2808
2021-09-18,Middle Africa,Cameroon,Sud-Ouest,Riots,Mob violence,1,0,31330,Political violence,3751,5.236,9.2808
2021-10-09,Middle Africa,Cameroon,Sud-Ouest,Riots,Mob violence,1,1,48441,Political violence,3751,5.236,9.2808
2021-10-16,Middle Africa,Cameroon,Sud-Ouest,Riots,Mob violence,1,0,48441,Political violence,3751,5.236,9.2808
2022-01-22,Middle Africa,Cameroon,Sud-Ouest,Riots,Mob violence,1,0,49676,Political violence,3751,5.236,9.2808
2022-04-02,Middle Africa,Cameroon,Sud-Ouest,Riots,Mob violence,2,7,8293,Political violence,3751,5.236,9.2808
2022-04-30,Middle Africa,Cameroon,Sud-Ouest,Riots,Mob violence,1,0,50459,Political violence,3751,5.236,9.2808
2022-05-21,Middle Africa,Cameroon,Sud-Ouest,Riots,Mob violence,1,0,30482,Political violence,3751,5.236,9.2808
2022-09-17,Middle Africa,Cameroon,Sud-Ouest,Riots,Mob violence,1,1,1575,Political violence,3751,5.236,9.2808
2022-10-08,Middle Africa,Cameroon,Sud-Ouest,Riots,Mob violence,1,1,1575,Political violence,3751,5.236,9.2808
2022-10-22,Middle Africa,Cameroon,Sud-Ouest,Riots,Mob violence,2,6,9776,Political violence,3751,5.236,9.2808
2022-11-05,Middle Africa,Cameroon,Sud-Ouest,Riots,Mob violence,1,0,11422,Political violence,3751,5.236,9.2808
2022-12-10,Middle Africa,Cameroon,Sud-Ouest,Riots,Mob violence,1,0,56672,Political violence,3751,5.236,9.2808
2023-01-07,Middle Africa,Cameroon,Sud-Ouest,Riots,Mob violence,1,0,41545,Political violence,3751,5.236,9.2808
2023-01-14,Middle Africa,Cameroon,Sud-Ouest,Riots,Mob violence,1,1,1624,Political violence,3751,5.236,9.2808
2023-01-21,Middle Africa,Cameroon,Sud-Ouest,Riots,Mob violence,1,0,5352,Political violence,3751,5.236,9.2808
2023-04-01,Middle Africa,Cameroon,Sud-Ouest,Riots,Mob violence,1,1,7994,Political violence,3751,5.236,9.2808
2023-04-29,Middle Africa,Cameroon,Sud-Ouest,Riots,Mob violence,1,1,58148,Political violence,3751,5.236,9.2808
2023-05-06,Middle Africa,Cameroon,Sud-Ouest,Riots,Mob violence,2,2,58148,Political violence,3751,5.236,9.2808
2023-05-27,Middle Africa,Cameroon,Sud-Ouest,Riots,Mob violence,2,1,1624,Political violence,3751,5.236,9.2808
2023-06-10,Middle Africa,Cameroon,Sud-Ouest,Riots,Mob violence,1,0,94609,Political violence,3751,5.236,9.2808
2023-08-12,Middle Africa,Cameroon,Sud-Ouest,Riots,Mob violence,1,0,93483,Political violence,3751,5.236,9.2808
2023-09-02,Middle Africa,Cameroon,Sud-Ouest,Riots,Mob violence,1,0,14001,Political violence,3751,5.236,9.2808
2023-09-30,Middle Africa,Cameroon,Sud-Ouest,Riots,Mob violence,3,0,46708,Political violence,3751,5.236,9.2808
2023-10-28,Middle Africa,Cameroon,Sud-Ouest,Riots,Mob violence,1,0,50946,Political violence,3751,5.236,9.2808
2023-12-02,Middle Africa,Cameroon,Sud-Ouest,Riots,Mob violence,1,1,4610,Political violence,3751,5.236,9.2808
2023-12-23,Middle Africa,Cameroon,Sud-Ouest,Riots,Mob violence,1,1,9958,Political violence,3751,5.236,9.2808
2024-01-13,Middle Africa,Cameroon,Sud-Ouest,Riots,Mob violence,2,1,8266,Political violence,3751,5.236,9.2808
2024-01-20,Middle Africa,Cameroon,Sud-Ouest,Riots,Mob violence,1,0,52342,Political violence,3751,5.236,9.2808
2024-02-03,Middle Africa,Cameroon,Sud-Ouest,Riots,Mob violence,1,0,10665,Political violence,3751,5.236,9.2808
2024-02-10,Middle Africa,Cameroon,Sud-Ouest,Riots,Mob violence,2,0,39017,Political violence,3751,5.236,9.2808
2024-02-24,Middle Africa,Cameroon,Sud-Ouest,Riots,Mob violence,1,0,10665,Political violence,3751,5.236,9.2808
2024-03-16,Middle Africa,Cameroon,Sud-Ouest,Riots,Mob violence,3,2,100882,Political violence,3751,5.236,9.2808
2024-03-23,Middle Africa,Cameroon,Sud-Ouest,Riots,Mob violence,3,1,4926,Political violence,3751,5.236,9.2808
2024-04-06,Middle Africa,Cameroon,Sud-Ouest,Riots,Mob violence,1,0,10665,Political violence,3751,5.236,9.2808
2024-04-13,Middle Africa,Cameroon,Sud-Ouest,Riots,Mob violence,3,0,36693,Political violence,3751,5.236,9.2808
2024-05-04,Middle Africa,Cameroon,Sud-Ouest,Riots,Mob violence,1,0,31526,Political violence,3751,5.236,9.2808
2024-06-22,Middle Africa,Cameroon,Sud-Ouest,Riots,Mob violence,1,0,9590,Political violence,3751,5.236,9.2808
2024-07-20,Middle Africa,Cameroon,Sud-Ouest,Riots,Mob violence,1,0,9590,Political violence,3751,5.236,9.2808
2024-07-27,Middle Africa,Cameroon,Sud-Ouest,Riots,Mob violence,2,0,35913,Political violence,3751,5.236,9.2808
2024-08-03,Middle Africa,Cameroon,Sud-Ouest,Riots,Mob violence,3,1,46546,Political violence,3751,5.236,9.2808
2024-08-10,Middle Africa,Cameroon,Sud-Ouest,Riots,Mob violence,2,0,131629,Political violence,3751,5.236,9.2808
2024-09-21,Middle Africa,Cameroon,Sud-Ouest,Riots,Mob violence,1,0,56604,Political violence,3751,5.236,9.2808
2024-10-05,Middle Africa,Cameroon,Sud-Ouest,Riots,Mob violence,2,0,73633,Political violence,3751,5.236,9.2808
2024-10-19,Middle Africa,Cameroon,Sud-Ouest,Riots,Mob violence,1,1,13513,Political violence,3751,5.236,9.2808
2024-11-02,Middle Africa,Cameroon,Sud-Ouest,Riots,Mob violence,1,0,486,Political violence,3751,5.236,9.2808
2025-01-04,Middle Africa,Cameroon,Sud-Ouest,Riots,Mob violence,1,0,1131,Political violence,3751,5.236,9.2808
2025-01-18,Middle Africa,Cameroon,Sud-Ouest,Riots,Mob violence,1,0,9864,Political violence,3751,5.236,9.2808
2025-01-25,Middle Africa,Cameroon,Sud-Ouest,Riots,Mob violence,1,0,27765,Political violence,3751,5.236,9.2808
2025-02-22,Middle Africa,Cameroon,Sud-Ouest,Riots,Mob violence,1,0,1594,Political violence,3751,5.236,9.2808
2025-03-29,Middle Africa,Cameroon,Sud-Ouest,Riots,Mob violence,1,0,36400,Political violence,3751,5.236,9.2808
2025-04-05,Middle Africa,Cameroon,Sud-Ouest,Riots,Mob violence,1,1,17338,Political violence,3751,5.236,9.2808
2025-04-12,Middle Africa,Cameroon,Sud-Ouest,Riots,Mob violence,1,0,411,Political violence,3751,5.236,9.2808
2025-04-26,Middle Africa,Cameroon,Sud-Ouest,Riots,Mob violence,1,0,983,Political violence,3751,5.236,9.2808
2025-05-10,Middle Africa,Cameroon,Sud-Ouest,Riots,Mob violence,2,1,42273,Political violence,3751,5.236,9.2808
2025-05-31,Middle Africa,Cameroon,Sud-Ouest,Riots,Mob violence,1,0,36344,Political violence,3751,5.236,9.2808
2025-08-09,Middle Africa,Cameroon,Sud-Ouest,Riots,Mob violence,1,0,36344,Political violence,3751,5.236,9.2808
2025-08-16,Middle Africa,Cameroon,Sud-Ouest,Riots,Mob violence,3,0,149039,Political violence,3751,5.236,9.2808
2025-08-23,Middle Africa,Cameroon,Sud-Ouest,Riots,Mob violence,1,0,5491,Political violence,3751,5.236,9.2808
2025-09-06,Middle Africa,Cameroon,Sud-Ouest,Riots,Mob violence,1,0,6,Political violence,3751,5.236,9.2808
2025-09-13,Middle Africa,Cameroon,Sud-Ouest,Riots,Mob violence,1,0,5491,Political violence,3751,5.236,9.2808
2025-09-27,Middle Africa,Cameroon,Sud-Ouest,Riots,Mob violence,1,2,1726,Political violence,3751,5.236,9.2808
2025-10-11,Middle Africa,Cameroon,Sud-Ouest,Riots,Mob violence,6,1,186518,Political violence,3751,5.236,9.2808
2025-10-18,Middle Africa,Cameroon,Sud-Ouest,Riots,Mob violence,2,0,28104,Political violence,3751,5.236,9.2808
2025-11-08,Middle Africa,Cameroon,Sud-Ouest,Riots,Mob violence,1,0,7487,Political violence,3751,5.236,9.2808
2025-12-06,Middle Africa,Cameroon,Sud-Ouest,Riots,Mob violence,2,1,14359,Political violence,3751,5.236,9.2808
2026-01-10,Middle Africa,Cameroon,Sud-Ouest,Riots,Mob violence,2,0,5334,Political violence,3751,5.236,9.2808
2026-01-17,Middle Africa,Cameroon,Sud-Ouest,Riots,Mob violence,1,0,37346,Political violence,3751,5.236,9.2808
2026-01-24,Middle Africa,Cameroon,Sud-Ouest,Riots,Mob violence,3,1,32709,Political violence,3751,5.236,9.2808
2026-01-31,Middle Africa,Cameroon,Sud-Ouest,Riots,Mob violence,4,1,49400,Political violence,3751,5.236,9.2808
2026-02-14,Middle Africa,Cameroon,Sud-Ouest,Riots,Mob violence,3,0,66875,Political violence,3751,5.236,9.2808
2026-02-21,Middle Africa,Cameroon,Sud-Ouest,Riots,Mob violence,4,0,67128,Political violence,3751,5.236,9.2808
2026-02-28,Middle Africa,Cameroon,Sud-Ouest,Riots,Mob violence,1,0,4257,Political violence,3751,5.236,9.2808
2026-03-07,Middle Africa,Cameroon,Sud-Ouest,Riots,Mob violence,3,0,97542,Political violence,3751,5.236,9.2808
2026-03-14,Middle Africa,Cameroon,Sud-Ouest,Riots,Mob violence,1,0,5320,Political violence,3751,5.236,9.2808
2026-03-21,Middle Africa,Cameroon,Sud-Ouest,Riots,Mob violence,2,0,49103,Political violence,3751,5.236,9.2808
2026-03-28,Middle Africa,Cameroon,Sud-Ouest,Riots,Mob violence,1,0,3658,Political violence,3751,5.236,9.2808
2026-04-04,Middle Africa,Cameroon,Sud-Ouest,Riots,Mob violence,1,0,3670,Political violence,3751,5.236,9.2808
2026-04-11,Middle Africa,Cameroon,Sud-Ouest,Riots,Mob violence,4,0,115158,Political violence,3751,5.236,9.2808
2026-04-18,Middle Africa,Cameroon,Sud-Ouest,Riots,Mob violence,3,0,47434,Political violence,3751,5.236,9.2808
2026-04-25,Middle Africa,Cameroon,Sud-Ouest,Riots,Mob violence,3,0,179109,Political violence,3751,5.236,9.2808
2026-05-02,Middle Africa,Cameroon,Sud-Ouest,Riots,Mob violence,3,0,57973,Political violence,3751,5.236,9.2808
2026-05-09,Middle Africa,Cameroon,Sud-Ouest,Riots,Mob violence,3,0,17679,Political violence,3751,5.236,9.2808
2026-05-23,Middle Africa,Cameroon,Sud-Ouest,Riots,Mob violence,2,0,12756,Political violence,3751,5.236,9.2808
2026-05-30,Middle Africa,Cameroon,Sud-Ouest,Riots,Mob violence,4,0,125494,Political violence,3751,5.236,9.2808
2026-06-06,Middle Africa,Cameroon,Sud-Ouest,Riots,Mob violence,1,1,5466,Political violence,3751,5.236,9.2808
2026-06-20,Middle Africa,Cameroon,Sud-Ouest,Riots,Mob violence,3,1,83947,Political violence,3751,5.236,9.2808
2026-06-27,Middle Africa,Cameroon,Sud-Ouest,Riots,Mob violence,4,0,86239,Political violence,3751,5.236,9.2808
2026-07-04,Middle Africa,Cameroon,Sud-Ouest,Riots,Mob violence,2,1,40768,Political violence,3751,5.236,9.2808
2026-07-11,Middle Africa,Cameroon,Sud-Ouest,Riots,Mob violence,1,1,4257,Political violence,3751,5.236,9.2808
2026-07-18,Middle Africa,Cameroon,Sud-Ouest,Riots,Mob violence,1,0,37199,Political violence,3751,5.236,9.2808
2026-07-25,Middle Africa,Cameroon,Sud-Ouest,Riots,Mob violence,2,0,74779,Political violence,3751,5.236,9.2808
2026-08-22,Middle Africa,Cameroon,Sud-Ouest,Riots,Mob violence,1,0,37580,Political violence,3751,5.236,9.2808
2020-03-14,Middle Africa,Cameroon,Sud-Ouest,Riots,Violent demonstration,1,0,2228,Demonstrations,3751,5.236,9.2808
2026-05-23,Middle Africa,Cameroon,Sud-Ouest,Riots,Violent demonstration,1,0,100448,Demonstrations,3751,5.236,9.2808
2026-05-30,Middle Africa,Cameroon,Sud-Ouest,Riots,Violent demonstration,1,0,31159,Demonstrations,3751,5.236,9.2808
2026-06-20,Middle Africa,Cameroon,Sud-Ouest,Riots,Violent demonstration,1,0,100448,Demonstrations,3751,5.236,9.2808
2020-05-09,Middle Africa,Cameroon,Sud-Ouest,Strategic developments,Agreement,1,0,,Strategic developments,3751,5.236,9.2808
2023-04-29,Middle Africa,Cameroon,Sud-Ouest,Strategic developments,Agreement,1,0,,Strategic developments,3751,5.236,9.2808
2023-05-13,Middle Africa,Cameroon,Sud-Ouest,Strategic developments,Agreement,1,0,,Strategic developments,3751,5.236,9.2808
2023-12-16,Middle Africa,Cameroon,Sud-Ouest,Strategic developments,Agreement,2,0,,Strategic developments,3751,5.236,9.2808
2024-02-24,Middle Africa,Cameroon,Sud-Ouest,Strategic developments,Agreement,1,0,,Strategic developments,3751,5.236,9.2808
2024-11-09,Middle Africa,Cameroon,Sud-Ouest,Strategic developments,Agreement,1,0,,Strategic developments,3751,5.236,9.2808
2024-11-30,Middle Africa,Cameroon,Sud-Ouest,Strategic developments,Agreement,2,0,,Strategic developments,3751,5.236,9.2808
2024-12-14,Middle Africa,Cameroon,Sud-Ouest,Strategic developments,Agreement,2,0,,Strategic developments,3751,5.236,9.2808
2024-12-21,Middle Africa,Cameroon,Sud-Ouest,Strategic developments,Agreement,1,0,,Strategic developments,3751,5.236,9.2808
2024-12-28,Middle Africa,Cameroon,Sud-Ouest,Strategic developments,Agreement,1,0,,Strategic developments,3751,5.236,9.2808
2025-01-04,Middle Africa,Cameroon,Sud-Ouest,Strategic developments,Agreement,1,0,,Strategic developments,3751,5.236,9.2808
2025-01-18,Middle Africa,Cameroon,Sud-Ouest,Strategic developments,Agreement,1,0,,Strategic developments,3751,5.236,9.2808
2025-01-25,Middle Africa,Cameroon,Sud-Ouest,Strategic developments,Agreement,2,0,,Strategic developments,3751,5.236,9.2808
2025-04-05,Middle Africa,Cameroon,Sud-Ouest,Strategic developments,Agreement,3,0,,Strategic developments,3751,5.236,9.2808
2025-06-21,Middle Africa,Cameroon,Sud-Ouest,Strategic developments,Agreement,1,0,,Strategic developments,3751,5.236,9.2808
2025-07-05,Middle Africa,Cameroon,Sud-Ouest,Strategic developments,Agreement,1,0,,Strategic developments,3751,5.236,9.2808
2025-10-04,Middle Africa,Cameroon,Sud-Ouest,Strategic developments,Agreement,1,0,,Strategic developments,3751,5.236,9.2808
2026-07-18,Middle Africa,Cameroon,Sud-Ouest,Strategic developments,Agreement,1,0,,Strategic developments,3751,5.236,9.2808
2026-08-01,Middle Africa,Cameroon,Sud-Ouest,Strategic developments,Agreement,1,0,,Strategic developments,3751,5.236,9.2808
2020-02-01,Middle Africa,Cameroon,Sud-Ouest,Strategic developments,Arrests,1,0,,Strategic developments,3751,5.236,9.2808
2020-07-04,Middle Africa,Cameroon,Sud-Ouest,Strategic developments,Arrests,2,0,,Strategic developments,3751,5.236,9.2808
2020-07-11,Middle Africa,Cameroon,Sud-Ouest,Strategic developments,Arrests,1,0,,Strategic developments,3751,5.236,9.2808
2020-08-01,Middle Africa,Cameroon,Sud-Ouest,Strategic developments,Arrests,2,0,,Strategic developments,3751,5.236,9.2808
2020-08-08,Middle Africa,Cameroon,Sud-Ouest,Strategic developments,Arrests,1,0,,Strategic developments,3751,5.236,9.2808
2020-09-05,Middle Africa,Cameroon,Sud-Ouest,Strategic developments,Arrests,1,0,,Strategic developments,3751,5.236,9.2808
2020-09-12,Middle Africa,Cameroon,Sud-Ouest,Strategic developments,Arrests,2,0,,Strategic developments,3751,5.236,9.2808
2020-09-26,Middle Africa,Cameroon,Sud-Ouest,Strategic developments,Arrests,3,0,,Strategic developments,3751,5.236,9.2808
2020-11-21,Middle Africa,Cameroon,Sud-Ouest,Strategic developments,Arrests,1,0,,Strategic developments,3751,5.236,9.2808
2021-01-09,Middle Africa,Cameroon,Sud-Ouest,Strategic developments,Arrests,3,0,,Strategic developments,3751,5.236,9.2808
2021-01-16,Middle Africa,Cameroon,Sud-Ouest,Strategic developments,Arrests,4,0,,Strategic developments,3751,5.236,9.2808
2021-01-23,Middle Africa,Cameroon,Sud-Ouest,Strategic developments,Arrests,2,0,,Strategic developments,3751,5.236,9.2808
2021-01-30,Middle Africa,Cameroon,Sud-Ouest,Strategic developments,Arrests,1,0,,Strategic developments,3751,5.236,9.2808
2021-02-13,Middle Africa,Cameroon,Sud-Ouest,Strategic developments,Arrests,1,0,,Strategic developments,3751,5.236,9.2808
2021-05-29,Middle Africa,Cameroon,Sud-Ouest,Strategic developments,Arrests,1,0,,Strategic developments,3751,5.236,9.2808
2021-06-19,Middle Africa,Cameroon,Sud-Ouest,Strategic developments,Arrests,1,0,,Strategic developments,3751,5.236,9.2808
2021-11-20,Middle Africa,Cameroon,Sud-Ouest,Strategic developments,Arrests,1,0,,Strategic developments,3751,5.236,9.2808
2021-12-25,Middle Africa,Cameroon,Sud-Ouest,Strategic developments,Arrests,1,0,,Strategic developments,3751,5.236,9.2808
2022-06-18,Middle Africa,Cameroon,Sud-Ouest,Strategic developments,Arrests,1,0,,Strategic developments,3751,5.236,9.2808
2022-07-02,Middle Africa,Cameroon,Sud-Ouest,Strategic developments,Arrests,1,0,,Strategic developments,3751,5.236,9.2808
2022-07-23,Middle Africa,Cameroon,Sud-Ouest,Strategic developments,Arrests,1,0,,Strategic developments,3751,5.236,9.2808
2022-07-30,Middle Africa,Cameroon,Sud-Ouest,Strategic developments,Arrests,1,0,,Strategic developments,3751,5.236,9.2808
2022-08-13,Middle Africa,Cameroon,Sud-Ouest,Strategic developments,Arrests,1,0,,Strategic developments,3751,5.236,9.2808
2022-10-15,Middle Africa,Cameroon,Sud-Ouest,Strategic developments,Arrests,1,0,,Strategic developments,3751,5.236,9.2808
2023-01-07,Middle Africa,Cameroon,Sud-Ouest,Strategic developments,Arrests,3,0,,Strategic developments,3751,5.236,9.2808
2023-01-21,Middle Africa,Cameroon,Sud-Ouest,Strategic developments,Arrests,1,0,,Strategic developments,3751,5.236,9.2808
2023-01-28,Middle Africa,Cameroon,Sud-Ouest,Strategic developments,Arrests,1,0,,Strategic developments,3751,5.236,9.2808
2023-02-11,Middle Africa,Cameroon,Sud-Ouest,Strategic developments,Arrests,1,0,,Strategic developments,3751,5.236,9.2808
2023-02-25,Middle Africa,Cameroon,Sud-Ouest,Strategic developments,Arrests,3,0,,Strategic developments,3751,5.236,9.2808
2023-03-04,Middle Africa,Cameroon,Sud-Ouest,Strategic developments,Arrests,2,0,,Strategic developments,3751,5.236,9.2808
2023-04-08,Middle Africa,Cameroon,Sud-Ouest,Strategic developments,Arrests,1,0,,Strategic developments,3751,5.236,9.2808
2023-04-15,Middle Africa,Cameroon,Sud-Ouest,Strategic developments,Arrests,1,0,,Strategic developments,3751,5.236,9.2808
2023-05-06,Middle Africa,Cameroon,Sud-Ouest,Strategic developments,Arrests,4,0,,Strategic developments,3751,5.236,9.2808
2023-05-13,Middle Africa,Cameroon,Sud-Ouest,Strategic developments,Arrests,5,0,,Strategic developments,3751,5.236,9.2808
2023-06-03,Middle Africa,Cameroon,Sud-Ouest,Strategic developments,Arrests,2,0,,Strategic developments,3751,5.236,9.2808
2023-06-17,Middle Africa,Cameroon,Sud-Ouest,Strategic developments,Arrests,4,0,,Strategic developments,3751,5.236,9.2808
2023-06-24,Middle Africa,Cameroon,Sud-Ouest,Strategic developments,Arrests,1,0,,Strategic developments,3751,5.236,9.2808
2023-07-01,Middle Africa,Cameroon,Sud-Ouest,Strategic developments,Arrests,2,0,,Strategic developments,3751,5.236,9.2808
2023-07-22,Middle Africa,Cameroon,Sud-Ouest,Strategic developments,Arrests,1,0,,Strategic developments,3751,5.236,9.2808
2023-08-05,Middle Africa,Cameroon,Sud-Ouest,Strategic developments,Arrests,1,0,,Strategic developments,3751,5.236,9.2808
2023-08-12,Middle Africa,Cameroon,Sud-Ouest,Strategic developments,Arrests,3,0,,Strategic developments,3751,5.236,9.2808
2023-08-19,Middle Africa,Cameroon,Sud-Ouest,Strategic developments,Arrests,1,0,,Strategic developments,3751,5.236,9.2808
2023-08-26,Middle Africa,Cameroon,Sud-Ouest,Strategic developments,Arrests,3,0,,Strategic developments,3751,5.236,9.2808
2023-09-02,Middle Africa,Cameroon,Sud-Ouest,Strategic developments,Arrests,1,0,,Strategic developments,3751,5.236,9.2808
2023-09-09,Middle Africa,Cameroon,Sud-Ouest,Strategic developments,Arrests,1,0,,Strategic developments,3751,5.236,9.2808
2023-09-23,Middle Africa,Cameroon,Sud-Ouest,Strategic developments,Arrests,2,0,,Strategic developments,3751,5.236,9.2808
2023-10-07,Middle Africa,Cameroon,Sud-Ouest,Strategic developments,Arrests,1,0,,Strategic developments,3751,5.236,9.2808
2023-10-14,Middle Africa,Cameroon,Sud-Ouest,Strategic developments,Arrests,1,0,,Strategic developments,3751,5.236,9.2808
2023-10-21,Middle Africa,Cameroon,Sud-Ouest,Strategic developments,Arrests,1,0,,Strategic developments,3751,5.236,9.2808
2023-11-11,Middle Africa,Cameroon,Sud-Ouest,Strategic developments,Arrests,1,0,,Strategic developments,3751,5.236,9.2808
2023-11-25,Middle Africa,Cameroon,Sud-Ouest,Strategic developments,Arrests,1,0,,Strategic developments,3751,5.236,9.2808
2023-12-02,Middle Africa,Cameroon,Sud-Ouest,Strategic developments,Arrests,2,0,,Strategic developments,3751,5.236,9.2808
2023-12-09,Middle Africa,Cameroon,Sud-Ouest,Strategic developments,Arrests,1,0,,Strategic developments,3751,5.236,9.2808
2023-12-16,Middle Africa,Cameroon,Sud-Ouest,Strategic developments,Arrests,3,0,,Strategic developments,3751,5.236,9.2808
2024-01-06,Middle Africa,Cameroon,Sud-Ouest,Strategic developments,Arrests,1,0,,Strategic developments,3751,5.236,9.2808
2024-01-13,Middle Africa,Cameroon,Sud-Ouest,Strategic developments,Arrests,1,0,,Strategic developments,3751,5.236,9.2808
2024-01-20,Middle Africa,Cameroon,Sud-Ouest,Strategic developments,Arrests,2,0,,Strategic developments,3751,5.236,9.2808
2024-01-27,Middle Africa,Cameroon,Sud-Ouest,Strategic developments,Arrests,1,0,,Strategic developments,3751,5.236,9.2808
2024-02-03,Middle Africa,Cameroon,Sud-Ouest,Strategic developments,Arrests,1,0,,Strategic developments,3751,5.236,9.2808
2024-02-17,Middle Africa,Cameroon,Sud-Ouest,Strategic developments,Arrests,2,0,,Strategic developments,3751,5.236,9.2808
2024-03-23,Middle Africa,Cameroon,Sud-Ouest,Strategic developments,Arrests,1,0,,Strategic developments,3751,5.236,9.2808
2024-03-30,Middle Africa,Cameroon,Sud-Ouest,Strategic developments,Arrests,2,0,,Strategic developments,3751,5.236,9.2808
2024-04-06,Middle Africa,Cameroon,Sud-Ouest,Strategic developments,Arrests,3,0,,Strategic developments,3751,5.236,9.2808
2024-04-13,Middle Africa,Cameroon,Sud-Ouest,Strategic developments,Arrests,5,0,,Strategic developments,3751,5.236,9.2808
2024-04-20,Middle Africa,Cameroon,Sud-Ouest,Strategic developments,Arrests,4,0,,Strategic developments,3751,5.236,9.2808
2024-04-27,Middle Africa,Cameroon,Sud-Ouest,Strategic developments,Arrests,2,0,,Strategic developments,3751,5.236,9.2808
2024-05-04,Middle Africa,Cameroon,Sud-Ouest,Strategic developments,Arrests,6,0,,Strategic developments,3751,5.236,9.2808
2024-05-11,Middle Africa,Cameroon,Sud-Ouest,Strategic developments,Arrests,3,0,,Strategic developments,3751,5.236,9.2808
2024-05-18,Middle Africa,Cameroon,Sud-Ouest,Strategic developments,Arrests,1,0,,Strategic developments,3751,5.236,9.2808
2024-05-25,Middle Africa,Cameroon,Sud-Ouest,Strategic developments,Arrests,1,0,,Strategic developments,3751,5.236,9.2808
2024-06-01,Middle Africa,Cameroon,Sud-Ouest,Strategic developments,Arrests,1,0,,Strategic developments,3751,5.236,9.2808
2024-06-08,Middle Africa,Cameroon,Sud-Ouest,Strategic developments,Arrests,1,0,,Strategic developments,3751,5.236,9.2808
2024-06-15,Middle Africa,Cameroon,Sud-Ouest,Strategic developments,Arrests,2,0,,Strategic developments,3751,5.236,9.2808
2024-06-29,Middle Africa,Cameroon,Sud-Ouest,Strategic developments,Arrests,2,0,,Strategic developments,3751,5.236,9.2808
2024-07-06,Middle Africa,Cameroon,Sud-Ouest,Strategic developments,Arrests,3,0,,Strategic developments,3751,5.236,9.2808
2024-07-13,Middle Africa,Cameroon,Sud-Ouest,Strategic developments,Arrests,1,0,,Strategic developments,3751,5.236,9.2808
2024-07-20,Middle Africa,Cameroon,Sud-Ouest,Strategic developments,Arrests,1,0,,Strategic developments,3751,5.236,9.2808
2024-07-27,Middle Africa,Cameroon,Sud-Ouest,Strategic developments,Arrests,2,0,,Strategic developments,3751,5.236,9.2808
2024-08-03,Middle Africa,Cameroon,Sud-Ouest,Strategic developments,Arrests,1,0,,Strategic developments,3751,5.236,9.2808
2024-08-10,Middle Africa,Cameroon,Sud-Ouest,Strategic developments,Arrests,1,0,,Strategic developments,3751,5.236,9.2808
2024-08-24,Middle Africa,Cameroon,Sud-Ouest,Strategic developments,Arrests,2,0,,Strategic developments,3751,5.236,9.2808
2024-08-31,Middle Africa,Cameroon,Sud-Ouest,Strategic developments,Arrests,1,0,,Strategic developments,3751,5.236,9.2808
2024-09-14,Middle Africa,Cameroon,Sud-Ouest,Strategic developments,Arrests,2,0,,Strategic developments,3751,5.236,9.2808
2024-09-21,Middle Africa,Cameroon,Sud-Ouest,Strategic developments,Arrests,1,0,,Strategic developments,3751,5.236,9.2808
2024-09-28,Middle Africa,Cameroon,Sud-Ouest,Strategic developments,Arrests,2,0,,Strategic developments,3751,5.236,9.2808
2024-10-05,Middle Africa,Cameroon,Sud-Ouest,Strategic developments,Arrests,3,0,,Strategic developments,3751,5.236,9.2808
2024-10-12,Middle Africa,Cameroon,Sud-Ouest,Strategic developments,Arrests,2,0,,Strategic developments,3751,5.236,9.2808
2024-10-19,Middle Africa,Cameroon,Sud-Ouest,Strategic developments,Arrests,1,0,,Strategic developments,3751,5.236,9.2808
2024-10-26,Middle Africa,Cameroon,Sud-Ouest,Strategic developments,Arrests,2,0,,Strategic developments,3751,5.236,9.2808
2024-11-02,Middle Africa,Cameroon,Sud-Ouest,Strategic developments,Arrests,2,0,,Strategic developments,3751,5.236,9.2808
2024-11-23,Middle Africa,Cameroon,Sud-Ouest,Strategic developments,Arrests,2,0,,Strategic developments,3751,5.236,9.2808
2024-11-30,Middle Africa,Cameroon,Sud-Ouest,Strategic developments,Arrests,1,0,,Strategic developments,3751,5.236,9.2808
2024-12-07,Middle Africa,Cameroon,Sud-Ouest,Strategic developments,Arrests,2,0,,Strategic developments,3751,5.236,9.2808
2024-12-14,Middle Africa,Cameroon,Sud-Ouest,Strategic developments,Arrests,1,0,,Strategic developments,3751,5.236,9.2808
2025-01-04,Middle Africa,Cameroon,Sud-Ouest,Strategic developments,Arrests,1,0,,Strategic developments,3751,5.236,9.2808
2025-01-25,Middle Africa,Cameroon,Sud-Ouest,Strategic developments,Arrests,2,0,,Strategic developments,3751,5.236,9.2808
2025-02-01,Middle Africa,Cameroon,Sud-Ouest,Strategic developments,Arrests,2,0,,Strategic developments,3751,5.236,9.2808
2025-02-22,Middle Africa,Cameroon,Sud-Ouest,Strategic developments,Arrests,1,0,,Strategic developments,3751,5.236,9.2808
2025-03-08,Middle Africa,Cameroon,Sud-Ouest,Strategic developments,Arrests,2,0,,Strategic developments,3751,5.236,9.2808
2025-03-15,Middle Africa,Cameroon,Sud-Ouest,Strategic developments,Arrests,1,0,,Strategic developments,3751,5.236,9.2808
2025-03-22,Middle Africa,Cameroon,Sud-Ouest,Strategic developments,Arrests,1,0,,Strategic developments,3751,5.236,9.2808
2025-03-29,Middle Africa,Cameroon,Sud-Ouest,Strategic developments,Arrests,1,0,,Strategic developments,3751,5.236,9.2808
2025-04-05,Middle Africa,Cameroon,Sud-Ouest,Strategic developments,Arrests,1,0,,Strategic developments,3751,5.236,9.2808
2025-04-12,Middle Africa,Cameroon,Sud-Ouest,Strategic developments,Arrests,1,0,,Strategic developments,3751,5.236,9.2808
2025-04-19,Middle Africa,Cameroon,Sud-Ouest,Strategic developments,Arrests,1,0,,Strategic developments,3751,5.236,9.2808
2025-04-26,Middle Africa,Cameroon,Sud-Ouest,Strategic developments,Arrests,1,0,,Strategic developments,3751,5.236,9.2808
2025-05-03,Middle Africa,Cameroon,Sud-Ouest,Strategic developments,Arrests,3,0,,Strategic developments,3751,5.236,9.2808
2025-05-10,Middle Africa,Cameroon,Sud-Ouest,Strategic developments,Arrests,5,0,,Strategic developments,3751,5.236,9.2808
2025-05-17,Middle Africa,Cameroon,Sud-Ouest,Strategic developments,Arrests,2,0,,Strategic developments,3751,5.236,9.2808
2025-05-24,Middle Africa,Cameroon,Sud-Ouest,Strategic developments,Arrests,1,0,,Strategic developments,3751,5.236,9.2808
2025-05-31,Middle Africa,Cameroon,Sud-Ouest,Strategic developments,Arrests,2,0,,Strategic developments,3751,5.236,9.2808
2025-06-07,Middle Africa,Cameroon,Sud-Ouest,Strategic developments,Arrests,5,0,,Strategic developments,3751,5.236,9.2808
2025-06-14,Middle Africa,Cameroon,Sud-Ouest,Strategic developments,Arrests,2,0,,Strategic developments,3751,5.236,9.2808
2025-06-21,Middle Africa,Cameroon,Sud-Ouest,Strategic developments,Arrests,2,0,,Strategic developments,3751,5.236,9.2808
2025-06-28,Middle Africa,Cameroon,Sud-Ouest,Strategic developments,Arrests,1,0,,Strategic developments,3751,5.236,9.2808
2025-07-12,Middle Africa,Cameroon,Sud-Ouest,Strategic developments,Arrests,3,0,,Strategic developments,3751,5.236,9.2808
2025-07-19,Middle Africa,Cameroon,Sud-Ouest,Strategic developments,Arrests,3,0,,Strategic developments,3751,5.236,9.2808
2025-07-26,Middle Africa,Cameroon,Sud-Ouest,Strategic developments,Arrests,3,0,,Strategic developments,3751,5.236,9.2808
2025-08-09,Middle Africa,Cameroon,Sud-Ouest,Strategic developments,Arrests,5,0,,Strategic developments,3751,5.236,9.2808
2025-08-16,Middle Africa,Cameroon,Sud-Ouest,Strategic developments,Arrests,2,0,,Strategic developments,3751,5.236,9.2808
2025-08-23,Middle Africa,Cameroon,Sud-Ouest,Strategic developments,Arrests,2,0,,Strategic developments,3751,5.236,9.2808
2025-08-30,Middle Africa,Cameroon,Sud-Ouest,Strategic developments,Arrests,4,0,,Strategic developments,3751,5.236,9.2808
2025-09-06,Middle Africa,Cameroon,Sud-Ouest,Strategic developments,Arrests,9,0,,Strategic developments,3751,5.236,9.2808
2025-09-13,Middle Africa,Cameroon,Sud-Ouest,Strategic developments,Arrests,5,0,,Strategic developments,3751,5.236,9.2808
2025-09-20,Middle Africa,Cameroon,Sud-Ouest,Strategic developments,Arrests,3,0,,Strategic developments,3751,5.236,9.2808
2025-09-27,Middle Africa,Cameroon,Sud-Ouest,Strategic developments,Arrests,3,0,,Strategic developments,3751,5.236,9.2808
2025-10-04,Middle Africa,Cameroon,Sud-Ouest,Strategic developments,Arrests,5,0,,Strategic developments,3751,5.236,9.2808
2025-10-11,Middle Africa,Cameroon,Sud-Ouest,Strategic developments,Arrests,3,0,,Strategic developments,3751,5.236,9.2808
2025-10-18,Middle Africa,Cameroon,Sud-Ouest,Strategic developments,Arrests,3,0,,Strategic developments,3751,5.236,9.2808
2025-10-25,Middle Africa,Cameroon,Sud-Ouest,Strategic developments,Arrests,4,0,,Strategic developments,3751,5.236,9.2808
2025-11-15,Middle Africa,Cameroon,Sud-Ouest,Strategic developments,Arrests,2,0,,Strategic developments,3751,5.236,9.2808
2025-11-22,Middle Africa,Cameroon,Sud-Ouest,Strategic developments,Arrests,1,0,,Strategic developments,3751,5.236,9.2808
2025-11-29,Middle Africa,Cameroon,Sud-Ouest,Strategic developments,Arrests,4,0,,Strategic developments,3751,5.236,9.2808
2025-12-06,Middle Africa,Cameroon,Sud-Ouest,Strategic developments,Arrests,5,0,,Strategic developments,3751,5.236,9.2808
2025-12-13,Middle Africa,Cameroon,Sud-Ouest,Strategic developments,Arrests,1,0,,Strategic developments,3751,5.236,9.2808
2025-12-20,Middle Africa,Cameroon,Sud-Ouest,Strategic developments,Arrests,2,0,,Strategic developments,3751,5.236,9.2808
2025-12-27,Middle Africa,Cameroon,Sud-Ouest,Strategic developments,Arrests,1,0,,Strategic developments,3751,5.236,9.2808
2026-01-03,Middle Africa,Cameroon,Sud-Ouest,Strategic developments,Arrests,2,0,,Strategic developments,3751,5.236,9.2808
2026-01-10,Middle Africa,Cameroon,Sud-Ouest,Strategic developments,Arrests,2,0,,Strategic developments,3751,5.236,9.2808
2026-01-24,Middle Africa,Cameroon,Sud-Ouest,Strategic developments,Arrests,2,0,,Strategic developments,3751,5.236,9.2808
2026-01-31,Middle Africa,Cameroon,Sud-Ouest,Strategic developments,Arrests,2,0,,Strategic developments,3751,5.236,9.2808
2026-02-07,Middle Africa,Cameroon,Sud-Ouest,Strategic developments,Arrests,4,0,,Strategic developments,3751,5.236,9.2808
2026-02-14,Middle Africa,Cameroon,Sud-Ouest,Strategic developments,Arrests,3,0,,Strategic developments,3751,5.236,9.2808
2026-02-21,Middle Africa,Cameroon,Sud-Ouest,Strategic developments,Arrests,1,0,,Strategic developments,3751,5.236,9.2808
2026-02-28,Middle Africa,Cameroon,Sud-Ouest,Strategic developments,Arrests,2,0,,Strategic developments,3751,5.236,9.2808
2026-03-07,Middle Africa,Cameroon,Sud-Ouest,Strategic developments,Arrests,2,0,,Strategic developments,3751,5.236,9.2808
2026-03-14,Middle Africa,Cameroon,Sud-Ouest,Strategic developments,Arrests,3,0,,Strategic developments,3751,5.236,9.2808
2026-03-21,Middle Africa,Cameroon,Sud-Ouest,Strategic developments,Arrests,3,0,,Strategic developments,3751,5.236,9.2808
2026-03-28,Middle Africa,Cameroon,Sud-Ouest,Strategic developments,Arrests,4,0,,Strategic developments,3751,5.236,9.2808
2026-04-04,Middle Africa,Cameroon,Sud-Ouest,Strategic developments,Arrests,3,0,,Strategic developments,3751,5.236,9.2808
2026-04-11,Middle Africa,Cameroon,Sud-Ouest,Strategic developments,Arrests,2,0,,Strategic developments,3751,5.236,9.2808
2026-04-18,Middle Africa,Cameroon,Sud-Ouest,Strategic developments,Arrests,1,0,,Strategic developments,3751,5.236,9.2808
2026-04-25,Middle Africa,Cameroon,Sud-Ouest,Strategic developments,Arrests,2,0,,Strategic developments,3751,5.236,9.2808
2026-05-02,Middle Africa,Cameroon,Sud-Ouest,Strategic developments,Arrests,2,0,,Strategic developments,3751,5.236,9.2808
2026-05-09,Middle Africa,Cameroon,Sud-Ouest,Strategic developments,Arrests,4,0,,Strategic developments,3751,5.236,9.2808
2026-05-16,Middle Africa,Cameroon,Sud-Ouest,Strategic developments,Arrests,3,0,,Strategic developments,3751,5.236,9.2808
2026-05-23,Middle Africa,Cameroon,Sud-Ouest,Strategic developments,Arrests,2,0,,Strategic developments,3751,5.236,9.2808
2026-05-30,Middle Africa,Cameroon,Sud-Ouest,Strategic developments,Arrests,1,0,,Strategic developments,3751,5.236,9.2808
2026-06-06,Middle Africa,Cameroon,Sud-Ouest,Strategic developments,Arrests,5,0,,Strategic developments,3751,5.236,9.2808
2026-06-13,Middle Africa,Cameroon,Sud-Ouest,Strategic developments,Arrests,4,0,,Strategic developments,3751,5.236,9.2808
2026-06-20,Middle Africa,Cameroon,Sud-Ouest,Strategic developments,Arrests,1,0,,Strategic developments,3751,5.236,9.2808
2026-06-27,Middle Africa,Cameroon,Sud-Ouest,Strategic developments,Arrests,1,0,,Strategic developments,3751,5.236,9.2808
2026-07-04,Middle Africa,Cameroon,Sud-Ouest,Strategic developments,Arrests,2,0,,Strategic developments,3751,5.236,9.2808
2026-07-11,Middle Africa,Cameroon,Sud-Ouest,Strategic developments,Arrests,4,0,,Strategic developments,3751,5.236,9.2808
2026-07-18,Middle Africa,Cameroon,Sud-Ouest,Strategic developments,Arrests,4,0,,Strategic developments,3751,5.236,9.2808
2026-07-25,Middle Africa,Cameroon,Sud-Ouest,Strategic developments,Arrests,4,0,,Strategic developments,3751,5.236,9.2808
2026-08-01,Middle Africa,Cameroon,Sud-Ouest,Strategic developments,Arrests,3,0,,Strategic developments,3751,5.236,9.2808
2026-08-08,Middle Africa,Cameroon,Sud-Ouest,Strategic developments,Arrests,3,0,,Strategic developments,3751,5.236,9.2808
2026-08-15,Middle Africa,Cameroon,Sud-Ouest,Strategic developments,Arrests,4,0,,Strategic developments,3751,5.236,9.2808
2026-08-22,Middle Africa,Cameroon,Sud-Ouest,Strategic developments,Arrests,1,0,,Strategic developments,3751,5.236,9.2808
2022-04-30,Middle Africa,Cameroon,Sud-Ouest,Strategic developments,Change to group/activity,1,0,,Strategic developments,3751,5.236,9.2808
2022-05-21,Middle Africa,Cameroon,Sud-Ouest,Strategic developments,Change to group/activity,1,0,,Strategic developments,3751,5.236,9.2808
2023-09-09,Middle Africa,Cameroon,Sud-Ouest,Strategic developments,Change to group/activity,1,0,,Strategic developments,3751,5.236,9.2808
2025-05-03,Middle Africa,Cameroon,Sud-Ouest,Strategic developments,Change to group/activity,1,0,,Strategic developments,3751,5.236,9.2808
2020-11-21,Middle Africa,Cameroon,Sud-Ouest,Strategic developments,Disrupted weapons use,1,0,,Strategic developments,3751,5.236,9.2808
2020-12-12,Middle Africa,Cameroon,Sud-Ouest,Strategic developments,Disrupted weapons use,1,0,,Strategic developments,3751,5.236,9.2808
2021-01-02,Middle Africa,Cameroon,Sud-Ouest,Strategic developments,Disrupted weapons use,1,0,,Strategic developments,3751,5.236,9.2808
2021-01-23,Middle Africa,Cameroon,Sud-Ouest,Strategic developments,Disrupted weapons use,1,0,,Strategic developments,3751,5.236,9.2808
2021-05-08,Middle Africa,Cameroon,Sud-Ouest,Strategic developments,Disrupted weapons use,2,1,,Strategic developments,3751,5.236,9.2808
2021-05-15,Middle Africa,Cameroon,Sud-Ouest,Strategic developments,Disrupted weapons use,2,3,,Strategic developments,3751,5.236,9.2808
2022-07-30,Middle Africa,Cameroon,Sud-Ouest,Strategic developments,Disrupted weapons use,2,0,,Strategic developments,3751,5.236,9.2808
2022-08-06,Middle Africa,Cameroon,Sud-Ouest,Strategic developments,Disrupted weapons use,1,0,,Strategic developments,3751,5.236,9.2808
2022-10-15,Middle Africa,Cameroon,Sud-Ouest,Strategic developments,Disrupted weapons use,1,0,,Strategic developments,3751,5.236,9.2808
2022-11-12,Middle Africa,Cameroon,Sud-Ouest,Strategic developments,Disrupted weapons use,1,0,,Strategic developments,3751,5.236,9.2808
2023-05-13,Middle Africa,Cameroon,Sud-Ouest,Strategic developments,Disrupted weapons use,1,0,,Strategic developments,3751,5.236,9.2808
2023-09-16,Middle Africa,Cameroon,Sud-Ouest,Strategic developments,Disrupted weapons use,1,0,,Strategic developments,3751,5.236,9.2808
2023-09-23,Middle Africa,Cameroon,Sud-Ouest,Strategic developments,Disrupted weapons use,2,0,,Strategic developments,3751,5.236,9.2808
2023-12-23,Middle Africa,Cameroon,Sud-Ouest,Strategic developments,Disrupted weapons use,2,0,,Strategic developments,3751,5.236,9.2808
2024-02-10,Middle Africa,Cameroon,Sud-Ouest,Strategic developments,Disrupted weapons use,1,0,,Strategic developments,3751,5.236,9.2808
2024-02-17,Middle Africa,Cameroon,Sud-Ouest,Strategic developments,Disrupted weapons use,1,0,,Strategic developments,3751,5.236,9.2808
2024-04-13,Middle Africa,Cameroon,Sud-Ouest,Strategic developments,Disrupted weapons use,1,0,,Strategic developments,3751,5.236,9.2808
2024-06-22,Middle Africa,Cameroon,Sud-Ouest,Strategic developments,Disrupted weapons use,1,0,,Strategic developments,3751,5.236,9.2808
2024-07-06,Middle Africa,Cameroon,Sud-Ouest,Strategic developments,Disrupted weapons use,1,0,,Strategic developments,3751,5.236,9.2808
2024-08-24,Middle Africa,Cameroon,Sud-Ouest,Strategic developments,Disrupted weapons use,1,0,,Strategic developments,3751,5.236,9.2808
2024-09-28,Middle Africa,Cameroon,Sud-Ouest,Strategic developments,Disrupted weapons use,2,0,,Strategic developments,3751,5.236,9.2808
2024-10-05,Middle Africa,Cameroon,Sud-Ouest,Strategic developments,Disrupted weapons use,1,0,,Strategic developments,3751,5.236,9.2808
2024-10-12,Middle Africa,Cameroon,Sud-Ouest,Strategic developments,Disrupted weapons use,1,0,,Strategic developments,3751,5.236,9.2808
2024-10-26,Middle Africa,Cameroon,Sud-Ouest,Strategic developments,Disrupted weapons use,3,0,,Strategic developments,3751,5.236,9.2808
2024-11-02,Middle Africa,Cameroon,Sud-Ouest,Strategic developments,Disrupted weapons use,4,0,,Strategic developments,3751,5.236,9.2808
2024-11-09,Middle Africa,Cameroon,Sud-Ouest,Strategic developments,Disrupted weapons use,2,0,,Strategic developments,3751,5.236,9.2808
2024-11-23,Middle Africa,Cameroon,Sud-Ouest,Strategic developments,Disrupted weapons use,2,0,,Strategic developments,3751,5.236,9.2808
2025-01-25,Middle Africa,Cameroon,Sud-Ouest,Strategic developments,Disrupted weapons use,1,0,,Strategic developments,3751,5.236,9.2808
2025-03-22,Middle Africa,Cameroon,Sud-Ouest,Strategic developments,Disrupted weapons use,1,0,,Strategic developments,3751,5.236,9.2808
2025-04-26,Middle Africa,Cameroon,Sud-Ouest,Strategic developments,Disrupted weapons use,1,0,,Strategic developments,3751,5.236,9.2808
2025-07-12,Middle Africa,Cameroon,Sud-Ouest,Strategic developments,Disrupted weapons use,1,0,,Strategic developments,3751,5.236,9.2808
2025-07-19,Middle Africa,Cameroon,Sud-Ouest,Strategic developments,Disrupted weapons use,1,0,,Strategic developments,3751,5.236,9.2808
2025-08-09,Middle Africa,Cameroon,Sud-Ouest,Strategic developments,Disrupted weapons use,1,0,,Strategic developments,3751,5.236,9.2808
2025-09-27,Middle Africa,Cameroon,Sud-Ouest,Strategic developments,Disrupted weapons use,1,0,,Strategic developments,3751,5.236,9.2808
2025-10-04,Middle Africa,Cameroon,Sud-Ouest,Strategic developments,Disrupted weapons use,1,0,,Strategic developments,3751,5.236,9.2808
2025-11-01,Middle Africa,Cameroon,Sud-Ouest,Strategic developments,Disrupted weapons use,1,0,,Strategic developments,3751,5.236,9.2808
2025-12-20,Middle Africa,Cameroon,Sud-Ouest,Strategic developments,Disrupted weapons use,1,0,,Strategic developments,3751,5.236,9.2808
2026-03-14,Middle Africa,Cameroon,Sud-Ouest,Strategic developments,Disrupted weapons use,1,0,,Strategic developments,3751,5.236,9.2808
2026-03-21,Middle Africa,Cameroon,Sud-Ouest,Strategic developments,Disrupted weapons use,1,0,,Strategic developments,3751,5.236,9.2808
2026-06-13,Middle Africa,Cameroon,Sud-Ouest,Strategic developments,Disrupted weapons use,1,0,,Strategic developments,3751,5.236,9.2808
2024-10-26,Middle Africa,Cameroon,Sud-Ouest,Strategic developments,Headquarters or base established,2,0,,Strategic developments,3751,5.236,9.2808
2020-01-18,Middle Africa,Cameroon,Sud-Ouest,Strategic developments,Looting/property destruction,1,0,,Strategic developments,3751,5.236,9.2808
2020-02-08,Middle Africa,Cameroon,Sud-Ouest,Strategic developments,Looting/property destruction,2,0,,Strategic developments,3751,5.236,9.2808
2020-02-22,Middle Africa,Cameroon,Sud-Ouest,Strategic developments,Looting/property destruction,1,0,,Strategic developments,3751,5.236,9.2808
2020-03-21,Middle Africa,Cameroon,Sud-Ouest,Strategic developments,Looting/property destruction,1,0,,Strategic developments,3751,5.236,9.2808
2020-04-11,Middle Africa,Cameroon,Sud-Ouest,Strategic developments,Looting/property destruction,2,0,,Strategic developments,3751,5.236,9.2808
2020-05-09,Middle Africa,Cameroon,Sud-Ouest,Strategic developments,Looting/property destruction,1,0,,Strategic developments,3751,5.236,9.2808
2020-05-16,Middle Africa,Cameroon,Sud-Ouest,Strategic developments,Looting/property destruction,1,0,,Strategic developments,3751,5.236,9.2808
2020-05-23,Middle Africa,Cameroon,Sud-Ouest,Strategic developments,Looting/property destruction,2,0,,Strategic developments,3751,5.236,9.2808
2020-05-30,Middle Africa,Cameroon,Sud-Ouest,Strategic developments,Looting/property destruction,1,0,,Strategic developments,3751,5.236,9.2808
2020-06-27,Middle Africa,Cameroon,Sud-Ouest,Strategic developments,Looting/property destruction,1,0,,Strategic developments,3751,5.236,9.2808
2020-07-11,Middle Africa,Cameroon,Sud-Ouest,Strategic developments,Looting/property destruction,1,0,,Strategic developments,3751,5.236,9.2808
2020-09-19,Middle Africa,Cameroon,Sud-Ouest,Strategic developments,Looting/property destruction,1,0,,Strategic developments,3751,5.236,9.2808
2020-10-03,Middle Africa,Cameroon,Sud-Ouest,Strategic developments,Looting/property destruction,1,0,,Strategic developments,3751,5.236,9.2808
2020-12-12,Middle Africa,Cameroon,Sud-Ouest,Strategic developments,Looting/property destruction,1,0,,Strategic developments,3751,5.236,9.2808
2020-12-19,Middle Africa,Cameroon,Sud-Ouest,Strategic developments,Looting/property destruction,1,0,,Strategic developments,3751,5.236,9.2808
2021-01-02,Middle Africa,Cameroon,Sud-Ouest,Strategic developments,Looting/property destruction,3,0,,Strategic developments,3751,5.236,9.2808
2021-01-09,Middle Africa,Cameroon,Sud-Ouest,Strategic developments,Looting/property destruction,2,0,,Strategic developments,3751,5.236,9.2808
2021-01-16,Middle Africa,Cameroon,Sud-Ouest,Strategic developments,Looting/property destruction,6,0,,Strategic developments,3751,5.236,9.2808
2021-01-23,Middle Africa,Cameroon,Sud-Ouest,Strategic developments,Looting/property destruction,2,0,,Strategic developments,3751,5.236,9.2808
2021-01-30,Middle Africa,Cameroon,Sud-Ouest,Strategic developments,Looting/property destruction,6,0,,Strategic developments,3751,5.236,9.2808
2021-03-27,Middle Africa,Cameroon,Sud-Ouest,Strategic developments,Looting/property destruction,3,0,,Strategic developments,3751,5.236,9.2808
2021-04-03,Middle Africa,Cameroon,Sud-Ouest,Strategic developments,Looting/property destruction,1,0,,Strategic developments,3751,5.236,9.2808
2021-04-10,Middle Africa,Cameroon,Sud-Ouest,Strategic developments,Looting/property destruction,1,0,,Strategic developments,3751,5.236,9.2808
2021-04-24,Middle Africa,Cameroon,Sud-Ouest,Strategic developments,Looting/property destruction,2,0,,Strategic developments,3751,5.236,9.2808
2021-05-01,Middle Africa,Cameroon,Sud-Ouest,Strategic developments,Looting/property destruction,1,0,,Strategic developments,3751,5.236,9.2808
2021-05-08,Middle Africa,Cameroon,Sud-Ouest,Strategic developments,Looting/property destruction,1,0,,Strategic developments,3751,5.236,9.2808
2021-05-22,Middle Africa,Cameroon,Sud-Ouest,Strategic developments,Looting/property destruction,3,0,,Strategic developments,3751,5.236,9.2808
2021-06-12,Middle Africa,Cameroon,Sud-Ouest,Strategic developments,Looting/property destruction,1,0,,Strategic developments,3751,5.236,9.2808
2021-08-07,Middle Africa,Cameroon,Sud-Ouest,Strategic developments,Looting/property destruction,1,0,,Strategic developments,3751,5.236,9.2808
2021-08-28,Middle Africa,Cameroon,Sud-Ouest,Strategic developments,Looting/property destruction,1,0,,Strategic developments,3751,5.236,9.2808
2021-11-06,Middle Africa,Cameroon,Sud-Ouest,Strategic developments,Looting/property destruction,1,0,,Strategic developments,3751,5.236,9.2808
2022-01-22,Middle Africa,Cameroon,Sud-Ouest,Strategic developments,Looting/property destruction,1,0,,Strategic developments,3751,5.236,9.2808
2022-02-05,Middle Africa,Cameroon,Sud-Ouest,Strategic developments,Looting/property destruction,4,0,,Strategic developments,3751,5.236,9.2808
2022-04-02,Middle Africa,Cameroon,Sud-Ouest,Strategic developments,Looting/property destruction,1,0,,Strategic developments,3751,5.236,9.2808
2022-05-14,Middle Africa,Cameroon,Sud-Ouest,Strategic developments,Looting/property destruction,1,0,,Strategic developments,3751,5.236,9.2808
2022-05-21,Middle Africa,Cameroon,Sud-Ouest,Strategic developments,Looting/property destruction,5,0,,Strategic developments,3751,5.236,9.2808
2022-05-28,Middle Africa,Cameroon,Sud-Ouest,Strategic developments,Looting/property destruction,1,0,,Strategic developments,3751,5.236,9.2808
2022-06-11,Middle Africa,Cameroon,Sud-Ouest,Strategic developments,Looting/property destruction,1,0,,Strategic developments,3751,5.236,9.2808
2022-07-02,Middle Africa,Cameroon,Sud-Ouest,Strategic developments,Looting/property destruction,3,0,,Strategic developments,3751,5.236,9.2808
2022-07-09,Middle Africa,Cameroon,Sud-Ouest,Strategic developments,Looting/property destruction,1,0,,Strategic developments,3751,5.236,9.2808
2022-07-23,Middle Africa,Cameroon,Sud-Ouest,Strategic developments,Looting/property destruction,1,0,,Strategic developments,3751,5.236,9.2808
2022-07-30,Middle Africa,Cameroon,Sud-Ouest,Strategic developments,Looting/property destruction,2,0,,Strategic developments,3751,5.236,9.2808
2022-08-06,Middle Africa,Cameroon,Sud-Ouest,Strategic developments,Looting/property destruction,3,0,,Strategic developments,3751,5.236,9.2808
2022-08-13,Middle Africa,Cameroon,Sud-Ouest,Strategic developments,Looting/property destruction,2,0,,Strategic developments,3751,5.236,9.2808
2022-08-20,Middle Africa,Cameroon,Sud-Ouest,Strategic developments,Looting/property destruction,5,0,,Strategic developments,3751,5.236,9.2808
2022-09-03,Middle Africa,Cameroon,Sud-Ouest,Strategic developments,Looting/property destruction,4,0,,Strategic developments,3751,5.236,9.2808
2022-09-17,Middle Africa,Cameroon,Sud-Ouest,Strategic developments,Looting/property destruction,2,0,,Strategic developments,3751,5.236,9.2808
2022-09-24,Middle Africa,Cameroon,Sud-Ouest,Strategic developments,Looting/property destruction,2,0,,Strategic developments,3751,5.236,9.2808
2022-10-08,Middle Africa,Cameroon,Sud-Ouest,Strategic developments,Looting/property destruction,1,0,,Strategic developments,3751,5.236,9.2808
2022-10-15,Middle Africa,Cameroon,Sud-Ouest,Strategic developments,Looting/property destruction,3,0,,Strategic developments,3751,5.236,9.2808
2022-10-22,Middle Africa,Cameroon,Sud-Ouest,Strategic developments,Looting/property destruction,2,0,,Strategic developments,3751,5.236,9.2808
2022-10-29,Middle Africa,Cameroon,Sud-Ouest,Strategic developments,Looting/property destruction,3,0,,Strategic developments,3751,5.236,9.2808
2022-11-05,Middle Africa,Cameroon,Sud-Ouest,Strategic developments,Looting/property destruction,4,0,,Strategic developments,3751,5.236,9.2808
2022-11-12,Middle Africa,Cameroon,Sud-Ouest,Strategic developments,Looting/property destruction,4,0,,Strategic developments,3751,5.236,9.2808
2022-11-19,Middle Africa,Cameroon,Sud-Ouest,Strategic developments,Looting/property destruction,3,0,,Strategic developments,3751,5.236,9.2808
2022-11-26,Middle Africa,Cameroon,Sud-Ouest,Strategic developments,Looting/property destruction,3,0,,Strategic developments,3751,5.236,9.2808
2022-12-03,Middle Africa,Cameroon,Sud-Ouest,Strategic developments,Looting/property destruction,3,0,,Strategic developments,3751,5.236,9.2808
2022-12-10,Middle Africa,Cameroon,Sud-Ouest,Strategic developments,Looting/property destruction,1,0,,Strategic developments,3751,5.236,9.2808
2022-12-17,Middle Africa,Cameroon,Sud-Ouest,Strategic developments,Looting/property destruction,3,0,,Strategic developments,3751,5.236,9.2808
2022-12-31,Middle Africa,Cameroon,Sud-Ouest,Strategic developments,Looting/property destruction,2,0,,Strategic developments,3751,5.236,9.2808
2023-01-07,Middle Africa,Cameroon,Sud-Ouest,Strategic developments,Looting/property destruction,3,0,,Strategic developments,3751,5.236,9.2808
2023-01-21,Middle Africa,Cameroon,Sud-Ouest,Strategic developments,Looting/property destruction,1,0,,Strategic developments,3751,5.236,9.2808
2023-01-28,Middle Africa,Cameroon,Sud-Ouest,Strategic developments,Looting/property destruction,1,0,,Strategic developments,3751,5.236,9.2808
2023-02-04,Middle Africa,Cameroon,Sud-Ouest,Strategic developments,Looting/property destruction,5,0,,Strategic developments,3751,5.236,9.2808
2023-03-04,Middle Africa,Cameroon,Sud-Ouest,Strategic developments,Looting/property destruction,1,0,,Strategic developments,3751,5.236,9.2808
2023-03-18,Middle Africa,Cameroon,Sud-Ouest,Strategic developments,Looting/property destruction,1,0,,Strategic developments,3751,5.236,9.2808
2023-04-01,Middle Africa,Cameroon,Sud-Ouest,Strategic developments,Looting/property destruction,1,0,,Strategic developments,3751,5.236,9.2808
2023-04-15,Middle Africa,Cameroon,Sud-Ouest,Strategic developments,Looting/property destruction,3,0,,Strategic developments,3751,5.236,9.2808
2023-04-22,Middle Africa,Cameroon,Sud-Ouest,Strategic developments,Looting/property destruction,2,0,,Strategic developments,3751,5.236,9.2808
2023-04-29,Middle Africa,Cameroon,Sud-Ouest,Strategic developments,Looting/property destruction,3,0,,Strategic developments,3751,5.236,9.2808
2023-05-06,Middle Africa,Cameroon,Sud-Ouest,Strategic developments,Looting/property destruction,1,0,,Strategic developments,3751,5.236,9.2808
2023-05-13,Middle Africa,Cameroon,Sud-Ouest,Strategic developments,Looting/property destruction,3,0,,Strategic developments,3751,5.236,9.2808
2023-05-20,Middle Africa,Cameroon,Sud-Ouest,Strategic developments,Looting/property destruction,2,0,,Strategic developments,3751,5.236,9.2808
2023-05-27,Middle Africa,Cameroon,Sud-Ouest,Strategic developments,Looting/property destruction,5,0,,Strategic developments,3751,5.236,9.2808
2023-06-03,Middle Africa,Cameroon,Sud-Ouest,Strategic developments,Looting/property destruction,1,0,,Strategic developments,3751,5.236,9.2808
2023-06-10,Middle Africa,Cameroon,Sud-Ouest,Strategic developments,Looting/property destruction,4,0,,Strategic developments,3751,5.236,9.2808
2023-06-24,Middle Africa,Cameroon,Sud-Ouest,Strategic developments,Looting/property destruction,1,0,,Strategic developments,3751,5.236,9.2808
2023-07-01,Middle Africa,Cameroon,Sud-Ouest,Strategic developments,Looting/property destruction,3,0,,Strategic developments,3751,5.236,9.2808
2023-07-08,Middle Africa,Cameroon,Sud-Ouest,Strategic developments,Looting/property destruction,10,0,,Strategic developments,3751,5.236,9.2808
2023-07-15,Middle Africa,Cameroon,Sud-Ouest,Strategic developments,Looting/property destruction,2,0,,Strategic developments,3751,5.236,9.2808
2023-07-22,Middle Africa,Cameroon,Sud-Ouest,Strategic developments,Looting/property destruction,2,0,,Strategic developments,3751,5.236,9.2808
2023-07-29,Middle Africa,Cameroon,Sud-Ouest,Strategic developments,Looting/property destruction,3,0,,Strategic developments,3751,5.236,9.2808
2023-08-05,Middle Africa,Cameroon,Sud-Ouest,Strategic developments,Looting/property destruction,4,0,,Strategic developments,3751,5.236,9.2808
2023-08-12,Middle Africa,Cameroon,Sud-Ouest,Strategic developments,Looting/property destruction,3,0,,Strategic developments,3751,5.236,9.2808
2023-08-19,Middle Africa,Cameroon,Sud-Ouest,Strategic developments,Looting/property destruction,2,0,,Strategic developments,3751,5.236,9.2808
2023-09-02,Middle Africa,Cameroon,Sud-Ouest,Strategic developments,Looting/property destruction,6,0,,Strategic developments,3751,5.236,9.2808
2023-09-09,Middle Africa,Cameroon,Sud-Ouest,Strategic developments,Looting/property destruction,2,0,,Strategic developments,3751,5.236,9.2808
2023-09-16,Middle Africa,Cameroon,Sud-Ouest,Strategic developments,Looting/property destruction,1,0,,Strategic developments,3751,5.236,9.2808
2023-09-23,Middle Africa,Cameroon,Sud-Ouest,Strategic developments,Looting/property destruction,3,0,,Strategic developments,3751,5.236,9.2808
2023-09-30,Middle Africa,Cameroon,Sud-Ouest,Strategic developments,Looting/property destruction,1,0,,Strategic developments,3751,5.236,9.2808
2023-10-14,Middle Africa,Cameroon,Sud-Ouest,Strategic developments,Looting/property destruction,1,0,,Strategic developments,3751,5.236,9.2808
2023-10-28,Middle Africa,Cameroon,Sud-Ouest,Strategic developments,Looting/property destruction,1,0,,Strategic developments,3751,5.236,9.2808
2023-11-04,Middle Africa,Cameroon,Sud-Ouest,Strategic developments,Looting/property destruction,2,0,,Strategic developments,3751,5.236,9.2808
2023-11-11,Middle Africa,Cameroon,Sud-Ouest,Strategic developments,Looting/property destruction,4,0,,Strategic developments,3751,5.236,9.2808
2023-11-18,Middle Africa,Cameroon,Sud-Ouest,Strategic developments,Looting/property destruction,4,0,,Strategic developments,3751,5.236,9.2808
2023-11-25,Middle Africa,Cameroon,Sud-Ouest,Strategic developments,Looting/property destruction,4,0,,Strategic developments,3751,5.236,9.2808
2023-12-02,Middle Africa,Cameroon,Sud-Ouest,Strategic developments,Looting/property destruction,1,0,,Strategic developments,3751,5.236,9.2808
2023-12-09,Middle Africa,Cameroon,Sud-Ouest,Strategic developments,Looting/property destruction,2,0,,Strategic developments,3751,5.236,9.2808
2023-12-16,Middle Africa,Cameroon,Sud-Ouest,Strategic developments,Looting/property destruction,1,0,,Strategic developments,3751,5.236,9.2808
2023-12-23,Middle Africa,Cameroon,Sud-Ouest,Strategic developments,Looting/property destruction,2,0,,Strategic developments,3751,5.236,9.2808
2023-12-30,Middle Africa,Cameroon,Sud-Ouest,Strategic developments,Looting/property destruction,1,0,,Strategic developments,3751,5.236,9.2808
2024-01-06,Middle Africa,Cameroon,Sud-Ouest,Strategic developments,Looting/property destruction,2,0,,Strategic developments,3751,5.236,9.2808
2024-01-13,Middle Africa,Cameroon,Sud-Ouest,Strategic developments,Looting/property destruction,4,0,,Strategic developments,3751,5.236,9.2808
2024-01-20,Middle Africa,Cameroon,Sud-Ouest,Strategic developments,Looting/property destruction,2,0,,Strategic developments,3751,5.236,9.2808
2024-01-27,Middle Africa,Cameroon,Sud-Ouest,Strategic developments,Looting/property destruction,1,0,,Strategic developments,3751,5.236,9.2808
2024-02-03,Middle Africa,Cameroon,Sud-Ouest,Strategic developments,Looting/property destruction,4,0,,Strategic developments,3751,5.236,9.2808
2024-02-10,Middle Africa,Cameroon,Sud-Ouest,Strategic developments,Looting/property destruction,1,0,,Strategic developments,3751,5.236,9.2808
2024-02-17,Middle Africa,Cameroon,Sud-Ouest,Strategic developments,Looting/property destruction,1,0,,Strategic developments,3751,5.236,9.2808
2024-02-24,Middle Africa,Cameroon,Sud-Ouest,Strategic developments,Looting/property destruction,4,0,,Strategic developments,3751,5.236,9.2808
2024-03-09,Middle Africa,Cameroon,Sud-Ouest,Strategic developments,Looting/property destruction,2,0,,Strategic developments,3751,5.236,9.2808
2024-03-16,Middle Africa,Cameroon,Sud-Ouest,Strategic developments,Looting/property destruction,2,0,,Strategic developments,3751,5.236,9.2808
2024-03-23,Middle Africa,Cameroon,Sud-Ouest,Strategic developments,Looting/property destruction,5,0,,Strategic developments,3751,5.236,9.2808
2024-03-30,Middle Africa,Cameroon,Sud-Ouest,Strategic developments,Looting/property destruction,5,0,,Strategic developments,3751,5.236,9.2808
2024-04-06,Middle Africa,Cameroon,Sud-Ouest,Strategic developments,Looting/property destruction,3,0,,Strategic developments,3751,5.236,9.2808
2024-04-13,Middle Africa,Cameroon,Sud-Ouest,Strategic developments,Looting/property destruction,3,0,,Strategic developments,3751,5.236,9.2808
2024-04-27,Middle Africa,Cameroon,Sud-Ouest,Strategic developments,Looting/property destruction,2,0,,Strategic developments,3751,5.236,9.2808
2024-05-04,Middle Africa,Cameroon,Sud-Ouest,Strategic developments,Looting/property destruction,5,0,,Strategic developments,3751,5.236,9.2808
2024-05-18,Middle Africa,Cameroon,Sud-Ouest,Strategic developments,Looting/property destruction,3,0,,Strategic developments,3751,5.236,9.2808
2024-05-25,Middle Africa,Cameroon,Sud-Ouest,Strategic developments,Looting/property destruction,4,0,,Strategic developments,3751,5.236,9.2808
2024-06-01,Middle Africa,Cameroon,Sud-Ouest,Strategic developments,Looting/property destruction,2,0,,Strategic developments,3751,5.236,9.2808
2024-06-22,Middle Africa,Cameroon,Sud-Ouest,Strategic developments,Looting/property destruction,1,0,,Strategic developments,3751,5.236,9.2808
2024-06-29,Middle Africa,Cameroon,Sud-Ouest,Strategic developments,Looting/property destruction,2,0,,Strategic developments,3751,5.236,9.2808
2024-07-06,Middle Africa,Cameroon,Sud-Ouest,Strategic developments,Looting/property destruction,1,0,,Strategic developments,3751,5.236,9.2808
2024-07-13,Middle Africa,Cameroon,Sud-Ouest,Strategic developments,Looting/property destruction,2,0,,Strategic developments,3751,5.236,9.2808
2024-07-20,Middle Africa,Cameroon,Sud-Ouest,Strategic developments,Looting/property destruction,2,0,,Strategic developments,3751,5.236,9.2808
2024-07-27,Middle Africa,Cameroon,Sud-Ouest,Strategic developments,Looting/property destruction,1,0,,Strategic developments,3751,5.236,9.2808
2024-08-03,Middle Africa,Cameroon,Sud-Ouest,Strategic developments,Looting/property destruction,4,0,,Strategic developments,3751,5.236,9.2808
2024-08-10,Middle Africa,Cameroon,Sud-Ouest,Strategic developments,Looting/property destruction,2,0,,Strategic developments,3751,5.236,9.2808
2024-08-24,Middle Africa,Cameroon,Sud-Ouest,Strategic developments,Looting/property destruction,5,0,,Strategic developments,3751,5.236,9.2808
2024-08-31,Middle Africa,Cameroon,Sud-Ouest,Strategic developments,Looting/property destruction,3,0,,Strategic developments,3751,5.236,9.2808
2024-09-14,Middle Africa,Cameroon,Sud-Ouest,Strategic developments,Looting/property destruction,1,0,,Strategic developments,3751,5.236,9.2808
2024-09-21,Middle Africa,Cameroon,Sud-Ouest,Strategic developments,Looting/property destruction,1,0,,Strategic developments,3751,5.236,9.2808
2024-11-09,Middle Africa,Cameroon,Sud-Ouest,Strategic developments,Looting/property destruction,4,0,,Strategic developments,3751,5.236,9.2808
2024-11-23,Middle Africa,Cameroon,Sud-Ouest,Strategic developments,Looting/property destruction,1,0,,Strategic developments,3751,5.236,9.2808
2024-12-21,Middle Africa,Cameroon,Sud-Ouest,Strategic developments,Looting/property destruction,2,0,,Strategic developments,3751,5.236,9.2808
2024-12-28,Middle Africa,Cameroon,Sud-Ouest,Strategic developments,Looting/property destruction,1,0,,Strategic developments,3751,5.236,9.2808
2025-01-04,Middle Africa,Cameroon,Sud-Ouest,Strategic developments,Looting/property destruction,2,0,,Strategic developments,3751,5.236,9.2808
2025-01-18,Middle Africa,Cameroon,Sud-Ouest,Strategic developments,Looting/property destruction,1,0,,Strategic developments,3751,5.236,9.2808
2025-01-25,Middle Africa,Cameroon,Sud-Ouest,Strategic developments,Looting/property destruction,1,0,,Strategic developments,3751,5.236,9.2808
2025-02-01,Middle Africa,Cameroon,Sud-Ouest,Strategic developments,Looting/property destruction,2,0,,Strategic developments,3751,5.236,9.2808
2025-02-08,Middle Africa,Cameroon,Sud-Ouest,Strategic developments,Looting/property destruction,2,0,,Strategic developments,3751,5.236,9.2808
2025-02-15,Middle Africa,Cameroon,Sud-Ouest,Strategic developments,Looting/property destruction,2,0,,Strategic developments,3751,5.236,9.2808
2025-02-22,Middle Africa,Cameroon,Sud-Ouest,Strategic developments,Looting/property destruction,3,0,,Strategic developments,3751,5.236,9.2808
2025-03-01,Middle Africa,Cameroon,Sud-Ouest,Strategic developments,Looting/property destruction,2,0,,Strategic developments,3751,5.236,9.2808
2025-03-08,Middle Africa,Cameroon,Sud-Ouest,Strategic developments,Looting/property destruction,1,0,,Strategic developments,3751,5.236,9.2808
2025-03-22,Middle Africa,Cameroon,Sud-Ouest,Strategic developments,Looting/property destruction,1,0,,Strategic developments,3751,5.236,9.2808
2025-03-29,Middle Africa,Cameroon,Sud-Ouest,Strategic developments,Looting/property destruction,1,0,,Strategic developments,3751,5.236,9.2808
2025-04-05,Middle Africa,Cameroon,Sud-Ouest,Strategic developments,Looting/property destruction,1,0,,Strategic developments,3751,5.236,9.2808
2025-04-19,Middle Africa,Cameroon,Sud-Ouest,Strategic developments,Looting/property destruction,1,0,,Strategic developments,3751,5.236,9.2808
2025-05-31,Middle Africa,Cameroon,Sud-Ouest,Strategic developments,Looting/property destruction,7,0,,Strategic developments,3751,5.236,9.2808
2025-06-21,Middle Africa,Cameroon,Sud-Ouest,Strategic developments,Looting/property destruction,1,0,,Strategic developments,3751,5.236,9.2808
2025-07-05,Middle Africa,Cameroon,Sud-Ouest,Strategic developments,Looting/property destruction,3,0,,Strategic developments,3751,5.236,9.2808
2025-07-12,Middle Africa,Cameroon,Sud-Ouest,Strategic developments,Looting/property destruction,1,0,,Strategic developments,3751,5.236,9.2808
2025-08-09,Middle Africa,Cameroon,Sud-Ouest,Strategic developments,Looting/property destruction,1,0,,Strategic developments,3751,5.236,9.2808
2025-08-23,Middle Africa,Cameroon,Sud-Ouest,Strategic developments,Looting/property destruction,2,0,,Strategic developments,3751,5.236,9.2808
2025-08-30,Middle Africa,Cameroon,Sud-Ouest,Strategic developments,Looting/property destruction,2,0,,Strategic developments,3751,5.236,9.2808
2025-09-06,Middle Africa,Cameroon,Sud-Ouest,Strategic developments,Looting/property destruction,2,0,,Strategic developments,3751,5.236,9.2808
2025-09-13,Middle Africa,Cameroon,Sud-Ouest,Strategic developments,Looting/property destruction,1,0,,Strategic developments,3751,5.236,9.2808
2025-09-20,Middle Africa,Cameroon,Sud-Ouest,Strategic developments,Looting/property destruction,2,0,,Strategic developments,3751,5.236,9.2808
2025-09-27,Middle Africa,Cameroon,Sud-Ouest,Strategic developments,Looting/property destruction,2,0,,Strategic developments,3751,5.236,9.2808
2025-10-04,Middle Africa,Cameroon,Sud-Ouest,Strategic developments,Looting/property destruction,3,0,,Strategic developments,3751,5.236,9.2808
2025-10-11,Middle Africa,Cameroon,Sud-Ouest,Strategic developments,Looting/property destruction,2,0,,Strategic developments,3751,5.236,9.2808
2025-10-18,Middle Africa,Cameroon,Sud-Ouest,Strategic developments,Looting/property destruction,2,0,,Strategic developments,3751,5.236,9.2808
2025-10-25,Middle Africa,Cameroon,Sud-Ouest,Strategic developments,Looting/property destruction,2,0,,Strategic developments,3751,5.236,9.2808
2025-11-01,Middle Africa,Cameroon,Sud-Ouest,Strategic developments,Looting/property destruction,4,0,,Strategic developments,3751,5.236,9.2808
2025-11-08,Middle Africa,Cameroon,Sud-Ouest,Strategic developments,Looting/property destruction,4,0,,Strategic developments,3751,5.236,9.2808
2025-11-15,Middle Africa,Cameroon,Sud-Ouest,Strategic developments,Looting/property destruction,1,0,,Strategic developments,3751,5.236,9.2808
2025-11-22,Middle Africa,Cameroon,Sud-Ouest,Strategic developments,Looting/property destruction,3,0,,Strategic developments,3751,5.236,9.2808
2025-11-29,Middle Africa,Cameroon,Sud-Ouest,Strategic developments,Looting/property destruction,1,0,,Strategic developments,3751,5.236,9.2808
2025-12-06,Middle Africa,Cameroon,Sud-Ouest,Strategic developments,Looting/property destruction,4,0,,Strategic developments,3751,5.236,9.2808
2025-12-13,Middle Africa,Cameroon,Sud-Ouest,Strategic developments,Looting/property destruction,3,0,,Strategic developments,3751,5.236,9.2808
2025-12-20,Middle Africa,Cameroon,Sud-Ouest,Strategic developments,Looting/property destruction,2,0,,Strategic developments,3751,5.236,9.2808
2026-01-17,Middle Africa,Cameroon,Sud-Ouest,Strategic developments,Looting/property destruction,3,0,,Strategic developments,3751,5.236,9.2808
2026-01-24,Middle Africa,Cameroon,Sud-Ouest,Strategic developments,Looting/property destruction,2,0,,Strategic developments,3751,5.236,9.2808
2026-01-31,Middle Africa,Cameroon,Sud-Ouest,Strategic developments,Looting/property destruction,1,0,,Strategic developments,3751,5.236,9.2808
2026-02-07,Middle Africa,Cameroon,Sud-Ouest,Strategic developments,Looting/property destruction,3,0,,Strategic developments,3751,5.236,9.2808
2026-02-14,Middle Africa,Cameroon,Sud-Ouest,Strategic developments,Looting/property destruction,2,0,,Strategic developments,3751,5.236,9.2808
2026-02-21,Middle Africa,Cameroon,Sud-Ouest,Strategic developments,Looting/property destruction,2,0,,Strategic developments,3751,5.236,9.2808
2026-02-28,Middle Africa,Cameroon,Sud-Ouest,Strategic developments,Looting/property destruction,3,0,,Strategic developments,3751,5.236,9.2808
2026-03-07,Middle Africa,Cameroon,Sud-Ouest,Strategic developments,Looting/property destruction,1,0,,Strategic developments,3751,5.236,9.2808
2026-03-14,Middle Africa,Cameroon,Sud-Ouest,Strategic developments,Looting/property destruction,3,0,,Strategic developments,3751,5.236,9.2808
2026-03-21,Middle Africa,Cameroon,Sud-Ouest,Strategic developments,Looting/property destruction,3,0,,Strategic developments,3751,5.236,9.2808
2026-03-28,Middle Africa,Cameroon,Sud-Ouest,Strategic developments,Looting/property destruction,6,0,,Strategic developments,3751,5.236,9.2808
2026-04-04,Middle Africa,Cameroon,Sud-Ouest,Strategic developments,Looting/property destruction,2,0,,Strategic developments,3751,5.236,9.2808
2026-04-11,Middle Africa,Cameroon,Sud-Ouest,Strategic developments,Looting/property destruction,6,0,,Strategic developments,3751,5.236,9.2808
2026-04-18,Middle Africa,Cameroon,Sud-Ouest,Strategic developments,Looting/property destruction,3,0,,Strategic developments,3751,5.236,9.2808
2026-04-25,Middle Africa,Cameroon,Sud-Ouest,Strategic developments,Looting/property destruction,5,0,,Strategic developments,3751,5.236,9.2808
2026-05-02,Middle Africa,Cameroon,Sud-Ouest,Strategic developments,Looting/property destruction,3,0,,Strategic developments,3751,5.236,9.2808
2026-05-09,Middle Africa,Cameroon,Sud-Ouest,Strategic developments,Looting/property destruction,2,0,,Strategic developments,3751,5.236,9.2808
2026-05-23,Middle Africa,Cameroon,Sud-Ouest,Strategic developments,Looting/property destruction,3,0,,Strategic developments,3751,5.236,9.2808
2026-05-30,Middle Africa,Cameroon,Sud-Ouest,Strategic developments,Looting/property destruction,3,0,,Strategic developments,3751,5.236,9.2808
2026-06-06,Middle Africa,Cameroon,Sud-Ouest,Strategic developments,Looting/property destruction,2,0,,Strategic developments,3751,5.236,9.2808
2026-06-13,Middle Africa,Cameroon,Sud-Ouest,Strategic developments,Looting/property destruction,2,0,,Strategic developments,3751,5.236,9.2808
2026-06-27,Middle Africa,Cameroon,Sud-Ouest,Strategic developments,Looting/property destruction,2,0,,Strategic developments,3751,5.236,9.2808
2026-07-11,Middle Africa,Cameroon,Sud-Ouest,Strategic developments,Looting/property destruction,1,0,,Strategic developments,3751,5.236,9.2808
2026-07-18,Middle Africa,Cameroon,Sud-Ouest,Strategic developments,Looting/property destruction,4,0,,Strategic developments,3751,5.236,9.2808
2026-07-25,Middle Africa,Cameroon,Sud-Ouest,Strategic developments,Looting/property destruction,1,0,,Strategic developments,3751,5.236,9.2808
2026-08-01,Middle Africa,Cameroon,Sud-Ouest,Strategic developments,Looting/property destruction,2,0,,Strategic developments,3751,5.236,9.2808
2026-08-08,Middle Africa,Cameroon,Sud-Ouest,Strategic developments,Looting/property destruction,2,0,,Strategic developments,3751,5.236,9.2808
2026-08-15,Middle Africa,Cameroon,Sud-Ouest,Strategic developments,Looting/property destruction,3,0,,Strategic developments,3751,5.236,9.2808
2026-08-22,Middle Africa,Cameroon,Sud-Ouest,Strategic developments,Looting/property destruction,1,0,,Strategic developments,3751,5.236,9.2808
2021-02-27,Middle Africa,Cameroon,Sud-Ouest,Strategic developments,Other,1,0,,Strategic developments,3751,5.236,9.2808
2022-05-07,Middle Africa,Cameroon,Sud-Ouest,Strategic developments,Other,1,0,,Strategic developments,3751,5.236,9.2808
2022-05-14,Middle Africa,Cameroon,Sud-Ouest,Strategic developments,Other,2,0,,Strategic developments,3751,5.236,9.2808
2022-06-04,Middle Africa,Cameroon,Sud-Ouest,Strategic developments,Other,1,0,,Strategic developments,3751,5.236,9.2808
2022-07-02,Middle Africa,Cameroon,Sud-Ouest,Strategic developments,Other,2,0,,Strategic developments,3751,5.236,9.2808
2022-07-23,Middle Africa,Cameroon,Sud-Ouest,Strategic developments,Other,1,0,,Strategic developments,3751,5.236,9.2808
2022-08-06,Middle Africa,Cameroon,Sud-Ouest,Strategic developments,Other,1,0,,Strategic developments,3751,5.236,9.2808
2022-08-13,Middle Africa,Cameroon,Sud-Ouest,Strategic developments,Other,1,0,,Strategic developments,3751,5.236,9.2808
2022-08-27,Middle Africa,Cameroon,Sud-Ouest,Strategic developments,Other,1,0,,Strategic developments,3751,5.236,9.2808
2022-09-10,Middle Africa,Cameroon,Sud-Ouest,Strategic developments,Other,5,0,,Strategic developments,3751,5.236,9.2808
2022-09-17,Middle Africa,Cameroon,Sud-Ouest,Strategic developments,Other,1,0,,Strategic developments,3751,5.236,9.2808
2022-10-01,Middle Africa,Cameroon,Sud-Ouest,Strategic developments,Other,3,0,,Strategic developments,3751,5.236,9.2808
2022-10-08,Middle Africa,Cameroon,Sud-Ouest,Strategic developments,Other,1,0,,Strategic developments,3751,5.236,9.2808
2022-10-22,Middle Africa,Cameroon,Sud-Ouest,Strategic developments,Other,1,0,,Strategic developments,3751,5.236,9.2808
2022-11-05,Middle Africa,Cameroon,Sud-Ouest,Strategic developments,Other,3,0,,Strategic developments,3751,5.236,9.2808
2022-11-12,Middle Africa,Cameroon,Sud-Ouest,Strategic developments,Other,1,0,,Strategic developments,3751,5.236,9.2808
2022-11-19,Middle Africa,Cameroon,Sud-Ouest,Strategic developments,Other,3,1,,Strategic developments,3751,5.236,9.2808
2022-11-26,Middle Africa,Cameroon,Sud-Ouest,Strategic developments,Other,1,0,,Strategic developments,3751,5.236,9.2808
2022-12-03,Middle Africa,Cameroon,Sud-Ouest,Strategic developments,Other,1,0,,Strategic developments,3751,5.236,9.2808
2022-12-31,Middle Africa,Cameroon,Sud-Ouest,Strategic developments,Other,1,0,,Strategic developments,3751,5.236,9.2808
2023-01-14,Middle Africa,Cameroon,Sud-Ouest,Strategic developments,Other,3,0,,Strategic developments,3751,5.236,9.2808
2023-01-21,Middle Africa,Cameroon,Sud-Ouest,Strategic developments,Other,5,0,,Strategic developments,3751,5.236,9.2808
2023-01-28,Middle Africa,Cameroon,Sud-Ouest,Strategic developments,Other,3,0,,Strategic developments,3751,5.236,9.2808
2023-02-04,Middle Africa,Cameroon,Sud-Ouest,Strategic developments,Other,1,0,,Strategic developments,3751,5.236,9.2808
2023-02-18,Middle Africa,Cameroon,Sud-Ouest,Strategic developments,Other,1,0,,Strategic developments,3751,5.236,9.2808
2023-02-25,Middle Africa,Cameroon,Sud-Ouest,Strategic developments,Other,1,0,,Strategic developments,3751,5.236,9.2808
2023-03-04,Middle Africa,Cameroon,Sud-Ouest,Strategic developments,Other,1,0,,Strategic developments,3751,5.236,9.2808
2023-03-18,Middle Africa,Cameroon,Sud-Ouest,Strategic developments,Other,1,0,,Strategic developments,3751,5.236,9.2808
2023-03-25,Middle Africa,Cameroon,Sud-Ouest,Strategic developments,Other,1,0,,Strategic developments,3751,5.236,9.2808
2023-04-08,Middle Africa,Cameroon,Sud-Ouest,Strategic developments,Other,2,0,,Strategic developments,3751,5.236,9.2808
2023-05-13,Middle Africa,Cameroon,Sud-Ouest,Strategic developments,Other,2,0,,Strategic developments,3751,5.236,9.2808
2023-05-20,Middle Africa,Cameroon,Sud-Ouest,Strategic developments,Other,2,0,,Strategic developments,3751,5.236,9.2808
2023-05-27,Middle Africa,Cameroon,Sud-Ouest,Strategic developments,Other,1,0,,Strategic developments,3751,5.236,9.2808
2023-06-03,Middle Africa,Cameroon,Sud-Ouest,Strategic developments,Other,1,0,,Strategic developments,3751,5.236,9.2808
2023-07-01,Middle Africa,Cameroon,Sud-Ouest,Strategic developments,Other,1,0,,Strategic developments,3751,5.236,9.2808
2023-07-15,Middle Africa,Cameroon,Sud-Ouest,Strategic developments,Other,2,0,,Strategic developments,3751,5.236,9.2808
2023-07-22,Middle Africa,Cameroon,Sud-Ouest,Strategic developments,Other,2,0,,Strategic developments,3751,5.236,9.2808
2023-08-05,Middle Africa,Cameroon,Sud-Ouest,Strategic developments,Other,1,0,,Strategic developments,3751,5.236,9.2808
2023-08-12,Middle Africa,Cameroon,Sud-Ouest,Strategic developments,Other,1,0,,Strategic developments,3751,5.236,9.2808
2023-08-19,Middle Africa,Cameroon,Sud-Ouest,Strategic developments,Other,2,0,,Strategic developments,3751,5.236,9.2808
2023-09-02,Middle Africa,Cameroon,Sud-Ouest,Strategic developments,Other,3,0,,Strategic developments,3751,5.236,9.2808
2023-10-07,Middle Africa,Cameroon,Sud-Ouest,Strategic developments,Other,1,0,,Strategic developments,3751,5.236,9.2808
2023-10-14,Middle Africa,Cameroon,Sud-Ouest,Strategic developments,Other,3,0,,Strategic developments,3751,5.236,9.2808
2023-10-28,Middle Africa,Cameroon,Sud-Ouest,Strategic developments,Other,1,0,,Strategic developments,3751,5.236,9.2808
2023-11-18,Middle Africa,Cameroon,Sud-Ouest,Strategic developments,Other,1,0,,Strategic developments,3751,5.236,9.2808
2023-11-25,Middle Africa,Cameroon,Sud-Ouest,Strategic developments,Other,2,0,,Strategic developments,3751,5.236,9.2808
2023-12-09,Middle Africa,Cameroon,Sud-Ouest,Strategic developments,Other,1,0,,Strategic developments,3751,5.236,9.2808
2023-12-16,Middle Africa,Cameroon,Sud-Ouest,Strategic developments,Other,1,0,,Strategic developments,3751,5.236,9.2808
2023-12-23,Middle Africa,Cameroon,Sud-Ouest,Strategic developments,Other,2,0,,Strategic developments,3751,5.236,9.2808
2023-12-30,Middle Africa,Cameroon,Sud-Ouest,Strategic developments,Other,2,0,,Strategic developments,3751,5.236,9.2808
2024-01-13,Middle Africa,Cameroon,Sud-Ouest,Strategic developments,Other,1,0,,Strategic developments,3751,5.236,9.2808
2024-02-03,Middle Africa,Cameroon,Sud-Ouest,Strategic developments,Other,2,0,,Strategic developments,3751,5.236,9.2808
2024-02-24,Middle Africa,Cameroon,Sud-Ouest,Strategic developments,Other,1,0,,Strategic developments,3751,5.236,9.2808
2024-03-23,Middle Africa,Cameroon,Sud-Ouest,Strategic developments,Other,1,0,,Strategic developments,3751,5.236,9.2808
2024-04-06,Middle Africa,Cameroon,Sud-Ouest,Strategic developments,Other,1,0,,Strategic developments,3751,5.236,9.2808
2024-04-20,Middle Africa,Cameroon,Sud-Ouest,Strategic developments,Other,1,0,,Strategic developments,3751,5.236,9.2808
2024-05-04,Middle Africa,Cameroon,Sud-Ouest,Strategic developments,Other,2,0,,Strategic developments,3751,5.236,9.2808
2024-07-20,Middle Africa,Cameroon,Sud-Ouest,Strategic developments,Other,2,0,,Strategic developments,3751,5.236,9.2808
2024-07-27,Middle Africa,Cameroon,Sud-Ouest,Strategic developments,Other,1,0,,Strategic developments,3751,5.236,9.2808
2024-08-03,Middle Africa,Cameroon,Sud-Ouest,Strategic developments,Other,2,0,,Strategic developments,3751,5.236,9.2808
2024-08-10,Middle Africa,Cameroon,Sud-Ouest,Strategic developments,Other,2,0,,Strategic developments,3751,5.236,9.2808
2024-08-24,Middle Africa,Cameroon,Sud-Ouest,Strategic developments,Other,2,0,,Strategic developments,3751,5.236,9.2808
2024-08-31,Middle Africa,Cameroon,Sud-Ouest,Strategic developments,Other,6,0,,Strategic developments,3751,5.236,9.2808
2024-09-14,Middle Africa,Cameroon,Sud-Ouest,Strategic developments,Other,2,0,,Strategic developments,3751,5.236,9.2808
2024-09-21,Middle Africa,Cameroon,Sud-Ouest,Strategic developments,Other,5,0,,Strategic developments,3751,5.236,9.2808
2024-10-05,Middle Africa,Cameroon,Sud-Ouest,Strategic developments,Other,2,0,,Strategic developments,3751,5.236,9.2808
2024-10-12,Middle Africa,Cameroon,Sud-Ouest,Strategic developments,Other,3,0,,Strategic developments,3751,5.236,9.2808
2024-10-26,Middle Africa,Cameroon,Sud-Ouest,Strategic developments,Other,1,0,,Strategic developments,3751,5.236,9.2808
2024-11-02,Middle Africa,Cameroon,Sud-Ouest,Strategic developments,Other,7,0,,Strategic developments,3751,5.236,9.2808
2024-11-16,Middle Africa,Cameroon,Sud-Ouest,Strategic developments,Other,1,0,,Strategic developments,3751,5.236,9.2808
2025-01-11,Middle Africa,Cameroon,Sud-Ouest,Strategic developments,Other,1,0,,Strategic developments,3751,5.236,9.2808
2025-01-18,Middle Africa,Cameroon,Sud-Ouest,Strategic developments,Other,1,0,,Strategic developments,3751,5.236,9.2808
2025-01-25,Middle Africa,Cameroon,Sud-Ouest,Strategic developments,Other,4,0,,Strategic developments,3751,5.236,9.2808
2025-02-01,Middle Africa,Cameroon,Sud-Ouest,Strategic developments,Other,2,0,,Strategic developments,3751,5.236,9.2808
2025-02-08,Middle Africa,Cameroon,Sud-Ouest,Strategic developments,Other,16,0,,Strategic developments,3751,5.236,9.2808
2025-02-15,Middle Africa,Cameroon,Sud-Ouest,Strategic developments,Other,3,0,,Strategic developments,3751,5.236,9.2808
2025-02-22,Middle Africa,Cameroon,Sud-Ouest,Strategic developments,Other,2,0,,Strategic developments,3751,5.236,9.2808
2025-03-08,Middle Africa,Cameroon,Sud-Ouest,Strategic developments,Other,2,0,,Strategic developments,3751,5.236,9.2808
2025-03-15,Middle Africa,Cameroon,Sud-Ouest,Strategic developments,Other,2,0,,Strategic developments,3751,5.236,9.2808
2025-03-22,Middle Africa,Cameroon,Sud-Ouest,Strategic developments,Other,1,0,,Strategic developments,3751,5.236,9.2808
2025-04-12,Middle Africa,Cameroon,Sud-Ouest,Strategic developments,Other,1,0,,Strategic developments,3751,5.236,9.2808
2025-05-03,Middle Africa,Cameroon,Sud-Ouest,Strategic developments,Other,2,0,,Strategic developments,3751,5.236,9.2808
2025-05-10,Middle Africa,Cameroon,Sud-Ouest,Strategic developments,Other,2,0,,Strategic developments,3751,5.236,9.2808
2025-05-17,Middle Africa,Cameroon,Sud-Ouest,Strategic developments,Other,3,0,,Strategic developments,3751,5.236,9.2808
2025-05-31,Middle Africa,Cameroon,Sud-Ouest,Strategic developments,Other,5,0,,Strategic developments,3751,5.236,9.2808
2025-06-07,Middle Africa,Cameroon,Sud-Ouest,Strategic developments,Other,1,0,,Strategic developments,3751,5.236,9.2808
2025-07-12,Middle Africa,Cameroon,Sud-Ouest,Strategic developments,Other,1,0,,Strategic developments,3751,5.236,9.2808
2025-07-19,Middle Africa,Cameroon,Sud-Ouest,Strategic developments,Other,1,0,,Strategic developments,3751,5.236,9.2808
2025-08-16,Middle Africa,Cameroon,Sud-Ouest,Strategic developments,Other,2,0,,Strategic developments,3751,5.236,9.2808
2025-08-23,Middle Africa,Cameroon,Sud-Ouest,Strategic developments,Other,2,0,,Strategic developments,3751,5.236,9.2808
2025-08-30,Middle Africa,Cameroon,Sud-Ouest,Strategic developments,Other,1,0,,Strategic developments,3751,5.236,9.2808
2025-09-06,Middle Africa,Cameroon,Sud-Ouest,Strategic developments,Other,6,0,,Strategic developments,3751,5.236,9.2808
2025-09-13,Middle Africa,Cameroon,Sud-Ouest,Strategic developments,Other,4,0,,Strategic developments,3751,5.236,9.2808
2025-09-20,Middle Africa,Cameroon,Sud-Ouest,Strategic developments,Other,4,0,,Strategic developments,3751,5.236,9.2808
2025-09-27,Middle Africa,Cameroon,Sud-Ouest,Strategic developments,Other,2,0,,Strategic developments,3751,5.236,9.2808
2025-10-11,Middle Africa,Cameroon,Sud-Ouest,Strategic developments,Other,1,0,,Strategic developments,3751,5.236,9.2808
2025-11-08,Middle Africa,Cameroon,Sud-Ouest,Strategic developments,Other,3,0,,Strategic developments,3751,5.236,9.2808
2025-11-22,Middle Africa,Cameroon,Sud-Ouest,Strategic developments,Other,1,0,,Strategic developments,3751,5.236,9.2808
2025-12-06,Middle Africa,Cameroon,Sud-Ouest,Strategic developments,Other,1,0,,Strategic developments,3751,5.236,9.2808
2025-12-27,Middle Africa,Cameroon,Sud-Ouest,Strategic developments,Other,1,0,,Strategic developments,3751,5.236,9.2808
2026-01-03,Middle Africa,Cameroon,Sud-Ouest,Strategic developments,Other,1,0,,Strategic developments,3751,5.236,9.2808
2026-01-24,Middle Africa,Cameroon,Sud-Ouest,Strategic developments,Other,1,0,,Strategic developments,3751,5.236,9.2808
2026-02-07,Middle Africa,Cameroon,Sud-Ouest,Strategic developments,Other,2,0,,Strategic developments,3751,5.236,9.2808
2026-02-14,Middle Africa,Cameroon,Sud-Ouest,Strategic developments,Other,2,0,,Strategic developments,3751,5.236,9.2808
2026-02-21,Middle Africa,Cameroon,Sud-Ouest,Strategic developments,Other,3,0,,Strategic developments,3751,5.236,9.2808
2026-02-28,Middle Africa,Cameroon,Sud-Ouest,Strategic developments,Other,5,0,,Strategic developments,3751,5.236,9.2808
2026-03-07,Middle Africa,Cameroon,Sud-Ouest,Strategic developments,Other,3,0,,Strategic developments,3751,5.236,9.2808
2026-04-04,Middle Africa,Cameroon,Sud-Ouest,Strategic developments,Other,2,0,,Strategic developments,3751,5.236,9.2808
2026-04-11,Middle Africa,Cameroon,Sud-Ouest,Strategic developments,Other,1,0,,Strategic developments,3751,5.236,9.2808
2026-04-18,Middle Africa,Cameroon,Sud-Ouest,Strategic developments,Other,4,0,,Strategic developments,3751,5.236,9.2808
2026-04-25,Middle Africa,Cameroon,Sud-Ouest,Strategic developments,Other,1,0,,Strategic developments,3751,5.236,9.2808
2026-05-09,Middle Africa,Cameroon,Sud-Ouest,Strategic developments,Other,3,0,,Strategic developments,3751,5.236,9.2808
2026-05-23,Middle Africa,Cameroon,Sud-Ouest,Strategic developments,Other,2,0,,Strategic developments,3751,5.236,9.2808
2026-05-30,Middle Africa,Cameroon,Sud-Ouest,Strategic developments,Other,2,0,,Strategic developments,3751,5.236,9.2808
2026-06-27,Middle Africa,Cameroon,Sud-Ouest,Strategic developments,Other,1,0,,Strategic developments,3751,5.236,9.2808
2026-07-04,Middle Africa,Cameroon,Sud-Ouest,Strategic developments,Other,4,0,,Strategic developments,3751,5.236,9.2808
2026-07-11,Middle Africa,Cameroon,Sud-Ouest,Strategic developments,Other,2,0,,Strategic developments,3751,5.236,9.2808
2026-07-18,Middle Africa,Cameroon,Sud-Ouest,Strategic developments,Other,1,0,,Strategic developments,3751,5.236,9.2808
2026-07-25,Middle Africa,Cameroon,Sud-Ouest,Strategic developments,Other,2,0,,Strategic developments,3751,5.236,9.2808
2026-08-01,Middle Africa,Cameroon,Sud-Ouest,Strategic developments,Other,2,0,,Strategic developments,3751,5.236,9.2808
2026-08-08,Middle Africa,Cameroon,Sud-Ouest,Strategic developments,Other,3,0,,Strategic developments,3751,5.236,9.2808
2026-08-15,Middle Africa,Cameroon,Sud-Ouest,Strategic developments,Other,1,0,,Strategic developments,3751,5.236,9.2808
2026-08-22,Middle Africa,Cameroon,Sud-Ouest,Strategic developments,Other,1,0,,Strategic developments,3751,5.236,9.2808
2020-01-04,Middle Africa,Cameroon,Sud-Ouest,Violence against civilians,Abduction/forced disappearance,1,0,2375,Political violence,3751,5.236,9.2808
2020-01-11,Middle Africa,Cameroon,Sud-Ouest,Violence against civilians,Abduction/forced disappearance,1,0,2375,Political violence,3751,5.236,9.2808
2020-02-29,Middle Africa,Cameroon,Sud-Ouest,Violence against civilians,Abduction/forced disappearance,1,0,4628,Political violence,3751,5.236,9.2808
2020-03-21,Middle Africa,Cameroon,Sud-Ouest,Violence against civilians,Abduction/forced disappearance,1,0,5176,Political violence,3751,5.236,9.2808
2020-05-16,Middle Africa,Cameroon,Sud-Ouest,Violence against civilians,Abduction/forced disappearance,1,0,765,Political violence,3751,5.236,9.2808
2020-07-04,Middle Africa,Cameroon,Sud-Ouest,Violence against civilians,Abduction/forced disappearance,1,0,32078,Political violence,3751,5.236,9.2808
2020-07-11,Middle Africa,Cameroon,Sud-Ouest,Violence against civilians,Abduction/forced disappearance,2,0,8114,Political violence,3751,5.236,9.2808
2020-08-01,Middle Africa,Cameroon,Sud-Ouest,Violence against civilians,Abduction/forced disappearance,1,0,4622,Political violence,3751,5.236,9.2808
2020-08-15,Middle Africa,Cameroon,Sud-Ouest,Violence against civilians,Abduction/forced disappearance,1,0,9771,Political violence,3751,5.236,9.2808
2020-08-22,Middle Africa,Cameroon,Sud-Ouest,Violence against civilians,Abduction/forced disappearance,2,0,34790,Political violence,3751,5.236,9.2808
2020-08-29,Middle Africa,Cameroon,Sud-Ouest,Violence against civilians,Abduction/forced disappearance,1,0,28735,Political violence,3751,5.236,9.2808
2020-09-12,Middle Africa,Cameroon,Sud-Ouest,Violence against civilians,Abduction/forced disappearance,1,0,765,Political violence,3751,5.236,9.2808
2020-10-31,Middle Africa,Cameroon,Sud-Ouest,Violence against civilians,Abduction/forced disappearance,1,0,3568,Political violence,3751,5.236,9.2808
2020-11-07,Middle Africa,Cameroon,Sud-Ouest,Violence against civilians,Abduction/forced disappearance,3,0,84696,Political violence,3751,5.236,9.2808
2020-11-28,Middle Africa,Cameroon,Sud-Ouest,Violence against civilians,Abduction/forced disappearance,1,0,8757,Political violence,3751,5.236,9.2808
2020-12-05,Middle Africa,Cameroon,Sud-Ouest,Violence against civilians,Abduction/forced disappearance,1,0,18713,Political violence,3751,5.236,9.2808
2020-12-12,Middle Africa,Cameroon,Sud-Ouest,Violence against civilians,Abduction/forced disappearance,4,0,89034,Political violence,3751,5.236,9.2808
2020-12-19,Middle Africa,Cameroon,Sud-Ouest,Violence against civilians,Abduction/forced disappearance,1,0,28735,Political violence,3751,5.236,9.2808
2020-12-26,Middle Africa,Cameroon,Sud-Ouest,Violence against civilians,Abduction/forced disappearance,1,0,10861,Political violence,3751,5.236,9.2808
2021-01-02,Middle Africa,Cameroon,Sud-Ouest,Violence against civilians,Abduction/forced disappearance,1,0,16,Political violence,3751,5.236,9.2808
2021-01-09,Middle Africa,Cameroon,Sud-Ouest,Violence against civilians,Abduction/forced disappearance,2,0,33223,Political violence,3751,5.236,9.2808
2021-01-16,Middle Africa,Cameroon,Sud-Ouest,Violence against civilians,Abduction/forced disappearance,1,0,29610,Political violence,3751,5.236,9.2808
2021-01-30,Middle Africa,Cameroon,Sud-Ouest,Violence against civilians,Abduction/forced disappearance,2,0,7943,Political violence,3751,5.236,9.2808
2021-02-06,Middle Africa,Cameroon,Sud-Ouest,Violence against civilians,Abduction/forced disappearance,3,0,69901,Political violence,3751,5.236,9.2808
2021-02-27,Middle Africa,Cameroon,Sud-Ouest,Violence against civilians,Abduction/forced disappearance,1,0,45814,Political violence,3751,5.236,9.2808
2021-03-13,Middle Africa,Cameroon,Sud-Ouest,Violence against civilians,Abduction/forced disappearance,2,0,55230,Political violence,3751,5.236,9.2808
2021-03-20,Middle Africa,Cameroon,Sud-Ouest,Violence against civilians,Abduction/forced disappearance,1,0,2288,Political violence,3751,5.236,9.2808
2021-04-24,Middle Africa,Cameroon,Sud-Ouest,Violence against civilians,Abduction/forced disappearance,4,0,9609,Political violence,3751,5.236,9.2808
2021-05-15,Middle Africa,Cameroon,Sud-Ouest,Violence against civilians,Abduction/forced disappearance,3,0,47340,Political violence,3751,5.236,9.2808
2021-05-29,Middle Africa,Cameroon,Sud-Ouest,Violence against civilians,Abduction/forced disappearance,1,0,3547,Political violence,3751,5.236,9.2808
2021-06-12,Middle Africa,Cameroon,Sud-Ouest,Violence against civilians,Abduction/forced disappearance,1,0,29610,Political violence,3751,5.236,9.2808
2021-06-26,Middle Africa,Cameroon,Sud-Ouest,Violence against civilians,Abduction/forced disappearance,1,0,3655,Political violence,3751,5.236,9.2808
2021-07-03,Middle Africa,Cameroon,Sud-Ouest,Violence against civilians,Abduction/forced disappearance,1,0,1526,Political violence,3751,5.236,9.2808
2021-08-14,Middle Africa,Cameroon,Sud-Ouest,Violence against civilians,Abduction/forced disappearance,1,0,48441,Political violence,3751,5.236,9.2808
2021-08-28,Middle Africa,Cameroon,Sud-Ouest,Violence against civilians,Abduction/forced disappearance,1,0,45814,Political violence,3751,5.236,9.2808
2021-09-11,Middle Africa,Cameroon,Sud-Ouest,Violence against civilians,Abduction/forced disappearance,2,0,2433,Political violence,3751,5.236,9.2808
2021-11-06,Middle Africa,Cameroon,Sud-Ouest,Violence against civilians,Abduction/forced disappearance,1,0,1526,Political violence,3751,5.236,9.2808
2021-12-11,Middle Africa,Cameroon,Sud-Ouest,Violence against civilians,Abduction/forced disappearance,2,0,5675,Political violence,3751,5.236,9.2808
2022-01-08,Middle Africa,Cameroon,Sud-Ouest,Violence against civilians,Abduction/forced disappearance,2,0,103384,Political violence,3751,5.236,9.2808
2022-01-22,Middle Africa,Cameroon,Sud-Ouest,Violence against civilians,Abduction/forced disappearance,1,0,53708,Political violence,3751,5.236,9.2808
2022-02-12,Middle Africa,Cameroon,Sud-Ouest,Violence against civilians,Abduction/forced disappearance,2,0,16529,Political violence,3751,5.236,9.2808
2022-02-26,Middle Africa,Cameroon,Sud-Ouest,Violence against civilians,Abduction/forced disappearance,1,0,2153,Political violence,3751,5.236,9.2808
2022-03-26,Middle Africa,Cameroon,Sud-Ouest,Violence against civilians,Abduction/forced disappearance,2,0,52907,Political violence,3751,5.236,9.2808
2022-04-02,Middle Africa,Cameroon,Sud-Ouest,Violence against civilians,Abduction/forced disappearance,2,0,58135,Political violence,3751,5.236,9.2808
2022-04-16,Middle Africa,Cameroon,Sud-Ouest,Violence against civilians,Abduction/forced disappearance,1,0,50459,Political violence,3751,5.236,9.2808
2022-04-30,Middle Africa,Cameroon,Sud-Ouest,Violence against civilians,Abduction/forced disappearance,1,0,8074,Political violence,3751,5.236,9.2808
2022-05-07,Middle Africa,Cameroon,Sud-Ouest,Violence against civilians,Abduction/forced disappearance,7,0,102494,Political violence,3751,5.236,9.2808
2022-05-14,Middle Africa,Cameroon,Sud-Ouest,Violence against civilians,Abduction/forced disappearance,3,0,11863,Political violence,3751,5.236,9.2808
2022-05-21,Middle Africa,Cameroon,Sud-Ouest,Violence against civilians,Abduction/forced disappearance,1,0,2449,Political violence,3751,5.236,9.2808
2022-05-28,Middle Africa,Cameroon,Sud-Ouest,Violence against civilians,Abduction/forced disappearance,1,0,11487,Political violence,3751,5.236,9.2808
2022-06-04,Middle Africa,Cameroon,Sud-Ouest,Violence against civilians,Abduction/forced disappearance,4,0,83508,Political violence,3751,5.236,9.2808
2022-06-11,Middle Africa,Cameroon,Sud-Ouest,Violence against civilians,Abduction/forced disappearance,1,0,518,Political violence,3751,5.236,9.2808
2022-06-18,Middle Africa,Cameroon,Sud-Ouest,Violence against civilians,Abduction/forced disappearance,1,0,7328,Political violence,3751,5.236,9.2808
2022-06-25,Middle Africa,Cameroon,Sud-Ouest,Violence against civilians,Abduction/forced disappearance,4,0,99263,Political violence,3751,5.236,9.2808
2022-07-02,Middle Africa,Cameroon,Sud-Ouest,Violence against civilians,Abduction/forced disappearance,6,0,160831,Political violence,3751,5.236,9.2808
2022-07-16,Middle Africa,Cameroon,Sud-Ouest,Violence against civilians,Abduction/forced disappearance,4,0,33777,Political violence,3751,5.236,9.2808
2022-07-23,Middle Africa,Cameroon,Sud-Ouest,Violence against civilians,Abduction/forced disappearance,3,0,6564,Political violence,3751,5.236,9.2808
2022-07-30,Middle Africa,Cameroon,Sud-Ouest,Violence against civilians,Abduction/forced disappearance,3,0,10655,Political violence,3751,5.236,9.2808
2022-08-06,Middle Africa,Cameroon,Sud-Ouest,Violence against civilians,Abduction/forced disappearance,5,0,110103,Political violence,3751,5.236,9.2808
2022-08-13,Middle Africa,Cameroon,Sud-Ouest,Violence against civilians,Abduction/forced disappearance,3,0,60118,Political violence,3751,5.236,9.2808
2022-08-20,Middle Africa,Cameroon,Sud-Ouest,Violence against civilians,Abduction/forced disappearance,2,0,7230,Political violence,3751,5.236,9.2808
2022-08-27,Middle Africa,Cameroon,Sud-Ouest,Violence against civilians,Abduction/forced disappearance,2,0,7494,Political violence,3751,5.236,9.2808
2022-09-03,Middle Africa,Cameroon,Sud-Ouest,Violence against civilians,Abduction/forced disappearance,3,0,21271,Political violence,3751,5.236,9.2808
2022-09-10,Middle Africa,Cameroon,Sud-Ouest,Violence against civilians,Abduction/forced disappearance,1,0,435,Political violence,3751,5.236,9.2808
2022-09-17,Middle Africa,Cameroon,Sud-Ouest,Violence against civilians,Abduction/forced disappearance,3,0,12781,Political violence,3751,5.236,9.2808
2022-09-24,Middle Africa,Cameroon,Sud-Ouest,Violence against civilians,Abduction/forced disappearance,1,0,6961,Political violence,3751,5.236,9.2808
2022-10-01,Middle Africa,Cameroon,Sud-Ouest,Violence against civilians,Abduction/forced disappearance,2,0,61729,Political violence,3751,5.236,9.2808
2022-10-08,Middle Africa,Cameroon,Sud-Ouest,Violence against civilians,Abduction/forced disappearance,2,0,94009,Political violence,3751,5.236,9.2808
2022-10-15,Middle Africa,Cameroon,Sud-Ouest,Violence against civilians,Abduction/forced disappearance,4,0,158972,Political violence,3751,5.236,9.2808
2022-10-29,Middle Africa,Cameroon,Sud-Ouest,Violence against civilians,Abduction/forced disappearance,2,0,1766,Political violence,3751,5.236,9.2808
2022-11-05,Middle Africa,Cameroon,Sud-Ouest,Violence against civilians,Abduction/forced disappearance,4,0,95317,Political violence,3751,5.236,9.2808
2022-11-19,Middle Africa,Cameroon,Sud-Ouest,Violence against civilians,Abduction/forced disappearance,3,0,11328,Political violence,3751,5.236,9.2808
2022-11-26,Middle Africa,Cameroon,Sud-Ouest,Violence against civilians,Abduction/forced disappearance,7,0,68283,Political violence,3751,5.236,9.2808
2022-12-03,Middle Africa,Cameroon,Sud-Ouest,Violence against civilians,Abduction/forced disappearance,6,0,66866,Political violence,3751,5.236,9.2808
2022-12-10,Middle Africa,Cameroon,Sud-Ouest,Violence against civilians,Abduction/forced disappearance,4,0,53530,Political violence,3751,5.236,9.2808
2022-12-17,Middle Africa,Cameroon,Sud-Ouest,Violence against civilians,Abduction/forced disappearance,4,0,14078,Political violence,3751,5.236,9.2808
2022-12-24,Middle Africa,Cameroon,Sud-Ouest,Violence against civilians,Abduction/forced disappearance,3,0,44231,Political violence,3751,5.236,9.2808
2022-12-31,Middle Africa,Cameroon,Sud-Ouest,Violence against civilians,Abduction/forced disappearance,2,0,8961,Political violence,3751,5.236,9.2808
2023-01-07,Middle Africa,Cameroon,Sud-Ouest,Violence against civilians,Abduction/forced disappearance,3,0,11089,Political violence,3751,5.236,9.2808
2023-01-14,Middle Africa,Cameroon,Sud-Ouest,Violence against civilians,Abduction/forced disappearance,6,0,22524,Political violence,3751,5.236,9.2808
2023-01-21,Middle Africa,Cameroon,Sud-Ouest,Violence against civilians,Abduction/forced disappearance,2,0,44354,Political violence,3751,5.236,9.2808
2023-01-28,Middle Africa,Cameroon,Sud-Ouest,Violence against civilians,Abduction/forced disappearance,3,0,11250,Political violence,3751,5.236,9.2808
2023-02-04,Middle Africa,Cameroon,Sud-Ouest,Violence against civilians,Abduction/forced disappearance,1,0,10811,Political violence,3751,5.236,9.2808
2023-02-11,Middle Africa,Cameroon,Sud-Ouest,Violence against civilians,Abduction/forced disappearance,3,0,7340,Political violence,3751,5.236,9.2808
2023-02-18,Middle Africa,Cameroon,Sud-Ouest,Violence against civilians,Abduction/forced disappearance,4,0,41925,Political violence,3751,5.236,9.2808
2023-02-25,Middle Africa,Cameroon,Sud-Ouest,Violence against civilians,Abduction/forced disappearance,1,0,93483,Political violence,3751,5.236,9.2808
2023-03-04,Middle Africa,Cameroon,Sud-Ouest,Violence against civilians,Abduction/forced disappearance,2,0,92737,Political violence,3751,5.236,9.2808
2023-03-11,Middle Africa,Cameroon,Sud-Ouest,Violence against civilians,Abduction/forced disappearance,6,0,17027,Political violence,3751,5.236,9.2808
2023-03-18,Middle Africa,Cameroon,Sud-Ouest,Violence against civilians,Abduction/forced disappearance,5,0,27323,Political violence,3751,5.236,9.2808
2023-03-25,Middle Africa,Cameroon,Sud-Ouest,Violence against civilians,Abduction/forced disappearance,5,0,97028,Political violence,3751,5.236,9.2808
2023-04-01,Middle Africa,Cameroon,Sud-Ouest,Violence against civilians,Abduction/forced disappearance,4,0,159059,Political violence,3751,5.236,9.2808
2023-04-08,Middle Africa,Cameroon,Sud-Ouest,Violence against civilians,Abduction/forced disappearance,2,0,17472,Political violence,3751,5.236,9.2808
2023-04-15,Middle Africa,Cameroon,Sud-Ouest,Violence against civilians,Abduction/forced disappearance,4,0,90377,Political violence,3751,5.236,9.2808
2023-04-22,Middle Africa,Cameroon,Sud-Ouest,Violence against civilians,Abduction/forced disappearance,4,0,90908,Political violence,3751,5.236,9.2808
2023-04-29,Middle Africa,Cameroon,Sud-Ouest,Violence against civilians,Abduction/forced disappearance,4,0,16387,Political violence,3751,5.236,9.2808
2023-05-06,Middle Africa,Cameroon,Sud-Ouest,Violence against civilians,Abduction/forced disappearance,5,0,111168,Political violence,3751,5.236,9.2808
2023-05-13,Middle Africa,Cameroon,Sud-Ouest,Violence against civilians,Abduction/forced disappearance,4,0,185441,Political violence,3751,5.236,9.2808
2023-05-20,Middle Africa,Cameroon,Sud-Ouest,Violence against civilians,Abduction/forced disappearance,2,0,105420,Political violence,3751,5.236,9.2808
2023-05-27,Middle Africa,Cameroon,Sud-Ouest,Violence against civilians,Abduction/forced disappearance,4,0,52926,Political violence,3751,5.236,9.2808
2023-06-03,Middle Africa,Cameroon,Sud-Ouest,Violence against civilians,Abduction/forced disappearance,4,0,23965,Political violence,3751,5.236,9.2808
2023-06-10,Middle Africa,Cameroon,Sud-Ouest,Violence against civilians,Abduction/forced disappearance,5,0,9746,Political violence,3751,5.236,9.2808
2023-06-17,Middle Africa,Cameroon,Sud-Ouest,Violence against civilians,Abduction/forced disappearance,5,0,48948,Political violence,3751,5.236,9.2808
2023-06-24,Middle Africa,Cameroon,Sud-Ouest,Violence against civilians,Abduction/forced disappearance,2,0,51066,Political violence,3751,5.236,9.2808
2023-07-01,Middle Africa,Cameroon,Sud-Ouest,Violence against civilians,Abduction/forced disappearance,7,0,46789,Political violence,3751,5.236,9.2808
2023-07-08,Middle Africa,Cameroon,Sud-Ouest,Violence against civilians,Abduction/forced disappearance,4,0,58823,Political violence,3751,5.236,9.2808
2023-07-15,Middle Africa,Cameroon,Sud-Ouest,Violence against civilians,Abduction/forced disappearance,2,0,94920,Political violence,3751,5.236,9.2808
2023-07-22,Middle Africa,Cameroon,Sud-Ouest,Violence against civilians,Abduction/forced disappearance,5,0,17891,Political violence,3751,5.236,9.2808
2023-07-29,Middle Africa,Cameroon,Sud-Ouest,Violence against civilians,Abduction/forced disappearance,7,0,31179,Political violence,3751,5.236,9.2808
2023-08-05,Middle Africa,Cameroon,Sud-Ouest,Violence against civilians,Abduction/forced disappearance,3,0,96956,Political violence,3751,5.236,9.2808
2023-08-12,Middle Africa,Cameroon,Sud-Ouest,Violence against civilians,Abduction/forced disappearance,2,0,52300,Political violence,3751,5.236,9.2808
2023-08-19,Middle Africa,Cameroon,Sud-Ouest,Violence against civilians,Abduction/forced disappearance,8,0,148288,Political violence,3751,5.236,9.2808
2023-08-26,Middle Africa,Cameroon,Sud-Ouest,Violence against civilians,Abduction/forced disappearance,5,0,13818,Political violence,3751,5.236,9.2808
2023-09-02,Middle Africa,Cameroon,Sud-Ouest,Violence against civilians,Abduction/forced disappearance,2,0,30263,Political violence,3751,5.236,9.2808
2023-09-09,Middle Africa,Cameroon,Sud-Ouest,Violence against civilians,Abduction/forced disappearance,1,0,2986,Political violence,3751,5.236,9.2808
2023-09-16,Middle Africa,Cameroon,Sud-Ouest,Violence against civilians,Abduction/forced disappearance,3,0,48612,Political violence,3751,5.236,9.2808
2023-09-23,Middle Africa,Cameroon,Sud-Ouest,Violence against civilians,Abduction/forced disappearance,3,0,10163,Political violence,3751,5.236,9.2808
2023-09-30,Middle Africa,Cameroon,Sud-Ouest,Violence against civilians,Abduction/forced disappearance,4,0,7800,Political violence,3751,5.236,9.2808
2023-10-07,Middle Africa,Cameroon,Sud-Ouest,Violence against civilians,Abduction/forced disappearance,4,0,12449,Political violence,3751,5.236,9.2808
2023-10-14,Middle Africa,Cameroon,Sud-Ouest,Violence against civilians,Abduction/forced disappearance,5,0,11478,Political violence,3751,5.236,9.2808
2023-10-21,Middle Africa,Cameroon,Sud-Ouest,Violence against civilians,Abduction/forced disappearance,2,0,3212,Political violence,3751,5.236,9.2808
2023-10-28,Middle Africa,Cameroon,Sud-Ouest,Violence against civilians,Abduction/forced disappearance,3,0,5794,Political violence,3751,5.236,9.2808
2023-11-04,Middle Africa,Cameroon,Sud-Ouest,Violence against civilians,Abduction/forced disappearance,1,0,902,Political violence,3751,5.236,9.2808
2023-11-11,Middle Africa,Cameroon,Sud-Ouest,Violence against civilians,Abduction/forced disappearance,5,0,12141,Political violence,3751,5.236,9.2808
2023-11-18,Middle Africa,Cameroon,Sud-Ouest,Violence against civilians,Abduction/forced disappearance,7,0,200565,Political violence,3751,5.236,9.2808
2023-11-25,Middle Africa,Cameroon,Sud-Ouest,Violence against civilians,Abduction/forced disappearance,7,0,69020,Political violence,3751,5.236,9.2808
2023-12-02,Middle Africa,Cameroon,Sud-Ouest,Violence against civilians,Abduction/forced disappearance,8,0,14415,Political violence,3751,5.236,9.2808
2023-12-09,Middle Africa,Cameroon,Sud-Ouest,Violence against civilians,Abduction/forced disappearance,7,0,67476,Political violence,3751,5.236,9.2808
2023-12-16,Middle Africa,Cameroon,Sud-Ouest,Violence against civilians,Abduction/forced disappearance,7,0,22250,Political violence,3751,5.236,9.2808
2023-12-23,Middle Africa,Cameroon,Sud-Ouest,Violence against civilians,Abduction/forced disappearance,3,0,31033,Political violence,3751,5.236,9.2808
2023-12-30,Middle Africa,Cameroon,Sud-Ouest,Violence against civilians,Abduction/forced disappearance,3,0,129102,Political violence,3751,5.236,9.2808
2024-01-06,Middle Africa,Cameroon,Sud-Ouest,Violence against civilians,Abduction/forced disappearance,5,0,21187,Political violence,3751,5.236,9.2808
2024-01-13,Middle Africa,Cameroon,Sud-Ouest,Violence against civilians,Abduction/forced disappearance,3,0,5464,Political violence,3751,5.236,9.2808
2024-01-20,Middle Africa,Cameroon,Sud-Ouest,Violence against civilians,Abduction/forced disappearance,4,0,15069,Political violence,3751,5.236,9.2808
2024-01-27,Middle Africa,Cameroon,Sud-Ouest,Violence against civilians,Abduction/forced disappearance,1,0,35628,Political violence,3751,5.236,9.2808
2024-02-03,Middle Africa,Cameroon,Sud-Ouest,Violence against civilians,Abduction/forced disappearance,2,0,2153,Political violence,3751,5.236,9.2808
2024-02-10,Middle Africa,Cameroon,Sud-Ouest,Violence against civilians,Abduction/forced disappearance,6,0,8526,Political violence,3751,5.236,9.2808
2024-02-17,Middle Africa,Cameroon,Sud-Ouest,Violence against civilians,Abduction/forced disappearance,1,0,6221,Political violence,3751,5.236,9.2808
2024-02-24,Middle Africa,Cameroon,Sud-Ouest,Violence against civilians,Abduction/forced disappearance,2,0,363,Political violence,3751,5.236,9.2808
2024-03-09,Middle Africa,Cameroon,Sud-Ouest,Violence against civilians,Abduction/forced disappearance,8,0,105932,Political violence,3751,5.236,9.2808
2024-03-16,Middle Africa,Cameroon,Sud-Ouest,Violence against civilians,Abduction/forced disappearance,2,0,36780,Political violence,3751,5.236,9.2808
2024-03-23,Middle Africa,Cameroon,Sud-Ouest,Violence against civilians,Abduction/forced disappearance,7,0,108856,Political violence,3751,5.236,9.2808
2024-03-30,Middle Africa,Cameroon,Sud-Ouest,Violence against civilians,Abduction/forced disappearance,6,0,13181,Political violence,3751,5.236,9.2808
2024-04-06,Middle Africa,Cameroon,Sud-Ouest,Violence against civilians,Abduction/forced disappearance,5,0,143244,Political violence,3751,5.236,9.2808
2024-04-13,Middle Africa,Cameroon,Sud-Ouest,Violence against civilians,Abduction/forced disappearance,9,0,18540,Political violence,3751,5.236,9.2808
2024-04-20,Middle Africa,Cameroon,Sud-Ouest,Violence against civilians,Abduction/forced disappearance,7,0,118985,Political violence,3751,5.236,9.2808
2024-04-27,Middle Africa,Cameroon,Sud-Ouest,Violence against civilians,Abduction/forced disappearance,12,0,162781,Political violence,3751,5.236,9.2808
2024-05-04,Middle Africa,Cameroon,Sud-Ouest,Violence against civilians,Abduction/forced disappearance,9,0,225348,Political violence,3751,5.236,9.2808
2024-05-11,Middle Africa,Cameroon,Sud-Ouest,Violence against civilians,Abduction/forced disappearance,6,0,150281,Political violence,3751,5.236,9.2808
2024-05-18,Middle Africa,Cameroon,Sud-Ouest,Violence against civilians,Abduction/forced disappearance,10,0,127558,Political violence,3751,5.236,9.2808
2024-05-25,Middle Africa,Cameroon,Sud-Ouest,Violence against civilians,Abduction/forced disappearance,6,0,135660,Political violence,3751,5.236,9.2808
2024-06-01,Middle Africa,Cameroon,Sud-Ouest,Violence against civilians,Abduction/forced disappearance,10,0,73338,Political violence,3751,5.236,9.2808
2024-06-08,Middle Africa,Cameroon,Sud-Ouest,Violence against civilians,Abduction/forced disappearance,3,0,10574,Political violence,3751,5.236,9.2808
2024-06-15,Middle Africa,Cameroon,Sud-Ouest,Violence against civilians,Abduction/forced disappearance,9,0,121006,Political violence,3751,5.236,9.2808
2024-06-22,Middle Africa,Cameroon,Sud-Ouest,Violence against civilians,Abduction/forced disappearance,6,0,118891,Political violence,3751,5.236,9.2808
2024-06-29,Middle Africa,Cameroon,Sud-Ouest,Violence against civilians,Abduction/forced disappearance,8,0,133331,Political violence,3751,5.236,9.2808
2024-07-06,Middle Africa,Cameroon,Sud-Ouest,Violence against civilians,Abduction/forced disappearance,6,0,18221,Political violence,3751,5.236,9.2808
2024-07-13,Middle Africa,Cameroon,Sud-Ouest,Violence against civilians,Abduction/forced disappearance,3,0,9135,Political violence,3751,5.236,9.2808
2024-07-20,Middle Africa,Cameroon,Sud-Ouest,Violence against civilians,Abduction/forced disappearance,10,0,58673,Political violence,3751,5.236,9.2808
2024-07-27,Middle Africa,Cameroon,Sud-Ouest,Violence against civilians,Abduction/forced disappearance,10,0,121019,Political violence,3751,5.236,9.2808
2024-08-03,Middle Africa,Cameroon,Sud-Ouest,Violence against civilians,Abduction/forced disappearance,8,0,72624,Political violence,3751,5.236,9.2808
2024-08-10,Middle Africa,Cameroon,Sud-Ouest,Violence against civilians,Abduction/forced disappearance,9,0,124062,Political violence,3751,5.236,9.2808
2024-08-24,Middle Africa,Cameroon,Sud-Ouest,Violence against civilians,Abduction/forced disappearance,11,0,160900,Political violence,3751,5.236,9.2808
2024-08-31,Middle Africa,Cameroon,Sud-Ouest,Violence against civilians,Abduction/forced disappearance,3,0,1591,Political violence,3751,5.236,9.2808
2024-09-14,Middle Africa,Cameroon,Sud-Ouest,Violence against civilians,Abduction/forced disappearance,9,0,33662,Political violence,3751,5.236,9.2808
2024-09-21,Middle Africa,Cameroon,Sud-Ouest,Violence against civilians,Abduction/forced disappearance,9,0,54899,Political violence,3751,5.236,9.2808
2024-09-28,Middle Africa,Cameroon,Sud-Ouest,Violence against civilians,Abduction/forced disappearance,11,0,63028,Political violence,3751,5.236,9.2808
2024-10-05,Middle Africa,Cameroon,Sud-Ouest,Violence against civilians,Abduction/forced disappearance,8,0,104795,Political violence,3751,5.236,9.2808
2024-10-12,Middle Africa,Cameroon,Sud-Ouest,Violence against civilians,Abduction/forced disappearance,9,0,22664,Political violence,3751,5.236,9.2808
2024-10-19,Middle Africa,Cameroon,Sud-Ouest,Violence against civilians,Abduction/forced disappearance,6,0,56739,Political violence,3751,5.236,9.2808
2024-10-26,Middle Africa,Cameroon,Sud-Ouest,Violence against civilians,Abduction/forced disappearance,9,0,45849,Political violence,3751,5.236,9.2808
2024-11-02,Middle Africa,Cameroon,Sud-Ouest,Violence against civilians,Abduction/forced disappearance,23,0,238223,Political violence,3751,5.236,9.2808
2024-11-09,Middle Africa,Cameroon,Sud-Ouest,Violence against civilians,Abduction/forced disappearance,6,0,23041,Political violence,3751,5.236,9.2808
2024-11-16,Middle Africa,Cameroon,Sud-Ouest,Violence against civilians,Abduction/forced disappearance,10,0,132623,Political violence,3751,5.236,9.2808
2024-11-23,Middle Africa,Cameroon,Sud-Ouest,Violence against civilians,Abduction/forced disappearance,3,0,9639,Political violence,3751,5.236,9.2808
2024-11-30,Middle Africa,Cameroon,Sud-Ouest,Violence against civilians,Abduction/forced disappearance,6,0,20560,Political violence,3751,5.236,9.2808
2024-12-07,Middle Africa,Cameroon,Sud-Ouest,Violence against civilians,Abduction/forced disappearance,4,0,11519,Political violence,3751,5.236,9.2808
2024-12-14,Middle Africa,Cameroon,Sud-Ouest,Violence against civilians,Abduction/forced disappearance,3,0,6805,Political violence,3751,5.236,9.2808
2024-12-21,Middle Africa,Cameroon,Sud-Ouest,Violence against civilians,Abduction/forced disappearance,5,0,51426,Political violence,3751,5.236,9.2808
2024-12-28,Middle Africa,Cameroon,Sud-Ouest,Violence against civilians,Abduction/forced disappearance,5,0,40928,Political violence,3751,5.236,9.2808
2025-01-04,Middle Africa,Cameroon,Sud-Ouest,Violence against civilians,Abduction/forced disappearance,4,0,42345,Political violence,3751,5.236,9.2808
2025-01-11,Middle Africa,Cameroon,Sud-Ouest,Violence against civilians,Abduction/forced disappearance,12,0,182362,Political violence,3751,5.236,9.2808
2025-01-18,Middle Africa,Cameroon,Sud-Ouest,Violence against civilians,Abduction/forced disappearance,2,0,7749,Political violence,3751,5.236,9.2808
2025-01-25,Middle Africa,Cameroon,Sud-Ouest,Violence against civilians,Abduction/forced disappearance,10,0,55100,Political violence,3751,5.236,9.2808
2025-02-01,Middle Africa,Cameroon,Sud-Ouest,Violence against civilians,Abduction/forced disappearance,8,0,122809,Political violence,3751,5.236,9.2808
2025-02-08,Middle Africa,Cameroon,Sud-Ouest,Violence against civilians,Abduction/forced disappearance,11,0,34070,Political violence,3751,5.236,9.2808
2025-02-15,Middle Africa,Cameroon,Sud-Ouest,Violence against civilians,Abduction/forced disappearance,4,0,52107,Political violence,3751,5.236,9.2808
2025-02-22,Middle Africa,Cameroon,Sud-Ouest,Violence against civilians,Abduction/forced disappearance,13,0,69167,Political violence,3751,5.236,9.2808
2025-03-01,Middle Africa,Cameroon,Sud-Ouest,Violence against civilians,Abduction/forced disappearance,8,0,114979,Political violence,3751,5.236,9.2808
2025-03-08,Middle Africa,Cameroon,Sud-Ouest,Violence against civilians,Abduction/forced disappearance,10,0,44307,Political violence,3751,5.236,9.2808
2025-03-15,Middle Africa,Cameroon,Sud-Ouest,Violence against civilians,Abduction/forced disappearance,2,0,6788,Political violence,3751,5.236,9.2808
2025-03-22,Middle Africa,Cameroon,Sud-Ouest,Violence against civilians,Abduction/forced disappearance,11,0,56899,Political violence,3751,5.236,9.2808
2025-03-29,Middle Africa,Cameroon,Sud-Ouest,Violence against civilians,Abduction/forced disappearance,3,0,7966,Political violence,3751,5.236,9.2808
2025-04-05,Middle Africa,Cameroon,Sud-Ouest,Violence against civilians,Abduction/forced disappearance,5,0,106882,Political violence,3751,5.236,9.2808
2025-04-12,Middle Africa,Cameroon,Sud-Ouest,Violence against civilians,Abduction/forced disappearance,1,0,2259,Political violence,3751,5.236,9.2808
2025-04-19,Middle Africa,Cameroon,Sud-Ouest,Violence against civilians,Abduction/forced disappearance,4,0,27870,Political violence,3751,5.236,9.2808
2025-04-26,Middle Africa,Cameroon,Sud-Ouest,Violence against civilians,Abduction/forced disappearance,4,0,17986,Political violence,3751,5.236,9.2808
2025-05-03,Middle Africa,Cameroon,Sud-Ouest,Violence against civilians,Abduction/forced disappearance,4,0,10956,Political violence,3751,5.236,9.2808
2025-05-10,Middle Africa,Cameroon,Sud-Ouest,Violence against civilians,Abduction/forced disappearance,6,0,96413,Political violence,3751,5.236,9.2808
2025-05-17,Middle Africa,Cameroon,Sud-Ouest,Violence against civilians,Abduction/forced disappearance,6,0,32645,Political violence,3751,5.236,9.2808
2025-05-24,Middle Africa,Cameroon,Sud-Ouest,Violence against civilians,Abduction/forced disappearance,11,0,289734,Political violence,3751,5.236,9.2808
2025-05-31,Middle Africa,Cameroon,Sud-Ouest,Violence against civilians,Abduction/forced disappearance,5,0,104401,Political violence,3751,5.236,9.2808
2025-06-07,Middle Africa,Cameroon,Sud-Ouest,Violence against civilians,Abduction/forced disappearance,3,0,14894,Political violence,3751,5.236,9.2808
2025-06-14,Middle Africa,Cameroon,Sud-Ouest,Violence against civilians,Abduction/forced disappearance,3,0,37582,Political violence,3751,5.236,9.2808
2025-06-21,Middle Africa,Cameroon,Sud-Ouest,Violence against civilians,Abduction/forced disappearance,5,0,173306,Political violence,3751,5.236,9.2808
2025-06-28,Middle Africa,Cameroon,Sud-Ouest,Violence against civilians,Abduction/forced disappearance,2,0,2411,Political violence,3751,5.236,9.2808
2025-07-05,Middle Africa,Cameroon,Sud-Ouest,Violence against civilians,Abduction/forced disappearance,8,0,27149,Political violence,3751,5.236,9.2808
2025-07-12,Middle Africa,Cameroon,Sud-Ouest,Violence against civilians,Abduction/forced disappearance,5,0,55093,Political violence,3751,5.236,9.2808
2025-07-19,Middle Africa,Cameroon,Sud-Ouest,Violence against civilians,Abduction/forced disappearance,3,0,18415,Political violence,3751,5.236,9.2808
2025-07-26,Middle Africa,Cameroon,Sud-Ouest,Violence against civilians,Abduction/forced disappearance,3,0,88143,Political violence,3751,5.236,9.2808
2025-08-02,Middle Africa,Cameroon,Sud-Ouest,Violence against civilians,Abduction/forced disappearance,2,0,3589,Political violence,3751,5.236,9.2808
2025-08-09,Middle Africa,Cameroon,Sud-Ouest,Violence against civilians,Abduction/forced disappearance,9,0,141984,Political violence,3751,5.236,9.2808
2025-08-16,Middle Africa,Cameroon,Sud-Ouest,Violence against civilians,Abduction/forced disappearance,4,0,107014,Political violence,3751,5.236,9.2808
2025-08-23,Middle Africa,Cameroon,Sud-Ouest,Violence against civilians,Abduction/forced disappearance,3,0,20436,Political violence,3751,5.236,9.2808
2025-08-30,Middle Africa,Cameroon,Sud-Ouest,Violence against civilians,Abduction/forced disappearance,9,0,77791,Political violence,3751,5.236,9.2808
2025-09-06,Middle Africa,Cameroon,Sud-Ouest,Violence against civilians,Abduction/forced disappearance,14,0,63770,Political violence,3751,5.236,9.2808
2025-09-13,Middle Africa,Cameroon,Sud-Ouest,Violence against civilians,Abduction/forced disappearance,6,0,44663,Political violence,3751,5.236,9.2808
2025-09-20,Middle Africa,Cameroon,Sud-Ouest,Violence against civilians,Abduction/forced disappearance,8,0,101082,Political violence,3751,5.236,9.2808
2025-09-27,Middle Africa,Cameroon,Sud-Ouest,Violence against civilians,Abduction/forced disappearance,7,0,134138,Political violence,3751,5.236,9.2808
2025-10-04,Middle Africa,Cameroon,Sud-Ouest,Violence against civilians,Abduction/forced disappearance,10,0,205722,Political violence,3751,5.236,9.2808
2025-10-11,Middle Africa,Cameroon,Sud-Ouest,Violence against civilians,Abduction/forced disappearance,12,0,191874,Political violence,3751,5.236,9.2808
2025-10-18,Middle Africa,Cameroon,Sud-Ouest,Violence against civilians,Abduction/forced disappearance,5,0,30568,Political violence,3751,5.236,9.2808
2025-10-25,Middle Africa,Cameroon,Sud-Ouest,Violence against civilians,Abduction/forced disappearance,6,0,47350,Political violence,3751,5.236,9.2808
2025-11-01,Middle Africa,Cameroon,Sud-Ouest,Violence against civilians,Abduction/forced disappearance,5,0,8209,Political violence,3751,5.236,9.2808
2025-11-08,Middle Africa,Cameroon,Sud-Ouest,Violence against civilians,Abduction/forced disappearance,11,0,190514,Political violence,3751,5.236,9.2808
2025-11-15,Middle Africa,Cameroon,Sud-Ouest,Violence against civilians,Abduction/forced disappearance,11,0,141089,Political violence,3751,5.236,9.2808
2025-11-22,Middle Africa,Cameroon,Sud-Ouest,Violence against civilians,Abduction/forced disappearance,5,0,20742,Political violence,3751,5.236,9.2808
2025-11-29,Middle Africa,Cameroon,Sud-Ouest,Violence against civilians,Abduction/forced disappearance,9,0,111118,Political violence,3751,5.236,9.2808
2025-12-06,Middle Africa,Cameroon,Sud-Ouest,Violence against civilians,Abduction/forced disappearance,9,0,70562,Political violence,3751,5.236,9.2808
2025-12-13,Middle Africa,Cameroon,Sud-Ouest,Violence against civilians,Abduction/forced disappearance,11,0,50017,Political violence,3751,5.236,9.2808
2025-12-20,Middle Africa,Cameroon,Sud-Ouest,Violence against civilians,Abduction/forced disappearance,12,0,73826,Political violence,3751,5.236,9.2808
2025-12-27,Middle Africa,Cameroon,Sud-Ouest,Violence against civilians,Abduction/forced disappearance,2,0,1309,Political violence,3751,5.236,9.2808
2026-01-03,Middle Africa,Cameroon,Sud-Ouest,Violence against civilians,Abduction/forced disappearance,9,0,113227,Political violence,3751,5.236,9.2808
2026-01-10,Middle Africa,Cameroon,Sud-Ouest,Violence against civilians,Abduction/forced disappearance,12,0,83606,Political violence,3751,5.236,9.2808
2026-01-17,Middle Africa,Cameroon,Sud-Ouest,Violence against civilians,Abduction/forced disappearance,5,0,12197,Political violence,3751,5.236,9.2808
2026-01-24,Middle Africa,Cameroon,Sud-Ouest,Violence against civilians,Abduction/forced disappearance,10,0,97866,Political violence,3751,5.236,9.2808
2026-01-31,Middle Africa,Cameroon,Sud-Ouest,Violence against civilians,Abduction/forced disappearance,4,0,16826,Political violence,3751,5.236,9.2808
2026-02-07,Middle Africa,Cameroon,Sud-Ouest,Violence against civilians,Abduction/forced disappearance,7,0,22599,Political violence,3751,5.236,9.2808
2026-02-14,Middle Africa,Cameroon,Sud-Ouest,Violence against civilians,Abduction/forced disappearance,16,0,174102,Political violence,3751,5.236,9.2808
2026-02-21,Middle Africa,Cameroon,Sud-Ouest,Violence against civilians,Abduction/forced disappearance,5,0,15086,Political violence,3751,5.236,9.2808
2026-02-28,Middle Africa,Cameroon,Sud-Ouest,Violence against civilians,Abduction/forced disappearance,10,0,27793,Political violence,3751,5.236,9.2808
2026-03-07,Middle Africa,Cameroon,Sud-Ouest,Violence against civilians,Abduction/forced disappearance,13,0,37677,Political violence,3751,5.236,9.2808
2026-03-14,Middle Africa,Cameroon,Sud-Ouest,Violence against civilians,Abduction/forced disappearance,10,0,97445,Political violence,3751,5.236,9.2808
2026-03-21,Middle Africa,Cameroon,Sud-Ouest,Violence against civilians,Abduction/forced disappearance,15,0,123988,Political violence,3751,5.236,9.2808
2026-03-28,Middle Africa,Cameroon,Sud-Ouest,Violence against civilians,Abduction/forced disappearance,9,0,70932,Political violence,3751,5.236,9.2808
2026-04-04,Middle Africa,Cameroon,Sud-Ouest,Violence against civilians,Abduction/forced disappearance,7,0,24474,Political violence,3751,5.236,9.2808
2026-04-11,Middle Africa,Cameroon,Sud-Ouest,Violence against civilians,Abduction/forced disappearance,6,0,12391,Political violence,3751,5.236,9.2808
2026-04-18,Middle Africa,Cameroon,Sud-Ouest,Violence against civilians,Abduction/forced disappearance,7,0,37250,Political violence,3751,5.236,9.2808
2026-04-25,Middle Africa,Cameroon,Sud-Ouest,Violence against civilians,Abduction/forced disappearance,10,0,53050,Political violence,3751,5.236,9.2808
2026-05-02,Middle Africa,Cameroon,Sud-Ouest,Violence against civilians,Abduction/forced disappearance,8,0,16536,Political violence,3751,5.236,9.2808
2026-05-09,Middle Africa,Cameroon,Sud-Ouest,Violence against civilians,Abduction/forced disappearance,9,0,14364,Political violence,3751,5.236,9.2808
2026-05-16,Middle Africa,Cameroon,Sud-Ouest,Violence against civilians,Abduction/forced disappearance,5,0,14036,Political violence,3751,5.236,9.2808
2026-05-23,Middle Africa,Cameroon,Sud-Ouest,Violence against civilians,Abduction/forced disappearance,11,0,34540,Political violence,3751,5.236,9.2808
2026-05-30,Middle Africa,Cameroon,Sud-Ouest,Violence against civilians,Abduction/forced disappearance,12,0,18361,Political violence,3751,5.236,9.2808
2026-06-06,Middle Africa,Cameroon,Sud-Ouest,Violence against civilians,Abduction/forced disappearance,11,0,31850,Political violence,3751,5.236,9.2808
2026-06-13,Middle Africa,Cameroon,Sud-Ouest,Violence against civilians,Abduction/forced disappearance,10,0,61930,Political violence,3751,5.236,9.2808
2026-06-20,Middle Africa,Cameroon,Sud-Ouest,Violence against civilians,Abduction/forced disappearance,5,0,6591,Political violence,3751,5.236,9.2808
2026-06-27,Middle Africa,Cameroon,Sud-Ouest,Violence against civilians,Abduction/forced disappearance,5,0,80945,Political violence,3751,5.236,9.2808
2026-07-04,Middle Africa,Cameroon,Sud-Ouest,Violence against civilians,Abduction/forced disappearance,3,0,7455,Political violence,3751,5.236,9.2808
2026-07-11,Middle Africa,Cameroon,Sud-Ouest,Violence against civilians,Abduction/forced disappearance,4,0,7112,Political violence,3751,5.236,9.2808
2026-07-18,Middle Africa,Cameroon,Sud-Ouest,Violence against civilians,Abduction/forced disappearance,6,0,42811,Political violence,3751,5.236,9.2808
2026-07-25,Middle Africa,Cameroon,Sud-Ouest,Violence against civilians,Abduction/forced disappearance,6,0,8783,Political violence,3751,5.236,9.2808
2026-08-01,Middle Africa,Cameroon,Sud-Ouest,Violence against civilians,Abduction/forced disappearance,9,0,267514,Political violence,3751,5.236,9.2808
2026-08-08,Middle Africa,Cameroon,Sud-Ouest,Violence against civilians,Abduction/forced disappearance,7,0,108125,Political violence,3751,5.236,9.2808
2026-08-15,Middle Africa,Cameroon,Sud-Ouest,Violence against civilians,Abduction/forced disappearance,8,0,,Political violence,3751,5.236,9.2808
2026-08-22,Middle Africa,Cameroon,Sud-Ouest,Violence against civilians,Abduction/forced disappearance,4,0,45331,Political violence,3751,5.236,9.2808
2020-01-04,Middle Africa,Cameroon,Sud-Ouest,Violence against civilians,Attack,1,0,859,Political violence,3751,5.236,9.2808
2020-01-11,Middle Africa,Cameroon,Sud-Ouest,Violence against civilians,Attack,8,13,78703,Political violence,3751,5.236,9.2808
2020-01-18,Middle Africa,Cameroon,Sud-Ouest,Violence against civilians,Attack,5,27,169207,Political violence,3751,5.236,9.2808
2020-01-25,Middle Africa,Cameroon,Sud-Ouest,Violence against civilians,Attack,1,1,133628,Political violence,3751,5.236,9.2808
2020-02-01,Middle Africa,Cameroon,Sud-Ouest,Violence against civilians,Attack,6,20,30767,Political violence,3751,5.236,9.2808
2020-02-08,Middle Africa,Cameroon,Sud-Ouest,Violence against civilians,Attack,5,1,60342,Political violence,3751,5.236,9.2808
2020-02-15,Middle Africa,Cameroon,Sud-Ouest,Violence against civilians,Attack,3,4,109994,Political violence,3751,5.236,9.2808
2020-02-29,Middle Africa,Cameroon,Sud-Ouest,Violence against civilians,Attack,1,1,6734,Political violence,3751,5.236,9.2808
2020-03-07,Middle Africa,Cameroon,Sud-Ouest,Violence against civilians,Attack,3,16,36357,Political violence,3751,5.236,9.2808
2020-03-14,Middle Africa,Cameroon,Sud-Ouest,Violence against civilians,Attack,1,1,25948,Political violence,3751,5.236,9.2808
2020-03-21,Middle Africa,Cameroon,Sud-Ouest,Violence against civilians,Attack,2,2,31939,Political violence,3751,5.236,9.2808
2020-03-28,Middle Africa,Cameroon,Sud-Ouest,Violence against civilians,Attack,3,5,93538,Political violence,3751,5.236,9.2808
2020-04-04,Middle Africa,Cameroon,Sud-Ouest,Violence against civilians,Attack,1,0,6282,Political violence,3751,5.236,9.2808
2020-04-11,Middle Africa,Cameroon,Sud-Ouest,Violence against civilians,Attack,1,1,2156,Political violence,3751,5.236,9.2808
2020-04-18,Middle Africa,Cameroon,Sud-Ouest,Violence against civilians,Attack,1,3,4091,Political violence,3751,5.236,9.2808
2020-05-02,Middle Africa,Cameroon,Sud-Ouest,Violence against civilians,Attack,1,2,9523,Political violence,3751,5.236,9.2808
2020-05-09,Middle Africa,Cameroon,Sud-Ouest,Violence against civilians,Attack,3,3,56246,Political violence,3751,5.236,9.2808
2020-05-16,Middle Africa,Cameroon,Sud-Ouest,Violence against civilians,Attack,1,0,28735,Political violence,3751,5.236,9.2808
2020-05-23,Middle Africa,Cameroon,Sud-Ouest,Violence against civilians,Attack,1,4,74765,Political violence,3751,5.236,9.2808
2020-05-30,Middle Africa,Cameroon,Sud-Ouest,Violence against civilians,Attack,1,1,2156,Political violence,3751,5.236,9.2808
2020-06-06,Middle Africa,Cameroon,Sud-Ouest,Violence against civilians,Attack,2,6,6347,Political violence,3751,5.236,9.2808
2020-06-20,Middle Africa,Cameroon,Sud-Ouest,Violence against civilians,Attack,5,10,57495,Political violence,3751,5.236,9.2808
2020-06-27,Middle Africa,Cameroon,Sud-Ouest,Violence against civilians,Attack,2,2,9073,Political violence,3751,5.236,9.2808
2020-07-04,Middle Africa,Cameroon,Sud-Ouest,Violence against civilians,Attack,4,4,38384,Political violence,3751,5.236,9.2808
2020-07-11,Middle Africa,Cameroon,Sud-Ouest,Violence against civilians,Attack,2,0,30214,Political violence,3751,5.236,9.2808
2020-07-18,Middle Africa,Cameroon,Sud-Ouest,Violence against civilians,Attack,1,0,28735,Political violence,3751,5.236,9.2808
2020-07-25,Middle Africa,Cameroon,Sud-Ouest,Violence against civilians,Attack,3,13,43038,Political violence,3751,5.236,9.2808
2020-08-01,Middle Africa,Cameroon,Sud-Ouest,Violence against civilians,Attack,3,1,42913,Political violence,3751,5.236,9.2808
2020-08-08,Middle Africa,Cameroon,Sud-Ouest,Violence against civilians,Attack,6,12,136883,Political violence,3751,5.236,9.2808
2020-08-15,Middle Africa,Cameroon,Sud-Ouest,Violence against civilians,Attack,3,5,37097,Political violence,3751,5.236,9.2808
2020-08-29,Middle Africa,Cameroon,Sud-Ouest,Violence against civilians,Attack,2,4,36977,Political violence,3751,5.236,9.2808
2020-09-05,Middle Africa,Cameroon,Sud-Ouest,Violence against civilians,Attack,5,15,91627,Political violence,3751,5.236,9.2808
2020-09-12,Middle Africa,Cameroon,Sud-Ouest,Violence against civilians,Attack,3,3,18850,Political violence,3751,5.236,9.2808
2020-09-19,Middle Africa,Cameroon,Sud-Ouest,Violence against civilians,Attack,4,6,165858,Political violence,3751,5.236,9.2808
2020-09-26,Middle Africa,Cameroon,Sud-Ouest,Violence against civilians,Attack,1,0,53666,Political violence,3751,5.236,9.2808
2020-10-03,Middle Africa,Cameroon,Sud-Ouest,Violence against civilians,Attack,1,0,28735,Political violence,3751,5.236,9.2808
2020-10-10,Middle Africa,Cameroon,Sud-Ouest,Violence against civilians,Attack,1,1,92824,Political violence,3751,5.236,9.2808
2020-10-17,Middle Africa,Cameroon,Sud-Ouest,Violence against civilians,Attack,4,2,85829,Political violence,3751,5.236,9.2808
2020-10-24,Middle Africa,Cameroon,Sud-Ouest,Violence against civilians,Attack,2,7,140261,Political violence,3751,5.236,9.2808
2020-10-31,Middle Africa,Cameroon,Sud-Ouest,Violence against civilians,Attack,5,3,214535,Political violence,3751,5.236,9.2808
2020-11-07,Middle Africa,Cameroon,Sud-Ouest,Violence against civilians,Attack,4,2,57011,Political violence,3751,5.236,9.2808
2020-11-21,Middle Africa,Cameroon,Sud-Ouest,Violence against civilians,Attack,3,11,135535,Political violence,3751,5.236,9.2808
2020-11-28,Middle Africa,Cameroon,Sud-Ouest,Violence against civilians,Attack,3,2,82185,Political violence,3751,5.236,9.2808
2020-12-05,Middle Africa,Cameroon,Sud-Ouest,Violence against civilians,Attack,1,1,11730,Political violence,3751,5.236,9.2808
2020-12-12,Middle Africa,Cameroon,Sud-Ouest,Violence against civilians,Attack,7,4,93455,Political violence,3751,5.236,9.2808
2020-12-19,Middle Africa,Cameroon,Sud-Ouest,Violence against civilians,Attack,4,8,48364,Political violence,3751,5.236,9.2808
2020-12-26,Middle Africa,Cameroon,Sud-Ouest,Violence against civilians,Attack,3,2,31744,Political violence,3751,5.236,9.2808
2021-01-02,Middle Africa,Cameroon,Sud-Ouest,Violence against civilians,Attack,4,1,114143,Political violence,3751,5.236,9.2808
2021-01-09,Middle Africa,Cameroon,Sud-Ouest,Violence against civilians,Attack,5,10,18558,Political violence,3751,5.236,9.2808
2021-01-16,Middle Africa,Cameroon,Sud-Ouest,Violence against civilians,Attack,5,3,21025,Political violence,3751,5.236,9.2808
2021-01-23,Middle Africa,Cameroon,Sud-Ouest,Violence against civilians,Attack,2,0,1048,Political violence,3751,5.236,9.2808
2021-01-30,Middle Africa,Cameroon,Sud-Ouest,Violence against civilians,Attack,6,0,174586,Political violence,3751,5.236,9.2808
2021-02-06,Middle Africa,Cameroon,Sud-Ouest,Violence against civilians,Attack,2,4,19650,Political violence,3751,5.236,9.2808
2021-02-13,Middle Africa,Cameroon,Sud-Ouest,Violence against civilians,Attack,5,4,155326,Political violence,3751,5.236,9.2808
2021-02-20,Middle Africa,Cameroon,Sud-Ouest,Violence against civilians,Attack,2,0,46690,Political violence,3751,5.236,9.2808
2021-02-27,Middle Africa,Cameroon,Sud-Ouest,Violence against civilians,Attack,8,26,106540,Political violence,3751,5.236,9.2808
2021-03-06,Middle Africa,Cameroon,Sud-Ouest,Violence against civilians,Attack,2,1,45258,Political violence,3751,5.236,9.2808
2021-03-13,Middle Africa,Cameroon,Sud-Ouest,Violence against civilians,Attack,1,1,7165,Political violence,3751,5.236,9.2808
2021-03-20,Middle Africa,Cameroon,Sud-Ouest,Violence against civilians,Attack,2,1,100866,Political violence,3751,5.236,9.2808
2021-03-27,Middle Africa,Cameroon,Sud-Ouest,Violence against civilians,Attack,5,22,138836,Political violence,3751,5.236,9.2808
2021-04-17,Middle Africa,Cameroon,Sud-Ouest,Violence against civilians,Attack,3,9,53956,Political violence,3751,5.236,9.2808
2021-04-24,Middle Africa,Cameroon,Sud-Ouest,Violence against civilians,Attack,3,0,114926,Political violence,3751,5.236,9.2808
2021-05-29,Middle Africa,Cameroon,Sud-Ouest,Violence against civilians,Attack,2,2,10795,Political violence,3751,5.236,9.2808
2021-06-05,Middle Africa,Cameroon,Sud-Ouest,Violence against civilians,Attack,1,2,52119,Political violence,3751,5.236,9.2808
2021-06-12,Middle Africa,Cameroon,Sud-Ouest,Violence against civilians,Attack,4,13,57045,Political violence,3751,5.236,9.2808
2021-06-26,Middle Africa,Cameroon,Sud-Ouest,Violence against civilians,Attack,3,3,63505,Political violence,3751,5.236,9.2808
2021-07-10,Middle Africa,Cameroon,Sud-Ouest,Violence against civilians,Attack,4,6,153657,Political violence,3751,5.236,9.2808
2021-07-17,Middle Africa,Cameroon,Sud-Ouest,Violence against civilians,Attack,1,1,8682,Political violence,3751,5.236,9.2808
2021-08-07,Middle Africa,Cameroon,Sud-Ouest,Violence against civilians,Attack,1,0,52309,Political violence,3751,5.236,9.2808
2021-08-14,Middle Africa,Cameroon,Sud-Ouest,Violence against civilians,Attack,1,1,75800,Political violence,3751,5.236,9.2808
2021-08-21,Middle Africa,Cameroon,Sud-Ouest,Violence against civilians,Attack,2,3,18954,Political violence,3751,5.236,9.2808
2021-08-28,Middle Africa,Cameroon,Sud-Ouest,Violence against civilians,Attack,1,1,75800,Political violence,3751,5.236,9.2808
2021-09-11,Middle Africa,Cameroon,Sud-Ouest,Violence against civilians,Attack,1,1,2192,Political violence,3751,5.236,9.2808
2021-09-18,Middle Africa,Cameroon,Sud-Ouest,Violence against civilians,Attack,1,2,2192,Political violence,3751,5.236,9.2808
2021-09-25,Middle Africa,Cameroon,Sud-Ouest,Violence against civilians,Attack,2,3,2192,Political violence,3751,5.236,9.2808
2021-10-02,Middle Africa,Cameroon,Sud-Ouest,Violence against civilians,Attack,1,1,11273,Political violence,3751,5.236,9.2808
2021-10-09,Middle Africa,Cameroon,Sud-Ouest,Violence against civilians,Attack,1,1,75846,Political violence,3751,5.236,9.2808
2021-11-06,Middle Africa,Cameroon,Sud-Ouest,Violence against civilians,Attack,3,1,13644,Political violence,3751,5.236,9.2808
2021-11-13,Middle Africa,Cameroon,Sud-Ouest,Violence against civilians,Attack,2,2,88861,Political violence,3751,5.236,9.2808
2021-11-20,Middle Africa,Cameroon,Sud-Ouest,Violence against civilians,Attack,3,6,33485,Political violence,3751,5.236,9.2808
2021-12-18,Middle Africa,Cameroon,Sud-Ouest,Violence against civilians,Attack,1,0,45814,Political violence,3751,5.236,9.2808
2022-01-01,Middle Africa,Cameroon,Sud-Ouest,Violence against civilians,Attack,1,1,113730,Political violence,3751,5.236,9.2808
2022-01-08,Middle Africa,Cameroon,Sud-Ouest,Violence against civilians,Attack,3,0,49676,Political violence,3751,5.236,9.2808
2022-02-05,Middle Africa,Cameroon,Sud-Ouest,Violence against civilians,Attack,2,0,104167,Political violence,3751,5.236,9.2808
2022-02-19,Middle Africa,Cameroon,Sud-Ouest,Violence against civilians,Attack,1,0,2673,Political violence,3751,5.236,9.2808
2022-03-12,Middle Africa,Cameroon,Sud-Ouest,Violence against civilians,Attack,2,0,13121,Political violence,3751,5.236,9.2808
2022-03-26,Middle Africa,Cameroon,Sud-Ouest,Violence against civilians,Attack,2,2,9040,Political violence,3751,5.236,9.2808
2022-04-16,Middle Africa,Cameroon,Sud-Ouest,Violence against civilians,Attack,3,5,15225,Political violence,3751,5.236,9.2808
2022-04-23,Middle Africa,Cameroon,Sud-Ouest,Violence against civilians,Attack,1,3,58015,Political violence,3751,5.236,9.2808
2022-04-30,Middle Africa,Cameroon,Sud-Ouest,Violence against civilians,Attack,2,1,49668,Political violence,3751,5.236,9.2808
2022-05-07,Middle Africa,Cameroon,Sud-Ouest,Violence against civilians,Attack,3,2,15092,Political violence,3751,5.236,9.2808
2022-05-14,Middle Africa,Cameroon,Sud-Ouest,Violence against civilians,Attack,8,13,94544,Political violence,3751,5.236,9.2808
2022-05-21,Middle Africa,Cameroon,Sud-Ouest,Violence against civilians,Attack,10,8,50021,Political violence,3751,5.236,9.2808
2022-05-28,Middle Africa,Cameroon,Sud-Ouest,Violence against civilians,Attack,2,11,10917,Political violence,3751,5.236,9.2808
2022-06-04,Middle Africa,Cameroon,Sud-Ouest,Violence against civilians,Attack,4,2,101778,Political violence,3751,5.236,9.2808
2022-06-18,Middle Africa,Cameroon,Sud-Ouest,Violence against civilians,Attack,4,25,30756,Political violence,3751,5.236,9.2808
2022-06-25,Middle Africa,Cameroon,Sud-Ouest,Violence against civilians,Attack,4,31,67426,Political violence,3751,5.236,9.2808
2022-07-02,Middle Africa,Cameroon,Sud-Ouest,Violence against civilians,Attack,5,2,33515,Political violence,3751,5.236,9.2808
2022-07-09,Middle Africa,Cameroon,Sud-Ouest,Violence against civilians,Attack,2,1,59268,Political violence,3751,5.236,9.2808
2022-07-16,Middle Africa,Cameroon,Sud-Ouest,Violence against civilians,Attack,1,0,41976,Political violence,3751,5.236,9.2808
2022-07-23,Middle Africa,Cameroon,Sud-Ouest,Violence against civilians,Attack,3,8,127120,Political violence,3751,5.236,9.2808
2022-07-30,Middle Africa,Cameroon,Sud-Ouest,Violence against civilians,Attack,5,4,100652,Political violence,3751,5.236,9.2808
2022-08-06,Middle Africa,Cameroon,Sud-Ouest,Violence against civilians,Attack,1,0,5925,Political violence,3751,5.236,9.2808
2022-08-13,Middle Africa,Cameroon,Sud-Ouest,Violence against civilians,Attack,2,1,24742,Political violence,3751,5.236,9.2808
2022-08-20,Middle Africa,Cameroon,Sud-Ouest,Violence against civilians,Attack,1,3,1947,Political violence,3751,5.236,9.2808
2022-08-27,Middle Africa,Cameroon,Sud-Ouest,Violence against civilians,Attack,1,1,2945,Political violence,3751,5.236,9.2808
2022-09-03,Middle Africa,Cameroon,Sud-Ouest,Violence against civilians,Attack,11,10,257349,Political violence,3751,5.236,9.2808
2022-09-10,Middle Africa,Cameroon,Sud-Ouest,Violence against civilians,Attack,4,1,229262,Political violence,3751,5.236,9.2808
2022-09-17,Middle Africa,Cameroon,Sud-Ouest,Violence against civilians,Attack,2,1,10775,Political violence,3751,5.236,9.2808
2022-09-24,Middle Africa,Cameroon,Sud-Ouest,Violence against civilians,Attack,2,0,9410,Political violence,3751,5.236,9.2808
2022-10-01,Middle Africa,Cameroon,Sud-Ouest,Violence against civilians,Attack,6,5,74483,Political violence,3751,5.236,9.2808
2022-10-08,Middle Africa,Cameroon,Sud-Ouest,Violence against civilians,Attack,6,9,39649,Political violence,3751,5.236,9.2808
2022-10-15,Middle Africa,Cameroon,Sud-Ouest,Violence against civilians,Attack,4,2,64561,Political violence,3751,5.236,9.2808
2022-10-22,Middle Africa,Cameroon,Sud-Ouest,Violence against civilians,Attack,3,2,53980,Political violence,3751,5.236,9.2808
2022-10-29,Middle Africa,Cameroon,Sud-Ouest,Violence against civilians,Attack,5,4,119970,Political violence,3751,5.236,9.2808
2022-11-05,Middle Africa,Cameroon,Sud-Ouest,Violence against civilians,Attack,5,2,16456,Political violence,3751,5.236,9.2808
2022-11-12,Middle Africa,Cameroon,Sud-Ouest,Violence against civilians,Attack,4,3,115595,Political violence,3751,5.236,9.2808
2022-11-19,Middle Africa,Cameroon,Sud-Ouest,Violence against civilians,Attack,3,0,1309,Political violence,3751,5.236,9.2808
2022-11-26,Middle Africa,Cameroon,Sud-Ouest,Violence against civilians,Attack,2,2,9977,Political violence,3751,5.236,9.2808
2022-12-03,Middle Africa,Cameroon,Sud-Ouest,Violence against civilians,Attack,2,3,7585,Political violence,3751,5.236,9.2808
2022-12-17,Middle Africa,Cameroon,Sud-Ouest,Violence against civilians,Attack,2,2,201878,Political violence,3751,5.236,9.2808
2022-12-24,Middle Africa,Cameroon,Sud-Ouest,Violence against civilians,Attack,2,1,61025,Political violence,3751,5.236,9.2808
2022-12-31,Middle Africa,Cameroon,Sud-Ouest,Violence against civilians,Attack,7,13,32642,Political violence,3751,5.236,9.2808
2023-01-07,Middle Africa,Cameroon,Sud-Ouest,Violence against civilians,Attack,3,0,11181,Political violence,3751,5.236,9.2808
2023-01-14,Middle Africa,Cameroon,Sud-Ouest,Violence against civilians,Attack,5,2,33400,Political violence,3751,5.236,9.2808
2023-01-21,Middle Africa,Cameroon,Sud-Ouest,Violence against civilians,Attack,3,0,15230,Political violence,3751,5.236,9.2808
2023-01-28,Middle Africa,Cameroon,Sud-Ouest,Violence against civilians,Attack,4,3,49545,Political violence,3751,5.236,9.2808
2023-02-04,Middle Africa,Cameroon,Sud-Ouest,Violence against civilians,Attack,3,16,103900,Political violence,3751,5.236,9.2808
2023-02-11,Middle Africa,Cameroon,Sud-Ouest,Violence against civilians,Attack,7,2,32816,Political violence,3751,5.236,9.2808
2023-02-18,Middle Africa,Cameroon,Sud-Ouest,Violence against civilians,Attack,3,1,22849,Political violence,3751,5.236,9.2808
2023-02-25,Middle Africa,Cameroon,Sud-Ouest,Violence against civilians,Attack,7,4,46079,Political violence,3751,5.236,9.2808
2023-03-04,Middle Africa,Cameroon,Sud-Ouest,Violence against civilians,Attack,10,5,98758,Political violence,3751,5.236,9.2808
2023-03-11,Middle Africa,Cameroon,Sud-Ouest,Violence against civilians,Attack,8,6,242248,Political violence,3751,5.236,9.2808
2023-04-01,Middle Africa,Cameroon,Sud-Ouest,Violence against civilians,Attack,3,3,50785,Political violence,3751,5.236,9.2808
2023-04-08,Middle Africa,Cameroon,Sud-Ouest,Violence against civilians,Attack,5,3,193357,Political violence,3751,5.236,9.2808
2023-04-15,Middle Africa,Cameroon,Sud-Ouest,Violence against civilians,Attack,3,0,830,Political violence,3751,5.236,9.2808
2023-04-29,Middle Africa,Cameroon,Sud-Ouest,Violence against civilians,Attack,5,7,18617,Political violence,3751,5.236,9.2808
2023-05-06,Middle Africa,Cameroon,Sud-Ouest,Violence against civilians,Attack,4,5,15030,Political violence,3751,5.236,9.2808
2023-05-13,Middle Africa,Cameroon,Sud-Ouest,Violence against civilians,Attack,6,3,73810,Political violence,3751,5.236,9.2808
2023-05-20,Middle Africa,Cameroon,Sud-Ouest,Violence against civilians,Attack,5,1,112788,Political violence,3751,5.236,9.2808
2023-05-27,Middle Africa,Cameroon,Sud-Ouest,Violence against civilians,Attack,3,1,58565,Political violence,3751,5.236,9.2808
2023-06-03,Middle Africa,Cameroon,Sud-Ouest,Violence against civilians,Attack,4,0,7397,Political violence,3751,5.236,9.2808
2023-06-10,Middle Africa,Cameroon,Sud-Ouest,Violence against civilians,Attack,5,18,79606,Political violence,3751,5.236,9.2808
2023-06-17,Middle Africa,Cameroon,Sud-Ouest,Violence against civilians,Attack,4,2,38858,Political violence,3751,5.236,9.2808
2023-06-24,Middle Africa,Cameroon,Sud-Ouest,Violence against civilians,Attack,15,21,219220,Political violence,3751,5.236,9.2808
2023-07-01,Middle Africa,Cameroon,Sud-Ouest,Violence against civilians,Attack,5,5,15404,Political violence,3751,5.236,9.2808
2023-07-08,Middle Africa,Cameroon,Sud-Ouest,Violence against civilians,Attack,7,2,118890,Political violence,3751,5.236,9.2808
2023-07-15,Middle Africa,Cameroon,Sud-Ouest,Violence against civilians,Attack,10,5,113780,Political violence,3751,5.236,9.2808
2023-07-22,Middle Africa,Cameroon,Sud-Ouest,Violence against civilians,Attack,6,2,59401,Political violence,3751,5.236,9.2808
2023-07-29,Middle Africa,Cameroon,Sud-Ouest,Violence against civilians,Attack,3,0,4079,Political violence,3751,5.236,9.2808
2023-08-05,Middle Africa,Cameroon,Sud-Ouest,Violence against civilians,Attack,12,11,49690,Political violence,3751,5.236,9.2808
2023-08-12,Middle Africa,Cameroon,Sud-Ouest,Violence against civilians,Attack,5,4,17826,Political violence,3751,5.236,9.2808
2023-08-19,Middle Africa,Cameroon,Sud-Ouest,Violence against civilians,Attack,10,8,194682,Political violence,3751,5.236,9.2808
2023-08-26,Middle Africa,Cameroon,Sud-Ouest,Violence against civilians,Attack,6,4,34923,Political violence,3751,5.236,9.2808
2023-09-02,Middle Africa,Cameroon,Sud-Ouest,Violence against civilians,Attack,6,10,149939,Political violence,3751,5.236,9.2808
2023-09-09,Middle Africa,Cameroon,Sud-Ouest,Violence against civilians,Attack,1,2,53174,Political violence,3751,5.236,9.2808
2023-09-16,Middle Africa,Cameroon,Sud-Ouest,Violence against civilians,Attack,6,13,15643,Political violence,3751,5.236,9.2808
2023-09-23,Middle Africa,Cameroon,Sud-Ouest,Violence against civilians,Attack,10,4,76388,Political violence,3751,5.236,9.2808
2023-09-30,Middle Africa,Cameroon,Sud-Ouest,Violence against civilians,Attack,4,2,114428,Political violence,3751,5.236,9.2808
2023-10-07,Middle Africa,Cameroon,Sud-Ouest,Violence against civilians,Attack,5,4,62845,Political violence,3751,5.236,9.2808
2023-10-14,Middle Africa,Cameroon,Sud-Ouest,Violence against civilians,Attack,1,0,3515,Political violence,3751,5.236,9.2808
2023-10-21,Middle Africa,Cameroon,Sud-Ouest,Violence against civilians,Attack,8,2,93149,Political violence,3751,5.236,9.2808
2023-10-28,Middle Africa,Cameroon,Sud-Ouest,Violence against civilians,Attack,4,2,18268,Political violence,3751,5.236,9.2808
2023-11-04,Middle Africa,Cameroon,Sud-Ouest,Violence against civilians,Attack,9,65,63084,Political violence,3751,5.236,9.2808
2023-11-11,Middle Africa,Cameroon,Sud-Ouest,Violence against civilians,Attack,6,27,70014,Political violence,3751,5.236,9.2808
2023-11-18,Middle Africa,Cameroon,Sud-Ouest,Violence against civilians,Attack,5,1,26282,Political violence,3751,5.236,9.2808
2023-11-25,Middle Africa,Cameroon,Sud-Ouest,Violence against civilians,Attack,4,2,17492,Political violence,3751,5.236,9.2808
2023-12-02,Middle Africa,Cameroon,Sud-Ouest,Violence against civilians,Attack,4,3,15167,Political violence,3751,5.236,9.2808
2023-12-09,Middle Africa,Cameroon,Sud-Ouest,Violence against civilians,Attack,8,13,51341,Political violence,3751,5.236,9.2808
2023-12-16,Middle Africa,Cameroon,Sud-Ouest,Violence against civilians,Attack,4,2,113987,Political violence,3751,5.236,9.2808
2023-12-23,Middle Africa,Cameroon,Sud-Ouest,Violence against civilians,Attack,6,6,12734,Political violence,3751,5.236,9.2808
2023-12-30,Middle Africa,Cameroon,Sud-Ouest,Violence against civilians,Attack,5,5,41355,Political violence,3751,5.236,9.2808
2024-01-06,Middle Africa,Cameroon,Sud-Ouest,Violence against civilians,Attack,4,3,41034,Political violence,3751,5.236,9.2808
2024-01-13,Middle Africa,Cameroon,Sud-Ouest,Violence against civilians,Attack,6,4,45718,Political violence,3751,5.236,9.2808
2024-01-20,Middle Africa,Cameroon,Sud-Ouest,Violence against civilians,Attack,3,4,51859,Political violence,3751,5.236,9.2808
2024-01-27,Middle Africa,Cameroon,Sud-Ouest,Violence against civilians,Attack,4,9,61161,Political violence,3751,5.236,9.2808
2024-02-03,Middle Africa,Cameroon,Sud-Ouest,Violence against civilians,Attack,4,2,22695,Political violence,3751,5.236,9.2808
2024-02-10,Middle Africa,Cameroon,Sud-Ouest,Violence against civilians,Attack,9,3,220199,Political violence,3751,5.236,9.2808
2024-02-17,Middle Africa,Cameroon,Sud-Ouest,Violence against civilians,Attack,5,5,21380,Political violence,3751,5.236,9.2808
2024-02-24,Middle Africa,Cameroon,Sud-Ouest,Violence against civilians,Attack,3,2,15030,Political violence,3751,5.236,9.2808
2024-03-09,Middle Africa,Cameroon,Sud-Ouest,Violence against civilians,Attack,4,1,13235,Political violence,3751,5.236,9.2808
2024-03-16,Middle Africa,Cameroon,Sud-Ouest,Violence against civilians,Attack,10,3,222028,Political violence,3751,5.236,9.2808
2024-03-23,Middle Africa,Cameroon,Sud-Ouest,Violence against civilians,Attack,3,0,10548,Political violence,3751,5.236,9.2808
2024-03-30,Middle Africa,Cameroon,Sud-Ouest,Violence against civilians,Attack,8,15,201385,Political violence,3751,5.236,9.2808
2024-04-06,Middle Africa,Cameroon,Sud-Ouest,Violence against civilians,Attack,9,3,94284,Political violence,3751,5.236,9.2808
2024-04-13,Middle Africa,Cameroon,Sud-Ouest,Violence against civilians,Attack,5,1,50221,Political violence,3751,5.236,9.2808
2024-04-20,Middle Africa,Cameroon,Sud-Ouest,Violence against civilians,Attack,8,3,69408,Political violence,3751,5.236,9.2808
2024-04-27,Middle Africa,Cameroon,Sud-Ouest,Violence against civilians,Attack,2,3,125388,Political violence,3751,5.236,9.2808
2024-05-04,Middle Africa,Cameroon,Sud-Ouest,Violence against civilians,Attack,4,3,51292,Political violence,3751,5.236,9.2808
2024-05-11,Middle Africa,Cameroon,Sud-Ouest,Violence against civilians,Attack,5,7,194139,Political violence,3751,5.236,9.2808
2024-05-18,Middle Africa,Cameroon,Sud-Ouest,Violence against civilians,Attack,4,0,19286,Political violence,3751,5.236,9.2808
2024-05-25,Middle Africa,Cameroon,Sud-Ouest,Violence against civilians,Attack,12,20,32077,Political violence,3751,5.236,9.2808
2024-06-01,Middle Africa,Cameroon,Sud-Ouest,Violence against civilians,Attack,4,2,64973,Political violence,3751,5.236,9.2808
2024-06-15,Middle Africa,Cameroon,Sud-Ouest,Violence against civilians,Attack,2,2,37544,Political violence,3751,5.236,9.2808
2024-06-22,Middle Africa,Cameroon,Sud-Ouest,Violence against civilians,Attack,2,0,8180,Political violence,3751,5.236,9.2808
2024-06-29,Middle Africa,Cameroon,Sud-Ouest,Violence against civilians,Attack,3,3,78302,Political violence,3751,5.236,9.2808
2024-07-06,Middle Africa,Cameroon,Sud-Ouest,Violence against civilians,Attack,5,3,96669,Political violence,3751,5.236,9.2808
2024-07-13,Middle Africa,Cameroon,Sud-Ouest,Violence against civilians,Attack,3,0,4850,Political violence,3751,5.236,9.2808
2024-07-20,Middle Africa,Cameroon,Sud-Ouest,Violence against civilians,Attack,6,17,12382,Political violence,3751,5.236,9.2808
2024-07-27,Middle Africa,Cameroon,Sud-Ouest,Violence against civilians,Attack,5,5,13440,Political violence,3751,5.236,9.2808
2024-08-03,Middle Africa,Cameroon,Sud-Ouest,Violence against civilians,Attack,3,2,49102,Political violence,3751,5.236,9.2808
2024-08-10,Middle Africa,Cameroon,Sud-Ouest,Violence against civilians,Attack,6,5,82696,Political violence,3751,5.236,9.2808
2024-08-17,Middle Africa,Cameroon,Sud-Ouest,Violence against civilians,Attack,3,0,9266,Political violence,3751,5.236,9.2808
2024-08-24,Middle Africa,Cameroon,Sud-Ouest,Violence against civilians,Attack,6,2,43750,Political violence,3751,5.236,9.2808
2024-08-31,Middle Africa,Cameroon,Sud-Ouest,Violence against civilians,Attack,6,7,228244,Political violence,3751,5.236,9.2808
2024-09-07,Middle Africa,Cameroon,Sud-Ouest,Violence against civilians,Attack,1,2,889,Political violence,3751,5.236,9.2808
2024-09-14,Middle Africa,Cameroon,Sud-Ouest,Violence against civilians,Attack,1,0,1780,Political violence,3751,5.236,9.2808
2024-09-21,Middle Africa,Cameroon,Sud-Ouest,Violence against civilians,Attack,3,0,5317,Political violence,3751,5.236,9.2808
2024-09-28,Middle Africa,Cameroon,Sud-Ouest,Violence against civilians,Attack,2,1,41178,Political violence,3751,5.236,9.2808
2024-10-05,Middle Africa,Cameroon,Sud-Ouest,Violence against civilians,Attack,6,21,143861,Political violence,3751,5.236,9.2808
2024-10-12,Middle Africa,Cameroon,Sud-Ouest,Violence against civilians,Attack,1,6,40071,Political violence,3751,5.236,9.2808
2024-10-19,Middle Africa,Cameroon,Sud-Ouest,Violence against civilians,Attack,2,1,42433,Political violence,3751,5.236,9.2808
2024-10-26,Middle Africa,Cameroon,Sud-Ouest,Violence against civilians,Attack,1,0,1964,Political violence,3751,5.236,9.2808
2024-11-02,Middle Africa,Cameroon,Sud-Ouest,Violence against civilians,Attack,6,4,57354,Political violence,3751,5.236,9.2808
2024-11-09,Middle Africa,Cameroon,Sud-Ouest,Violence against civilians,Attack,1,0,5397,Political violence,3751,5.236,9.2808
2024-11-16,Middle Africa,Cameroon,Sud-Ouest,Violence against civilians,Attack,5,1,43817,Political violence,3751,5.236,9.2808
2024-11-23,Middle Africa,Cameroon,Sud-Ouest,Violence against civilians,Attack,2,4,12173,Political violence,3751,5.236,9.2808
2024-11-30,Middle Africa,Cameroon,Sud-Ouest,Violence against civilians,Attack,2,1,7314,Political violence,3751,5.236,9.2808
2024-12-07,Middle Africa,Cameroon,Sud-Ouest,Violence against civilians,Attack,4,7,19005,Political violence,3751,5.236,9.2808
2024-12-21,Middle Africa,Cameroon,Sud-Ouest,Violence against civilians,Attack,1,0,4874,Political violence,3751,5.236,9.2808
2025-01-04,Middle Africa,Cameroon,Sud-Ouest,Violence against civilians,Attack,6,11,41876,Political violence,3751,5.236,9.2808
2025-01-11,Middle Africa,Cameroon,Sud-Ouest,Violence against civilians,Attack,5,3,8314,Political violence,3751,5.236,9.2808
2025-01-18,Middle Africa,Cameroon,Sud-Ouest,Violence against civilians,Attack,2,0,1556,Political violence,3751,5.236,9.2808
2025-01-25,Middle Africa,Cameroon,Sud-Ouest,Violence against civilians,Attack,7,1,83596,Political violence,3751,5.236,9.2808
2025-02-01,Middle Africa,Cameroon,Sud-Ouest,Violence against civilians,Attack,1,0,63,Political violence,3751,5.236,9.2808
2025-02-08,Middle Africa,Cameroon,Sud-Ouest,Violence against civilians,Attack,3,0,7843,Political violence,3751,5.236,9.2808
2025-02-15,Middle Africa,Cameroon,Sud-Ouest,Violence against civilians,Attack,2,0,28002,Political violence,3751,5.236,9.2808
2025-02-22,Middle Africa,Cameroon,Sud-Ouest,Violence against civilians,Attack,4,3,11491,Political violence,3751,5.236,9.2808
2025-03-01,Middle Africa,Cameroon,Sud-Ouest,Violence against civilians,Attack,2,0,19260,Political violence,3751,5.236,9.2808
2025-03-08,Middle Africa,Cameroon,Sud-Ouest,Violence against civilians,Attack,9,4,56892,Political violence,3751,5.236,9.2808
2025-03-15,Middle Africa,Cameroon,Sud-Ouest,Violence against civilians,Attack,3,3,34673,Political violence,3751,5.236,9.2808
2025-03-22,Middle Africa,Cameroon,Sud-Ouest,Violence against civilians,Attack,3,3,44751,Political violence,3751,5.236,9.2808
2025-03-29,Middle Africa,Cameroon,Sud-Ouest,Violence against civilians,Attack,2,1,65501,Political violence,3751,5.236,9.2808
2025-04-05,Middle Africa,Cameroon,Sud-Ouest,Violence against civilians,Attack,3,1,72357,Political violence,3751,5.236,9.2808
2025-04-12,Middle Africa,Cameroon,Sud-Ouest,Violence against civilians,Attack,1,0,27765,Political violence,3751,5.236,9.2808
2025-04-26,Middle Africa,Cameroon,Sud-Ouest,Violence against civilians,Attack,1,1,41045,Political violence,3751,5.236,9.2808
2025-05-03,Middle Africa,Cameroon,Sud-Ouest,Violence against civilians,Attack,4,1,76136,Political violence,3751,5.236,9.2808
2025-05-10,Middle Africa,Cameroon,Sud-Ouest,Violence against civilians,Attack,6,0,30815,Political violence,3751,5.236,9.2808
2025-05-17,Middle Africa,Cameroon,Sud-Ouest,Violence against civilians,Attack,2,0,8951,Political violence,3751,5.236,9.2808
2025-05-24,Middle Africa,Cameroon,Sud-Ouest,Violence against civilians,Attack,4,2,89392,Political violence,3751,5.236,9.2808
2025-05-31,Middle Africa,Cameroon,Sud-Ouest,Violence against civilians,Attack,3,0,13779,Political violence,3751,5.236,9.2808
2025-06-07,Middle Africa,Cameroon,Sud-Ouest,Violence against civilians,Attack,2,0,4336,Political violence,3751,5.236,9.2808
2025-06-14,Middle Africa,Cameroon,Sud-Ouest,Violence against civilians,Attack,2,1,14686,Political violence,3751,5.236,9.2808
2025-06-21,Middle Africa,Cameroon,Sud-Ouest,Violence against civilians,Attack,4,3,13308,Political violence,3751,5.236,9.2808
2025-06-28,Middle Africa,Cameroon,Sud-Ouest,Violence against civilians,Attack,1,1,27765,Political violence,3751,5.236,9.2808
2025-07-05,Middle Africa,Cameroon,Sud-Ouest,Violence against civilians,Attack,5,3,91178,Political violence,3751,5.236,9.2808
2025-07-12,Middle Africa,Cameroon,Sud-Ouest,Violence against civilians,Attack,3,0,121435,Political violence,3751,5.236,9.2808
2025-07-19,Middle Africa,Cameroon,Sud-Ouest,Violence against civilians,Attack,4,2,84102,Political violence,3751,5.236,9.2808
2025-07-26,Middle Africa,Cameroon,Sud-Ouest,Violence against civilians,Attack,3,1,4061,Political violence,3751,5.236,9.2808
2025-08-02,Middle Africa,Cameroon,Sud-Ouest,Violence against civilians,Attack,4,2,18205,Political violence,3751,5.236,9.2808
2025-08-09,Middle Africa,Cameroon,Sud-Ouest,Violence against civilians,Attack,3,3,6552,Political violence,3751,5.236,9.2808
2025-08-16,Middle Africa,Cameroon,Sud-Ouest,Violence against civilians,Attack,5,4,49827,Political violence,3751,5.236,9.2808
2025-08-23,Middle Africa,Cameroon,Sud-Ouest,Violence against civilians,Attack,6,1,36506,Political violence,3751,5.236,9.2808
2025-08-30,Middle Africa,Cameroon,Sud-Ouest,Violence against civilians,Attack,1,0,526,Political violence,3751,5.236,9.2808
2025-09-06,Middle Africa,Cameroon,Sud-Ouest,Violence against civilians,Attack,7,2,18475,Political violence,3751,5.236,9.2808
2025-09-13,Middle Africa,Cameroon,Sud-Ouest,Violence against civilians,Attack,5,4,19075,Political violence,3751,5.236,9.2808
2025-09-20,Middle Africa,Cameroon,Sud-Ouest,Violence against civilians,Attack,6,3,40231,Political violence,3751,5.236,9.2808
2025-09-27,Middle Africa,Cameroon,Sud-Ouest,Violence against civilians,Attack,5,3,59013,Political violence,3751,5.236,9.2808
2025-10-04,Middle Africa,Cameroon,Sud-Ouest,Violence against civilians,Attack,4,4,54885,Political violence,3751,5.236,9.2808
2025-10-11,Middle Africa,Cameroon,Sud-Ouest,Violence against civilians,Attack,8,3,129103,Political violence,3751,5.236,9.2808
2025-10-18,Middle Africa,Cameroon,Sud-Ouest,Violence against civilians,Attack,4,2,34885,Political violence,3751,5.236,9.2808
2025-10-25,Middle Africa,Cameroon,Sud-Ouest,Violence against civilians,Attack,4,3,37012,Political violence,3751,5.236,9.2808
2025-11-01,Middle Africa,Cameroon,Sud-Ouest,Violence against civilians,Attack,2,1,20234,Political violence,3751,5.236,9.2808
2025-11-08,Middle Africa,Cameroon,Sud-Ouest,Violence against civilians,Attack,2,2,2248,Political violence,3751,5.236,9.2808
2025-11-15,Middle Africa,Cameroon,Sud-Ouest,Violence against civilians,Attack,7,9,54443,Political violence,3751,5.236,9.2808
2025-11-22,Middle Africa,Cameroon,Sud-Ouest,Violence against civilians,Attack,9,4,60010,Political violence,3751,5.236,9.2808
2025-11-29,Middle Africa,Cameroon,Sud-Ouest,Violence against civilians,Attack,4,2,9501,Political violence,3751,5.236,9.2808
2025-12-06,Middle Africa,Cameroon,Sud-Ouest,Violence against civilians,Attack,5,2,23348,Political violence,3751,5.236,9.2808
2025-12-13,Middle Africa,Cameroon,Sud-Ouest,Violence against civilians,Attack,3,2,1344,Political violence,3751,5.236,9.2808
2025-12-20,Middle Africa,Cameroon,Sud-Ouest,Violence against civilians,Attack,4,1,15129,Political violence,3751,5.236,9.2808
2025-12-27,Middle Africa,Cameroon,Sud-Ouest,Violence against civilians,Attack,2,2,19076,Political violence,3751,5.236,9.2808
2026-01-03,Middle Africa,Cameroon,Sud-Ouest,Violence against civilians,Attack,3,2,6976,Political violence,3751,5.236,9.2808
2026-01-10,Middle Africa,Cameroon,Sud-Ouest,Violence against civilians,Attack,5,2,33645,Political violence,3751,5.236,9.2808
2026-01-17,Middle Africa,Cameroon,Sud-Ouest,Violence against civilians,Attack,5,1,14821,Political violence,3751,5.236,9.2808
2026-01-24,Middle Africa,Cameroon,Sud-Ouest,Violence against civilians,Attack,4,4,54257,Political violence,3751,5.236,9.2808
2026-01-31,Middle Africa,Cameroon,Sud-Ouest,Violence against civilians,Attack,2,1,47356,Political violence,3751,5.236,9.2808
2026-02-07,Middle Africa,Cameroon,Sud-Ouest,Violence against civilians,Attack,3,0,9238,Political violence,3751,5.236,9.2808
2026-02-14,Middle Africa,Cameroon,Sud-Ouest,Violence against civilians,Attack,6,2,20887,Political violence,3751,5.236,9.2808
2026-02-21,Middle Africa,Cameroon,Sud-Ouest,Violence against civilians,Attack,5,1,12149,Political violence,3751,5.236,9.2808
2026-02-28,Middle Africa,Cameroon,Sud-Ouest,Violence against civilians,Attack,15,4,112143,Political violence,3751,5.236,9.2808
2026-03-07,Middle Africa,Cameroon,Sud-Ouest,Violence against civilians,Attack,9,2,19424,Political violence,3751,5.236,9.2808
2026-03-14,Middle Africa,Cameroon,Sud-Ouest,Violence against civilians,Attack,8,3,124449,Political violence,3751,5.236,9.2808
2026-03-21,Middle Africa,Cameroon,Sud-Ouest,Violence against civilians,Attack,9,3,37459,Political violence,3751,5.236,9.2808
2026-03-28,Middle Africa,Cameroon,Sud-Ouest,Violence against civilians,Attack,10,8,66177,Political violence,3751,5.236,9.2808
2026-04-04,Middle Africa,Cameroon,Sud-Ouest,Violence against civilians,Attack,10,11,64800,Political violence,3751,5.236,9.2808
2026-04-11,Middle Africa,Cameroon,Sud-Ouest,Violence against civilians,Attack,5,9,18009,Political violence,3751,5.236,9.2808
2026-04-18,Middle Africa,Cameroon,Sud-Ouest,Violence against civilians,Attack,6,3,11496,Political violence,3751,5.236,9.2808
2026-04-25,Middle Africa,Cameroon,Sud-Ouest,Violence against civilians,Attack,10,3,30639,Political violence,3751,5.236,9.2808
2026-05-02,Middle Africa,Cameroon,Sud-Ouest,Violence against civilians,Attack,9,7,64190,Political violence,3751,5.236,9.2808
2026-05-09,Middle Africa,Cameroon,Sud-Ouest,Violence against civilians,Attack,6,5,51604,Political violence,3751,5.236,9.2808
2026-05-16,Middle Africa,Cameroon,Sud-Ouest,Violence against civilians,Attack,11,8,51650,Political violence,3751,5.236,9.2808
2026-05-23,Middle Africa,Cameroon,Sud-Ouest,Violence against civilians,Attack,8,2,21891,Political violence,3751,5.236,9.2808
2026-05-30,Middle Africa,Cameroon,Sud-Ouest,Violence against civilians,Attack,4,2,13142,Political violence,3751,5.236,9.2808
2026-06-06,Middle Africa,Cameroon,Sud-Ouest,Violence against civilians,Attack,6,2,98659,Political violence,3751,5.236,9.2808
2026-06-13,Middle Africa,Cameroon,Sud-Ouest,Violence against civilians,Attack,4,2,60463,Political violence,3751,5.236,9.2808
2026-06-20,Middle Africa,Cameroon,Sud-Ouest,Violence against civilians,Attack,7,4,94742,Political violence,3751,5.236,9.2808
2026-06-27,Middle Africa,Cameroon,Sud-Ouest,Violence against civilians,Attack,10,3,111317,Political violence,3751,5.236,9.2808
2026-07-04,Middle Africa,Cameroon,Sud-Ouest,Violence against civilians,Attack,10,9,120718,Political violence,3751,5.236,9.2808
2026-07-11,Middle Africa,Cameroon,Sud-Ouest,Violence against civilians,Attack,4,2,13032,Political violence,3751,5.236,9.2808
2026-07-18,Middle Africa,Cameroon,Sud-Ouest,Violence against civilians,Attack,8,2,57768,Political violence,3751,5.236,9.2808
2026-07-25,Middle Africa,Cameroon,Sud-Ouest,Violence against civilians,Attack,3,1,42794,Political violence,3751,5.236,9.2808
2026-08-01,Middle Africa,Cameroon,Sud-Ouest,Violence against civilians,Attack,4,2,46398,Political violence,3751,5.236,9.2808
2026-08-08,Middle Africa,Cameroon,Sud-Ouest,Violence against civilians,Attack,8,3,11978,Political violence,3751,5.236,9.2808
2026-08-15,Middle Africa,Cameroon,Sud-Ouest,Violence against civilians,Attack,2,0,,Political violence,3751,5.236,9.2808
2026-08-22,Middle Africa,Cameroon,Sud-Ouest,Violence against civilians,Attack,1,0,,Political violence,3751,5.236,9.2808
2026-08-29,Middle Africa,Cameroon,Sud-Ouest,Violence against civilians,Attack,1,0,,Political violence,3751,5.236,9.2808
2020-02-29,Middle Africa,Cameroon,Sud-Ouest,Violence against civilians,Sexual violence,1,1,6734,Political violence,3751,5.236,9.2808
2020-12-12,Middle Africa,Cameroon,Sud-Ouest,Violence against civilians,Sexual violence,2,0,11196,Political violence,3751,5.236,9.2808
2021-01-02,Middle Africa,Cameroon,Sud-Ouest,Violence against civilians,Sexual violence,2,0,14148,Political violence,3751,5.236,9.2808
2021-11-20,Middle Africa,Cameroon,Sud-Ouest,Violence against civilians,Sexual violence,1,0,8985,Political violence,3751,5.236,9.2808
2022-01-08,Middle Africa,Cameroon,Sud-Ouest,Violence against civilians,Sexual violence,1,0,49676,Political violence,3751,5.236,9.2808
2023-01-21,Middle Africa,Cameroon,Sud-Ouest,Violence against civilians,Sexual violence,1,0,1090,Political violence,3751,5.236,9.2808
2023-05-06,Middle Africa,Cameroon,Sud-Ouest,Violence against civilians,Sexual violence,1,1,6781,Political violence,3751,5.236,9.2808
2023-06-10,Middle Africa,Cameroon,Sud-Ouest,Violence against civilians,Sexual violence,1,0,37849,Political violence,3751,5.236,9.2808
2023-06-17,Middle Africa,Cameroon,Sud-Ouest,Violence against civilians,Sexual violence,1,0,5222,Political violence,3751,5.236,9.2808
2023-10-28,Middle Africa,Cameroon,Sud-Ouest,Violence against civilians,Sexual violence,1,0,42921,Political violence,3751,5.236,9.2808
2023-12-23,Middle Africa,Cameroon,Sud-Ouest,Violence against civilians,Sexual violence,1,1,116966,Political violence,3751,5.236,9.2808
2024-02-24,Middle Africa,Cameroon,Sud-Ouest,Violence against civilians,Sexual violence,1,0,670,Political violence,3751,5.236,9.2808
2024-11-09,Middle Africa,Cameroon,Sud-Ouest,Violence against civilians,Sexual violence,1,0,1591,Political violence,3751,5.236,9.2808
2025-01-04,Middle Africa,Cameroon,Sud-Ouest,Violence against civilians,Sexual violence,1,0,5491,Political violence,3751,5.236,9.2808
2025-01-11,Middle Africa,Cameroon,Sud-Ouest,Violence against civilians,Sexual violence,1,0,1,Political violence,3751,5.236,9.2808
2025-04-26,Middle Africa,Cameroon,Sud-Ouest,Violence against civilians,Sexual violence,1,0,983,Political violence,3751,5.236,9.2808
2025-05-10,Middle Africa,Cameroon,Sud-Ouest,Violence against civilians,Sexual violence,2,0,42273,Political violence,3751,5.236,9.2808
2025-08-02,Middle Africa,Cameroon,Sud-Ouest,Violence against civilians,Sexual violence,1,0,2651,Political violence,3751,5.236,9.2808
2025-08-16,Middle Africa,Cameroon,Sud-Ouest,Violence against civilians,Sexual violence,1,0,497,Political violence,3751,5.236,9.2808
2025-10-18,Middle Africa,Cameroon,Sud-Ouest,Violence against civilians,Sexual violence,1,0,13172,Political violence,3751,5.236,9.2808
2026-01-24,Middle Africa,Cameroon,Sud-Ouest,Violence against civilians,Sexual violence,1,0,266,Political violence,3751,5.236,9.2808
2026-01-31,Middle Africa,Cameroon,Sud-Ouest,Violence against civilians,Sexual violence,1,0,1121,Political violence,3751,5.236,9.2808
2026-02-14,Middle Africa,Cameroon,Sud-Ouest,Violence against civilians,Sexual violence,2,0,4357,Political violence,3751,5.236,9.2808
2026-02-28,Middle Africa,Cameroon,Sud-Ouest,Violence against civilians,Sexual violence,1,0,266,Political violence,3751,5.236,9.2808
2026-03-07,Middle Africa,Cameroon,Sud-Ouest,Violence against civilians,Sexual violence,1,0,5893,Political violence,3751,5.236,9.2808
2026-03-14,Middle Africa,Cameroon,Sud-Ouest,Violence against civilians,Sexual violence,2,0,7700,Political violence,3751,5.236,9.2808
2026-03-21,Middle Africa,Cameroon,Sud-Ouest,Violence against civilians,Sexual violence,3,0,11260,Political violence,3751,5.236,9.2808
2026-03-28,Middle Africa,Cameroon,Sud-Ouest,Violence against civilians,Sexual violence,2,0,3273,Political violence,3751,5.236,9.2808
2026-04-04,Middle Africa,Cameroon,Sud-Ouest,Violence against civilians,Sexual violence,1,0,11,Political violence,3751,5.236,9.2808
2026-04-11,Middle Africa,Cameroon,Sud-Ouest,Violence against civilians,Sexual violence,1,0,4088,Political violence,3751,5.236,9.2808
2026-04-18,Middle Africa,Cameroon,Sud-Ouest,Violence against civilians,Sexual violence,2,0,1924,Political violence,3751,5.236,9.2808
2026-04-25,Middle Africa,Cameroon,Sud-Ouest,Violence against civilians,Sexual violence,2,0,5893,Political violence,3751,5.236,9.2808
2026-05-02,Middle Africa,Cameroon,Sud-Ouest,Violence against civilians,Sexual violence,1,0,5893,Political violence,3751,5.236,9.2808
2026-05-23,Middle Africa,Cameroon,Sud-Ouest,Violence against civilians,Sexual violence,3,0,5964,Political violence,3751,5.236,9.2808
2026-05-30,Middle Africa,Cameroon,Sud-Ouest,Violence against civilians,Sexual violence,1,0,11,Political violence,3751,5.236,9.2808
2026-06-06,Middle Africa,Cameroon,Sud-Ouest,Violence against civilians,Sexual violence,1,0,13019,Political violence,3751,5.236,9.2808
2026-06-13,Middle Africa,Cameroon,Sud-Ouest,Violence against civilians,Sexual violence,2,0,1132,Political violence,3751,5.236,9.2808
2026-06-27,Middle Africa,Cameroon,Sud-Ouest,Violence against civilians,Sexual violence,2,0,13285,Political violence,3751,5.236,9.2808
2026-07-11,Middle Africa,Cameroon,Sud-Ouest,Violence against civilians,Sexual violence,1,0,5893,Political violence,3751,5.236,9.2808
2026-07-18,Middle Africa,Cameroon,Sud-Ouest,Violence against civilians,Sexual violence,2,0,13579,Political violence,3751,5.236,9.2808
2026-08-01,Middle Africa,Cameroon,Sud-Ouest,Violence against civilians,Sexual violence,1,0,2810,Political violence,3751,5.236,9.2808
2026-08-08,Middle Africa,Cameroon,Sud-Ouest,Violence against civilians,Sexual violence,3,0,1821,Political violence,3751,5.236,9.2808
2026-08-15,Middle Africa,Cameroon,Sud-Ouest,Violence against civilians,Sexual violence,1,0,,Political violence,3751,5.236,9.2808
2021-05-29,Middle Africa,Chad,Barh El Gazel,Battles,Armed clash,1,1,59907,Political violence,530,14.6819,16.9986
2022-10-22,Middle Africa,Chad,Barh El Gazel,Strategic developments,Arrests,1,0,,Strategic developments,530,14.6819,16.9986
2020-12-12,Middle Africa,Chad,Batha,Battles,Armed clash,1,25,57199,Political violence,531,14.4504,18.9154
2021-10-09,Middle Africa,Chad,Batha,Battles,Armed clash,1,2,4515,Political violence,531,14.4504,18.9154
2021-12-18,Middle Africa,Chad,Batha,Battles,Armed clash,2,6,64369,Political violence,531,14.4504,18.9154
2022-04-02,Middle Africa,Chad,Batha,Battles,Armed clash,1,5,62799,Political violence,531,14.4504,18.9154
2023-01-28,Middle Africa,Chad,Batha,Battles,Armed clash,1,2,16209,Political violence,531,14.4504,18.9154
2022-05-14,Middle Africa,Chad,Batha,Protests,Excessive force against protesters,1,0,21236,Political violence; Demonstrations,531,14.4504,18.9154
2020-02-29,Middle Africa,Chad,Batha,Protests,Peaceful protest,1,0,19479,Demonstrations,531,14.4504,18.9154
2022-01-08,Middle Africa,Chad,Batha,Protests,Peaceful protest,1,0,,Demonstrations,531,14.4504,18.9154
2022-05-07,Middle Africa,Chad,Batha,Protests,Peaceful protest,1,0,21236,Demonstrations,531,14.4504,18.9154
2022-05-14,Middle Africa,Chad,Batha,Protests,Peaceful protest,2,0,33651,Demonstrations,531,14.4504,18.9154
2022-05-07,Middle Africa,Chad,Batha,Riots,Mob violence,1,0,37891,Political violence,531,14.4504,18.9154
2025-01-18,Middle Africa,Chad,Batha,Riots,Mob violence,1,7,1110,Political violence,531,14.4504,18.9154
2025-08-09,Middle Africa,Chad,Batha,Riots,Mob violence,1,12,52414,Political violence,531,14.4504,18.9154
2026-05-30,Middle Africa,Chad,Batha,Riots,Mob violence,1,1,16982,Political violence,531,14.4504,18.9154
2026-07-04,Middle Africa,Chad,Batha,Riots,Mob violence,1,2,529,Political violence,531,14.4504,18.9154
2026-08-15,Middle Africa,Chad,Batha,Riots,Mob violence,1,10,,Political violence,531,14.4504,18.9154
2021-03-13,Middle Africa,Chad,Batha,Riots,Violent demonstration,1,0,42293,Demonstrations,531,14.4504,18.9154
2023-02-18,Middle Africa,Chad,Batha,Strategic developments,Arrests,1,0,,Strategic developments,531,14.4504,18.9154
2025-02-01,Middle Africa,Chad,Batha,Violence against civilians,Attack,1,0,52414,Political violence,531,14.4504,18.9154
2026-01-24,Middle Africa,Chad,Batha,Violence against civilians,Attack,1,1,2348,Political violence,531,14.4504,18.9154
2026-03-21,Middle Africa,Chad,Batha,Violence against civilians,Attack,1,1,69510,Political violence,531,14.4504,18.9154
2026-06-27,Middle Africa,Chad,Batha,Violence against civilians,Attack,1,0,54088,Political violence,531,14.4504,18.9154
2023-09-02,Middle Africa,Chad,Borkou,Battles,Armed clash,1,1,13382,Political violence,532,17.4744,18.1475
2026-02-14,Middle Africa,Chad,Borkou,Battles,Armed clash,1,4,,Political violence,532,17.4744,18.1475
2021-11-20,Middle Africa,Chad,Borkou,Protests,Excessive force against protesters,1,0,3445,Political violence; Demonstrations,532,17.4744,18.1475
2023-07-01,Middle Africa,Chad,Borkou,Protests,Excessive force against protesters,1,0,3736,Political violence; Demonstrations,532,17.4744,18.1475
2021-10-23,Middle Africa,Chad,Borkou,Protests,Peaceful protest,1,0,3445,Demonstrations,532,17.4744,18.1475
2021-11-13,Middle Africa,Chad,Borkou,Protests,Peaceful protest,1,0,3445,Demonstrations,532,17.4744,18.1475
2023-09-02,Middle Africa,Chad,Borkou,Protests,Peaceful protest,1,0,3736,Demonstrations,532,17.4744,18.1475
2021-11-13,Middle Africa,Chad,Borkou,Riots,Violent demonstration,2,1,6497,Demonstrations,532,17.4744,18.1475
2020-03-14,Middle Africa,Chad,Borkou,Strategic developments,Agreement,1,0,,Strategic developments,532,17.4744,18.1475
2023-12-30,Middle Africa,Chad,Borkou,Strategic developments,Change to group/activity,1,0,,Strategic developments,532,17.4744,18.1475
2026-05-30,Middle Africa,Chad,Borkou,Strategic developments,Disrupted weapons use,2,0,,Strategic developments,532,17.4744,18.1475
2024-12-21,Middle Africa,Chad,Borkou,Strategic developments,Headquarters or base established,1,0,,Strategic developments,532,17.4744,18.1475
2022-10-15,Middle Africa,Chad,Borkou,Violence against civilians,Attack,1,3,2850,Political violence,532,17.4744,18.1475
2024-08-24,Middle Africa,Chad,Borkou,Violence against civilians,Attack,1,1,14279,Political violence,532,17.4744,18.1475
2026-02-14,Middle Africa,Chad,Borkou,Violence against civilians,Attack,1,1,,Political violence,532,17.4744,18.1475
2021-01-09,Middle Africa,Chad,Chari Baguirmi,Battles,Armed clash,1,2,25522,Political violence,533,11.1026,16.3757
2022-11-12,Middle Africa,Chad,Chari Baguirmi,Battles,Armed clash,1,0,26736,Political violence,533,11.1026,16.3757
2021-12-04,Middle Africa,Chad,Chari Baguirmi,Protests,Excessive force against protesters,1,0,2396,Political violence; Demonstrations,533,11.1026,16.3757
2022-06-11,Middle Africa,Chad,Chari Baguirmi,Riots,Mob violence,1,4,676,Political violence,533,11.1026,16.3757
2026-03-07,Middle Africa,Chad,Chari Baguirmi,Riots,Mob violence,1,5,428,Political violence,533,11.1026,16.3757
2024-05-11,Middle Africa,Chad,Chari Baguirmi,Strategic developments,Arrests,1,0,,Strategic developments,533,11.1026,16.3757
2023-12-16,Middle Africa,Chad,Chari Baguirmi,Strategic developments,Change to group/activity,1,0,,Strategic developments,533,11.1026,16.3757
2021-08-14,Middle Africa,Chad,Chari Baguirmi,Strategic developments,Other,1,0,,Strategic developments,533,11.1026,16.3757
2024-10-19,Middle Africa,Chad,Chari Baguirmi,Strategic developments,Other,1,0,,Strategic developments,533,11.1026,16.3757
2020-04-18,Middle Africa,Chad,Chari Baguirmi,Violence against civilians,Abduction/forced disappearance,1,0,8972,Political violence,533,11.1026,16.3757
2021-11-27,Middle Africa,Chad,Chari Baguirmi,Violence against civilians,Attack,1,0,7190,Political violence,533,11.1026,16.3757
2022-12-31,Middle Africa,Chad,Chari Baguirmi,Violence against civilians,Attack,1,1,38755,Political violence,533,11.1026,16.3757
2021-04-24,Middle Africa,Chad,Ennedi Est,Battles,Armed clash,1,4,4390,Political violence,534,17.4347,23.1751
2025-02-01,Middle Africa,Chad,Ennedi Est,Battles,Armed clash,1,6,60869,Political violence,534,17.4347,23.1751
2026-08-15,Middle Africa,Chad,Ennedi Est,Explosions/Remote violence,Air/drone strike,1,0,,Political violence,534,17.4347,23.1751
2023-08-05,Middle Africa,Chad,Ennedi Est,Protests,Peaceful protest,1,0,16886,Demonstrations,534,17.4347,23.1751
2025-12-27,Middle Africa,Chad,Ennedi Est,Riots,Mob violence,1,0,45688,Political violence,534,17.4347,23.1751
2025-04-26,Middle Africa,Chad,Ennedi Est,Strategic developments,Arrests,1,0,,Strategic developments,534,17.4347,23.1751
2025-12-27,Middle Africa,Chad,Ennedi Est,Violence against civilians,Attack,1,0,,Political violence,534,17.4347,23.1751
2021-06-26,Middle Africa,Chad,Ennedi Ouest,Protests,Peaceful protest,2,0,1150,Demonstrations,535,18.3366,20.9188
2021-07-03,Middle Africa,Chad,Ennedi Ouest,Protests,Peaceful protest,2,0,1150,Demonstrations,535,18.3366,20.9188
2022-05-07,Middle Africa,Chad,Ennedi Ouest,Protests,Peaceful protest,1,0,4875,Demonstrations,535,18.3366,20.9188
2022-06-04,Middle Africa,Chad,Ennedi Ouest,Strategic developments,Other,1,0,,Strategic developments,535,18.3366,20.9188
2022-01-29,Middle Africa,Chad,Guera,Battles,Armed clash,1,0,4894,Political violence,536,11.4606,18.1047
2022-04-02,Middle Africa,Chad,Guera,Battles,Armed clash,1,1,108265,Political violence,536,11.4606,18.1047
2022-08-06,Middle Africa,Chad,Guera,Battles,Armed clash,2,9,16999,Political violence,536,11.4606,18.1047
2022-09-24,Middle Africa,Chad,Guera,Battles,Armed clash,1,20,681,Political violence,536,11.4606,18.1047
2022-10-01,Middle Africa,Chad,Guera,Battles,Armed clash,2,22,18647,Political violence,536,11.4606,18.1047
2023-02-25,Middle Africa,Chad,Guera,Battles,Armed clash,2,14,17056,Political violence,536,11.4606,18.1047
2023-04-22,Middle Africa,Chad,Guera,Battles,Armed clash,1,3,5018,Political violence,536,11.4606,18.1047
2023-06-10,Middle Africa,Chad,Guera,Battles,Armed clash,1,2,17056,Political violence,536,11.4606,18.1047
2023-07-01,Middle Africa,Chad,Guera,Battles,Armed clash,3,7,2425,Political violence,536,11.4606,18.1047
2023-08-12,Middle Africa,Chad,Guera,Battles,Armed clash,1,6,2673,Political violence,536,11.4606,18.1047
2024-01-06,Middle Africa,Chad,Guera,Battles,Armed clash,1,2,7710,Political violence,536,11.4606,18.1047
2025-06-28,Middle Africa,Chad,Guera,Battles,Armed clash,1,3,19367,Political violence,536,11.4606,18.1047
2021-04-24,Middle Africa,Chad,Guera,Protests,Excessive force against protesters,1,0,17997,Political violence; Demonstrations,536,11.4606,18.1047
2020-03-07,Middle Africa,Chad,Guera,Protests,Peaceful protest,1,0,17203,Demonstrations,536,11.4606,18.1047
2021-01-09,Middle Africa,Chad,Guera,Protests,Peaceful protest,1,0,1176,Demonstrations,536,11.4606,18.1047
2021-03-13,Middle Africa,Chad,Guera,Protests,Peaceful protest,1,0,17997,Demonstrations,536,11.4606,18.1047
2022-10-15,Middle Africa,Chad,Guera,Protests,Protest with intervention,1,0,18866,Demonstrations,536,11.4606,18.1047
2025-04-12,Middle Africa,Chad,Guera,Riots,Mob violence,1,3,85102,Political violence,536,11.4606,18.1047
2026-04-25,Middle Africa,Chad,Guera,Riots,Mob violence,2,8,8421,Political violence,536,11.4606,18.1047
2026-08-29,Middle Africa,Chad,Guera,Riots,Mob violence,1,1,,Political violence,536,11.4606,18.1047
2023-08-19,Middle Africa,Chad,Guera,Strategic developments,Arrests,1,0,,Strategic developments,536,11.4606,18.1047
2026-05-09,Middle Africa,Chad,Guera,Strategic developments,Disrupted weapons use,1,0,,Strategic developments,536,11.4606,18.1047
2026-05-16,Middle Africa,Chad,Guera,Strategic developments,Disrupted weapons use,1,0,,Strategic developments,536,11.4606,18.1047
2026-04-18,Middle Africa,Chad,Guera,Strategic developments,Looting/property destruction,1,0,,Strategic developments,536,11.4606,18.1047
2026-05-30,Middle Africa,Chad,Guera,Strategic developments,Looting/property destruction,1,0,,Strategic developments,536,11.4606,18.1047
2021-10-23,Middle Africa,Chad,Guera,Violence against civilians,Attack,1,6,905,Political violence,536,11.4606,18.1047
2023-06-03,Middle Africa,Chad,Guera,Violence against civilians,Attack,1,4,17056,Political violence,536,11.4606,18.1047
2023-06-10,Middle Africa,Chad,Guera,Violence against civilians,Attack,1,1,17056,Political violence,536,11.4606,18.1047
2023-07-01,Middle Africa,Chad,Guera,Violence against civilians,Attack,2,2,19481,Political violence,536,11.4606,18.1047
2023-12-02,Middle Africa,Chad,Guera,Violence against civilians,Attack,1,1,112964,Political violence,536,11.4606,18.1047
2024-02-24,Middle Africa,Chad,Guera,Violence against civilians,Attack,1,3,711,Political violence,536,11.4606,18.1047
2026-02-07,Middle Africa,Chad,Guera,Violence against civilians,Attack,1,1,131574,Political violence,536,11.4606,18.1047
2020-01-25,Middle Africa,Chad,Hadjer-Lamis,Battles,Armed clash,1,6,424,Political violence,537,12.4213,15.4845
2021-08-07,Middle Africa,Chad,Hadjer-Lamis,Battles,Armed clash,1,21,25386,Political violence,537,12.4213,15.4845
2023-07-22,Middle Africa,Chad,Hadjer-Lamis,Battles,Armed clash,1,0,47212,Political violence,537,12.4213,15.4845
2023-12-30,Middle Africa,Chad,Hadjer-Lamis,Battles,Armed clash,1,1,21207,Political violence,537,12.4213,15.4845
2022-09-17,Middle Africa,Chad,Hadjer-Lamis,Battles,Government regains territory,1,3,6699,Political violence,537,12.4213,15.4845
2022-09-10,Middle Africa,Chad,Hadjer-Lamis,Battles,Non-state actor overtakes territory,1,1,6699,Political violence,537,12.4213,15.4845
2025-11-01,Middle Africa,Chad,Hadjer-Lamis,Protests,Peaceful protest,1,0,9325,Demonstrations,537,12.4213,15.4845
2025-04-19,Middle Africa,Chad,Hadjer-Lamis,Riots,Mob violence,1,1,35670,Political violence,537,12.4213,15.4845
2025-11-01,Middle Africa,Chad,Hadjer-Lamis,Riots,Mob violence,1,33,752,Political violence,537,12.4213,15.4845
2025-11-15,Middle Africa,Chad,Hadjer-Lamis,Riots,Mob violence,1,0,416,Political violence,537,12.4213,15.4845
2025-12-06,Middle Africa,Chad,Hadjer-Lamis,Riots,Mob violence,1,2,10484,Political violence,537,12.4213,15.4845
2025-10-11,Middle Africa,Chad,Hadjer-Lamis,Strategic developments,Arrests,1,0,,Strategic developments,537,12.4213,15.4845
2026-05-02,Middle Africa,Chad,Hadjer-Lamis,Strategic developments,Disrupted weapons use,1,0,,Strategic developments,537,12.4213,15.4845
2024-11-02,Middle Africa,Chad,Hadjer-Lamis,Strategic developments,Looting/property destruction,1,0,,Strategic developments,537,12.4213,15.4845
2022-09-10,Middle Africa,Chad,Hadjer-Lamis,Violence against civilians,Abduction/forced disappearance,2,0,2793,Political violence,537,12.4213,15.4845
2020-04-25,Middle Africa,Chad,Hadjer-Lamis,Violence against civilians,Attack,1,1,41907,Political violence,537,12.4213,15.4845
2022-09-10,Middle Africa,Chad,Hadjer-Lamis,Violence against civilians,Attack,1,1,7372,Political violence,537,12.4213,15.4845
2022-09-17,Middle Africa,Chad,Hadjer-Lamis,Violence against civilians,Attack,1,1,7348,Political violence,537,12.4213,15.4845
2022-10-22,Middle Africa,Chad,Hadjer-Lamis,Violence against civilians,Attack,1,3,25421,Political violence,537,12.4213,15.4845
2024-10-12,Middle Africa,Chad,Hadjer-Lamis,Violence against civilians,Attack,2,0,1884,Political violence,537,12.4213,15.4845
2024-10-19,Middle Africa,Chad,Hadjer-Lamis,Violence against civilians,Attack,3,9,7323,Political violence,537,12.4213,15.4845
2024-11-02,Middle Africa,Chad,Hadjer-Lamis,Violence against civilians,Attack,1,1,7323,Political violence,537,12.4213,15.4845
2025-02-22,Middle Africa,Chad,Hadjer-Lamis,Violence against civilians,Attack,1,3,7636,Political violence,537,12.4213,15.4845
2025-03-15,Middle Africa,Chad,Hadjer-Lamis,Violence against civilians,Attack,1,0,10484,Political violence,537,12.4213,15.4845
2025-12-06,Middle Africa,Chad,Hadjer-Lamis,Violence against civilians,Attack,1,1,22117,Political violence,537,12.4213,15.4845
2026-06-06,Middle Africa,Chad,Hadjer-Lamis,Violence against civilians,Attack,1,0,9905,Political violence,537,12.4213,15.4845
2021-04-17,Middle Africa,Chad,Kanem,Battles,Armed clash,4,306,39747,Political violence,538,14.9824,15.0332
2021-04-24,Middle Africa,Chad,Kanem,Battles,Armed clash,3,0,39747,Political violence,538,14.9824,15.0332
2022-03-05,Middle Africa,Chad,Kanem,Battles,Armed clash,1,0,34315,Political violence,538,14.9824,15.0332
2025-08-23,Middle Africa,Chad,Kanem,Battles,Armed clash,1,2,1639,Political violence,538,14.9824,15.0332
2021-04-24,Middle Africa,Chad,Kanem,Battles,Government regains territory,1,106,6649,Political violence,538,14.9824,15.0332
2021-04-24,Middle Africa,Chad,Kanem,Battles,Non-state actor overtakes territory,1,0,6649,Political violence,538,14.9824,15.0332
2021-04-17,Middle Africa,Chad,Kanem,Explosions/Remote violence,Air/drone strike,1,3,33098,Political violence,538,14.9824,15.0332
2022-06-18,Middle Africa,Chad,Kanem,Protests,Peaceful protest,1,0,7731,Demonstrations,538,14.9824,15.0332
2022-03-05,Middle Africa,Chad,Kanem,Riots,Mob violence,1,0,22535,Political violence,538,14.9824,15.0332
2022-03-12,Middle Africa,Chad,Kanem,Riots,Mob violence,1,0,22535,Political violence,538,14.9824,15.0332
2024-08-24,Middle Africa,Chad,Kanem,Riots,Mob violence,1,1,1566,Political violence,538,14.9824,15.0332
2025-11-15,Middle Africa,Chad,Kanem,Riots,Mob violence,1,0,,Political violence,538,14.9824,15.0332
2025-02-01,Middle Africa,Chad,Kanem,Riots,Violent demonstration,1,0,25822,Demonstrations,538,14.9824,15.0332
2023-02-25,Middle Africa,Chad,Kanem,Strategic developments,Agreement,1,0,,Strategic developments,538,14.9824,15.0332
2021-04-17,Middle Africa,Chad,Kanem,Strategic developments,Arrests,1,0,,Strategic developments,538,14.9824,15.0332
2023-12-09,Middle Africa,Chad,Kanem,Strategic developments,Change to group/activity,1,0,,Strategic developments,538,14.9824,15.0332
2022-06-18,Middle Africa,Chad,Kanem,Strategic developments,Disrupted weapons use,1,0,,Strategic developments,538,14.9824,15.0332
2022-09-24,Middle Africa,Chad,Kanem,Strategic developments,Looting/property destruction,1,0,,Strategic developments,538,14.9824,15.0332
2022-05-14,Middle Africa,Chad,Kanem,Strategic developments,Other,1,0,,Strategic developments,538,14.9824,15.0332
2021-05-01,Middle Africa,Chad,Kanem,Violence against civilians,Attack,1,3,33098,Political violence,538,14.9824,15.0332
2021-09-04,Middle Africa,Chad,Kanem,Violence against civilians,Attack,1,1,33098,Political violence,538,14.9824,15.0332
2023-12-09,Middle Africa,Chad,Kanem,Violence against civilians,Attack,1,2,7215,Political violence,538,14.9824,15.0332
2026-05-02,Middle Africa,Chad,Kanem,Violence against civilians,Attack,1,1,40304,Political violence,538,14.9824,15.0332
2026-05-09,Middle Africa,Chad,Kanem,Violence against civilians,Attack,1,1,40304,Political violence,538,14.9824,15.0332
2020-01-25,Middle Africa,Chad,Lac,Battles,Armed clash,2,31,10027,Political violence,539,13.7534,14.1757
2020-02-01,Middle Africa,Chad,Lac,Battles,Armed clash,1,0,6028,Political violence,539,13.7534,14.1757
2020-03-21,Middle Africa,Chad,Lac,Battles,Armed clash,1,101,1065,Political violence,539,13.7534,14.1757
2020-04-04,Middle Africa,Chad,Lac,Battles,Armed clash,2,162,7943,Political violence,539,13.7534,14.1757
2020-04-11,Middle Africa,Chad,Lac,Battles,Armed clash,1,2,834,Political violence,539,13.7534,14.1757
2020-05-16,Middle Africa,Chad,Lac,Battles,Armed clash,1,1,2317,Political violence,539,13.7534,14.1757
2020-05-30,Middle Africa,Chad,Lac,Battles,Armed clash,3,11,3119,Political violence,539,13.7534,14.1757
2020-06-06,Middle Africa,Chad,Lac,Battles,Armed clash,1,0,880,Political violence,539,13.7534,14.1757
2020-06-20,Middle Africa,Chad,Lac,Battles,Armed clash,1,5,740,Political violence,539,13.7534,14.1757
2020-07-04,Middle Africa,Chad,Lac,Battles,Armed clash,2,11,3197,Political violence,539,13.7534,14.1757
2020-09-12,Middle Africa,Chad,Lac,Battles,Armed clash,1,10,29548,Political violence,539,13.7534,14.1757
2020-09-19,Middle Africa,Chad,Lac,Battles,Armed clash,1,20,2617,Political violence,539,13.7534,14.1757
2020-09-26,Middle Africa,Chad,Lac,Battles,Armed clash,1,3,2617,Political violence,539,13.7534,14.1757
2020-10-17,Middle Africa,Chad,Lac,Battles,Armed clash,2,13,4589,Political violence,539,13.7534,14.1757
2021-02-27,Middle Africa,Chad,Lac,Battles,Armed clash,1,0,2386,Political violence,539,13.7534,14.1757
2021-03-20,Middle Africa,Chad,Lac,Battles,Armed clash,2,3,8978,Political violence,539,13.7534,14.1757
2021-04-03,Middle Africa,Chad,Lac,Battles,Armed clash,1,16,763,Political violence,539,13.7534,14.1757
2021-04-24,Middle Africa,Chad,Lac,Battles,Armed clash,1,55,763,Political violence,539,13.7534,14.1757
2021-06-12,Middle Africa,Chad,Lac,Battles,Armed clash,1,5,1645,Political violence,539,13.7534,14.1757
2021-06-19,Middle Africa,Chad,Lac,Battles,Armed clash,1,2,30741,Political violence,539,13.7534,14.1757
2021-07-31,Middle Africa,Chad,Lac,Battles,Armed clash,2,29,5097,Political violence,539,13.7534,14.1757
2021-11-27,Middle Africa,Chad,Lac,Battles,Armed clash,1,0,6267,Political violence,539,13.7534,14.1757
2022-01-15,Middle Africa,Chad,Lac,Battles,Armed clash,1,5,793,Political violence,539,13.7534,14.1757
2022-01-22,Middle Africa,Chad,Lac,Battles,Armed clash,1,4,31949,Political violence,539,13.7534,14.1757
2022-02-12,Middle Africa,Chad,Lac,Battles,Armed clash,2,8,5245,Political violence,539,13.7534,14.1757
2022-02-19,Middle Africa,Chad,Lac,Battles,Armed clash,1,8,2429,Political violence,539,13.7534,14.1757
2022-04-23,Middle Africa,Chad,Lac,Battles,Armed clash,1,1,6524,Political violence,539,13.7534,14.1757
2022-06-04,Middle Africa,Chad,Lac,Battles,Armed clash,1,14,2460,Political violence,539,13.7534,14.1757
2022-07-02,Middle Africa,Chad,Lac,Battles,Armed clash,2,0,3350,Political violence,539,13.7534,14.1757
2022-07-09,Middle Africa,Chad,Lac,Battles,Armed clash,1,8,31949,Political violence,539,13.7534,14.1757
2022-08-13,Middle Africa,Chad,Lac,Battles,Armed clash,1,12,31949,Political violence,539,13.7534,14.1757
2022-09-03,Middle Africa,Chad,Lac,Battles,Armed clash,1,0,6524,Political violence,539,13.7534,14.1757
2022-09-17,Middle Africa,Chad,Lac,Battles,Armed clash,1,0,2666,Political violence,539,13.7534,14.1757
2022-09-24,Middle Africa,Chad,Lac,Battles,Armed clash,1,0,2697,Political violence,539,13.7534,14.1757
2022-11-19,Middle Africa,Chad,Lac,Battles,Armed clash,1,24,2816,Political violence,539,13.7534,14.1757
2022-11-26,Middle Africa,Chad,Lac,Battles,Armed clash,1,10,31949,Political violence,539,13.7534,14.1757
2022-12-03,Middle Africa,Chad,Lac,Battles,Armed clash,1,4,31949,Political violence,539,13.7534,14.1757
2023-02-25,Middle Africa,Chad,Lac,Battles,Armed clash,1,0,2917,Political violence,539,13.7534,14.1757
2023-03-11,Middle Africa,Chad,Lac,Battles,Armed clash,1,12,33145,Political violence,539,13.7534,14.1757
2024-02-17,Middle Africa,Chad,Lac,Battles,Armed clash,1,10,2076,Political violence,539,13.7534,14.1757
2024-04-13,Middle Africa,Chad,Lac,Battles,Armed clash,1,3,3120,Political violence,539,13.7534,14.1757
2024-05-11,Middle Africa,Chad,Lac,Battles,Armed clash,1,1,964,Political violence,539,13.7534,14.1757
2024-06-29,Middle Africa,Chad,Lac,Battles,Armed clash,4,140,42092,Political violence,539,13.7534,14.1757
2024-10-26,Middle Africa,Chad,Lac,Battles,Armed clash,1,40,1060,Political violence,539,13.7534,14.1757
2024-11-09,Middle Africa,Chad,Lac,Battles,Armed clash,2,116,36297,Political violence,539,13.7534,14.1757
2024-11-23,Middle Africa,Chad,Lac,Battles,Armed clash,1,1,29415,Political violence,539,13.7534,14.1757
2025-06-21,Middle Africa,Chad,Lac,Battles,Armed clash,1,1,2339,Political violence,539,13.7534,14.1757
2025-07-12,Middle Africa,Chad,Lac,Battles,Armed clash,4,12,8403,Political violence,539,13.7534,14.1757
2026-01-31,Middle Africa,Chad,Lac,Battles,Armed clash,2,4,2602,Political violence,539,13.7534,14.1757
2026-02-07,Middle Africa,Chad,Lac,Battles,Armed clash,1,1,318,Political violence,539,13.7534,14.1757
2026-02-28,Middle Africa,Chad,Lac,Battles,Armed clash,2,13,5032,Political violence,539,13.7534,14.1757
2026-03-21,Middle Africa,Chad,Lac,Battles,Armed clash,1,1,3078,Political violence,539,13.7534,14.1757
2026-04-18,Middle Africa,Chad,Lac,Battles,Armed clash,1,2,1799,Political violence,539,13.7534,14.1757
2026-05-02,Middle Africa,Chad,Lac,Battles,Armed clash,1,26,1139,Political violence,539,13.7534,14.1757
2026-05-09,Middle Africa,Chad,Lac,Battles,Armed clash,1,0,1435,Political violence,539,13.7534,14.1757
2026-07-18,Middle Africa,Chad,Lac,Battles,Armed clash,1,0,5826,Political violence,539,13.7534,14.1757
2026-05-09,Middle Africa,Chad,Lac,Explosions/Remote violence,Air/drone strike,1,0,1435,Political violence,539,13.7534,14.1757
2026-05-16,Middle Africa,Chad,Lac,Explosions/Remote violence,Air/drone strike,2,0,1121,Political violence,539,13.7534,14.1757
2020-06-20,Middle Africa,Chad,Lac,Explosions/Remote violence,Remote explosive/landmine/IED,1,3,740,Political violence,539,13.7534,14.1757
2020-07-04,Middle Africa,Chad,Lac,Explosions/Remote violence,Remote explosive/landmine/IED,1,8,628,Political violence,539,13.7534,14.1757
2020-08-22,Middle Africa,Chad,Lac,Explosions/Remote violence,Remote explosive/landmine/IED,1,1,2617,Political violence,539,13.7534,14.1757
2020-09-05,Middle Africa,Chad,Lac,Explosions/Remote violence,Remote explosive/landmine/IED,1,3,29548,Political violence,539,13.7534,14.1757
2020-11-14,Middle Africa,Chad,Lac,Explosions/Remote violence,Remote explosive/landmine/IED,1,12,740,Political violence,539,13.7534,14.1757
2020-11-21,Middle Africa,Chad,Lac,Explosions/Remote violence,Remote explosive/landmine/IED,1,4,2617,Political violence,539,13.7534,14.1757
2020-11-28,Middle Africa,Chad,Lac,Explosions/Remote violence,Remote explosive/landmine/IED,1,0,2617,Political violence,539,13.7534,14.1757
2020-12-05,Middle Africa,Chad,Lac,Explosions/Remote violence,Remote explosive/landmine/IED,1,0,2617,Political violence,539,13.7534,14.1757
2021-06-26,Middle Africa,Chad,Lac,Explosions/Remote violence,Remote explosive/landmine/IED,1,0,6267,Political violence,539,13.7534,14.1757
2021-07-03,Middle Africa,Chad,Lac,Explosions/Remote violence,Remote explosive/landmine/IED,1,2,2711,Political violence,539,13.7534,14.1757
2021-08-28,Middle Africa,Chad,Lac,Explosions/Remote violence,Remote explosive/landmine/IED,1,3,4799,Political violence,539,13.7534,14.1757
2024-03-23,Middle Africa,Chad,Lac,Explosions/Remote violence,Remote explosive/landmine/IED,1,7,2076,Political violence,539,13.7534,14.1757
2026-03-07,Middle Africa,Chad,Lac,Explosions/Remote violence,Remote explosive/landmine/IED,1,0,22,Political violence,539,13.7534,14.1757
2022-07-02,Middle Africa,Chad,Lac,Explosions/Remote violence,Shelling/artillery/missile attack,2,0,3350,Political violence,539,13.7534,14.1757
2020-01-18,Middle Africa,Chad,Lac,Explosions/Remote violence,Suicide bomb,1,10,2178,Political violence,539,13.7534,14.1757
2022-03-26,Middle Africa,Chad,Lac,Protests,Peaceful protest,1,0,5705,Demonstrations,539,13.7534,14.1757
2025-11-08,Middle Africa,Chad,Lac,Riots,Mob violence,1,0,224,Political violence,539,13.7534,14.1757
2026-04-11,Middle Africa,Chad,Lac,Riots,Mob violence,1,2,192,Political violence,539,13.7534,14.1757
2026-04-18,Middle Africa,Chad,Lac,Riots,Mob violence,5,1,1960,Political violence,539,13.7534,14.1757
2026-05-23,Middle Africa,Chad,Lac,Riots,Mob violence,1,1,3522,Political violence,539,13.7534,14.1757
2026-06-06,Middle Africa,Chad,Lac,Riots,Mob violence,3,5,23314,Political violence,539,13.7534,14.1757
2026-07-18,Middle Africa,Chad,Lac,Riots,Mob violence,2,0,1446,Political violence,539,13.7534,14.1757
2026-07-25,Middle Africa,Chad,Lac,Riots,Mob violence,1,0,3574,Political violence,539,13.7534,14.1757
2023-08-26,Middle Africa,Chad,Lac,Strategic developments,Agreement,1,0,,Strategic developments,539,13.7534,14.1757
2025-06-21,Middle Africa,Chad,Lac,Strategic developments,Agreement,2,0,,Strategic developments,539,13.7534,14.1757
2025-06-28,Middle Africa,Chad,Lac,Strategic developments,Agreement,1,0,,Strategic developments,539,13.7534,14.1757
2025-10-25,Middle Africa,Chad,Lac,Strategic developments,Agreement,1,0,,Strategic developments,539,13.7534,14.1757
2026-06-13,Middle Africa,Chad,Lac,Strategic developments,Agreement,1,0,,Strategic developments,539,13.7534,14.1757
2020-04-11,Middle Africa,Chad,Lac,Strategic developments,Arrests,1,0,,Strategic developments,539,13.7534,14.1757
2025-03-29,Middle Africa,Chad,Lac,Strategic developments,Arrests,1,0,,Strategic developments,539,13.7534,14.1757
2025-11-08,Middle Africa,Chad,Lac,Strategic developments,Change to group/activity,1,0,,Strategic developments,539,13.7534,14.1757
2026-02-28,Middle Africa,Chad,Lac,Strategic developments,Change to group/activity,1,0,,Strategic developments,539,13.7534,14.1757
2026-03-21,Middle Africa,Chad,Lac,Strategic developments,Change to group/activity,1,0,,Strategic developments,539,13.7534,14.1757
2026-05-02,Middle Africa,Chad,Lac,Strategic developments,Change to group/activity,1,0,,Strategic developments,539,13.7534,14.1757
2026-05-23,Middle Africa,Chad,Lac,Strategic developments,Change to group/activity,2,0,,Strategic developments,539,13.7534,14.1757
2026-07-25,Middle Africa,Chad,Lac,Strategic developments,Change to group/activity,1,0,,Strategic developments,539,13.7534,14.1757
2020-01-18,Middle Africa,Chad,Lac,Strategic developments,Disrupted weapons use,1,11,,Strategic developments,539,13.7534,14.1757
2020-10-03,Middle Africa,Chad,Lac,Strategic developments,Disrupted weapons use,1,0,,Strategic developments,539,13.7534,14.1757
2020-11-28,Middle Africa,Chad,Lac,Strategic developments,Disrupted weapons use,1,0,,Strategic developments,539,13.7534,14.1757
2026-04-11,Middle Africa,Chad,Lac,Strategic developments,Disrupted weapons use,1,0,,Strategic developments,539,13.7534,14.1757
2021-08-07,Middle Africa,Chad,Lac,Strategic developments,Looting/property destruction,1,0,,Strategic developments,539,13.7534,14.1757
2022-06-25,Middle Africa,Chad,Lac,Strategic developments,Looting/property destruction,1,0,,Strategic developments,539,13.7534,14.1757
2022-08-27,Middle Africa,Chad,Lac,Strategic developments,Looting/property destruction,1,0,,Strategic developments,539,13.7534,14.1757
2022-09-17,Middle Africa,Chad,Lac,Strategic developments,Looting/property destruction,1,0,,Strategic developments,539,13.7534,14.1757
2023-01-28,Middle Africa,Chad,Lac,Strategic developments,Looting/property destruction,1,0,,Strategic developments,539,13.7534,14.1757
2025-06-21,Middle Africa,Chad,Lac,Strategic developments,Looting/property destruction,1,0,,Strategic developments,539,13.7534,14.1757
2025-07-05,Middle Africa,Chad,Lac,Strategic developments,Looting/property destruction,3,0,,Strategic developments,539,13.7534,14.1757
2025-07-12,Middle Africa,Chad,Lac,Strategic developments,Looting/property destruction,1,0,,Strategic developments,539,13.7534,14.1757
2026-02-28,Middle Africa,Chad,Lac,Strategic developments,Looting/property destruction,2,0,,Strategic developments,539,13.7534,14.1757
2020-03-21,Middle Africa,Chad,Lac,Strategic developments,Other,2,0,,Strategic developments,539,13.7534,14.1757
2025-08-30,Middle Africa,Chad,Lac,Strategic developments,Other,1,0,,Strategic developments,539,13.7534,14.1757
2025-10-25,Middle Africa,Chad,Lac,Strategic developments,Other,1,0,,Strategic developments,539,13.7534,14.1757
2026-01-31,Middle Africa,Chad,Lac,Strategic developments,Other,1,0,,Strategic developments,539,13.7534,14.1757
2026-05-16,Middle Africa,Chad,Lac,Strategic developments,Other,2,0,,Strategic developments,539,13.7534,14.1757
2026-05-30,Middle Africa,Chad,Lac,Strategic developments,Other,1,0,,Strategic developments,539,13.7534,14.1757
2020-11-21,Middle Africa,Chad,Lac,Violence against civilians,Abduction/forced disappearance,1,0,1160,Political violence,539,13.7534,14.1757
2020-12-05,Middle Africa,Chad,Lac,Violence against civilians,Abduction/forced disappearance,1,0,1235,Political violence,539,13.7534,14.1757
2021-02-20,Middle Africa,Chad,Lac,Violence against civilians,Abduction/forced disappearance,1,0,15306,Political violence,539,13.7534,14.1757
2021-03-27,Middle Africa,Chad,Lac,Violence against civilians,Abduction/forced disappearance,1,0,524,Political violence,539,13.7534,14.1757
2021-04-03,Middle Africa,Chad,Lac,Violence against civilians,Abduction/forced disappearance,1,0,1227,Political violence,539,13.7534,14.1757
2021-05-29,Middle Africa,Chad,Lac,Violence against civilians,Abduction/forced disappearance,2,0,1227,Political violence,539,13.7534,14.1757
2021-07-10,Middle Africa,Chad,Lac,Violence against civilians,Abduction/forced disappearance,2,0,1700,Political violence,539,13.7534,14.1757
2021-08-28,Middle Africa,Chad,Lac,Violence against civilians,Abduction/forced disappearance,1,0,1399,Political violence,539,13.7534,14.1757
2021-09-11,Middle Africa,Chad,Lac,Violence against civilians,Abduction/forced disappearance,1,0,1198,Political violence,539,13.7534,14.1757
2021-12-11,Middle Africa,Chad,Lac,Violence against civilians,Abduction/forced disappearance,1,0,1399,Political violence,539,13.7534,14.1757
2022-02-12,Middle Africa,Chad,Lac,Violence against civilians,Abduction/forced disappearance,1,0,522,Political violence,539,13.7534,14.1757
2022-04-16,Middle Africa,Chad,Lac,Violence against civilians,Abduction/forced disappearance,1,0,863,Political violence,539,13.7534,14.1757
2022-09-10,Middle Africa,Chad,Lac,Violence against civilians,Abduction/forced disappearance,2,0,961,Political violence,539,13.7534,14.1757
2022-09-17,Middle Africa,Chad,Lac,Violence against civilians,Abduction/forced disappearance,2,0,1726,Political violence,539,13.7534,14.1757
2022-09-24,Middle Africa,Chad,Lac,Violence against civilians,Abduction/forced disappearance,1,0,487,Political violence,539,13.7534,14.1757
2022-11-19,Middle Africa,Chad,Lac,Violence against civilians,Abduction/forced disappearance,1,0,3647,Political violence,539,13.7534,14.1757
2023-01-28,Middle Africa,Chad,Lac,Violence against civilians,Abduction/forced disappearance,1,0,533,Political violence,539,13.7534,14.1757
2023-02-11,Middle Africa,Chad,Lac,Violence against civilians,Abduction/forced disappearance,1,0,4,Political violence,539,13.7534,14.1757
2023-02-25,Middle Africa,Chad,Lac,Violence against civilians,Abduction/forced disappearance,1,0,436,Political violence,539,13.7534,14.1757
2023-07-08,Middle Africa,Chad,Lac,Violence against civilians,Abduction/forced disappearance,1,0,413,Political violence,539,13.7534,14.1757
2024-10-12,Middle Africa,Chad,Lac,Violence against civilians,Abduction/forced disappearance,2,0,593,Political violence,539,13.7534,14.1757
2025-02-15,Middle Africa,Chad,Lac,Violence against civilians,Abduction/forced disappearance,2,0,356,Political violence,539,13.7534,14.1757
2025-06-21,Middle Africa,Chad,Lac,Violence against civilians,Abduction/forced disappearance,1,0,950,Political violence,539,13.7534,14.1757
2025-07-05,Middle Africa,Chad,Lac,Violence against civilians,Abduction/forced disappearance,2,0,641,Political violence,539,13.7534,14.1757
2025-07-19,Middle Africa,Chad,Lac,Violence against civilians,Abduction/forced disappearance,1,0,143,Political violence,539,13.7534,14.1757
2025-08-02,Middle Africa,Chad,Lac,Violence against civilians,Abduction/forced disappearance,1,0,303,Political violence,539,13.7534,14.1757
2025-08-23,Middle Africa,Chad,Lac,Violence against civilians,Abduction/forced disappearance,2,0,1459,Political violence,539,13.7534,14.1757
2025-08-30,Middle Africa,Chad,Lac,Violence against civilians,Abduction/forced disappearance,1,0,306,Political violence,539,13.7534,14.1757
2025-10-18,Middle Africa,Chad,Lac,Violence against civilians,Abduction/forced disappearance,2,0,429,Political violence,539,13.7534,14.1757
2025-10-25,Middle Africa,Chad,Lac,Violence against civilians,Abduction/forced disappearance,1,0,,Political violence,539,13.7534,14.1757
2025-11-15,Middle Africa,Chad,Lac,Violence against civilians,Abduction/forced disappearance,3,0,1968,Political violence,539,13.7534,14.1757
2025-11-29,Middle Africa,Chad,Lac,Violence against civilians,Abduction/forced disappearance,1,0,154,Political violence,539,13.7534,14.1757
2025-12-06,Middle Africa,Chad,Lac,Violence against civilians,Abduction/forced disappearance,2,0,1740,Political violence,539,13.7534,14.1757
2025-12-13,Middle Africa,Chad,Lac,Violence against civilians,Abduction/forced disappearance,2,0,258,Political violence,539,13.7534,14.1757
2026-01-24,Middle Africa,Chad,Lac,Violence against civilians,Abduction/forced disappearance,1,0,202,Political violence,539,13.7534,14.1757
2026-01-31,Middle Africa,Chad,Lac,Violence against civilians,Abduction/forced disappearance,5,0,1575,Political violence,539,13.7534,14.1757
2026-02-07,Middle Africa,Chad,Lac,Violence against civilians,Abduction/forced disappearance,1,0,254,Political violence,539,13.7534,14.1757
2026-02-14,Middle Africa,Chad,Lac,Violence against civilians,Abduction/forced disappearance,2,0,1127,Political violence,539,13.7534,14.1757
2026-02-21,Middle Africa,Chad,Lac,Violence against civilians,Abduction/forced disappearance,1,0,92,Political violence,539,13.7534,14.1757
2026-02-28,Middle Africa,Chad,Lac,Violence against civilians,Abduction/forced disappearance,2,0,156,Political violence,539,13.7534,14.1757
2026-03-28,Middle Africa,Chad,Lac,Violence against civilians,Abduction/forced disappearance,2,0,1191,Political violence,539,13.7534,14.1757
2026-04-04,Middle Africa,Chad,Lac,Violence against civilians,Abduction/forced disappearance,1,0,8,Political violence,539,13.7534,14.1757
2026-04-11,Middle Africa,Chad,Lac,Violence against civilians,Abduction/forced disappearance,1,0,910,Political violence,539,13.7534,14.1757
2026-04-18,Middle Africa,Chad,Lac,Violence against civilians,Abduction/forced disappearance,1,0,510,Political violence,539,13.7534,14.1757
2026-05-16,Middle Africa,Chad,Lac,Violence against civilians,Abduction/forced disappearance,2,0,2972,Political violence,539,13.7534,14.1757
2026-05-30,Middle Africa,Chad,Lac,Violence against civilians,Abduction/forced disappearance,1,0,989,Political violence,539,13.7534,14.1757
2026-06-13,Middle Africa,Chad,Lac,Violence against civilians,Abduction/forced disappearance,1,0,18861,Political violence,539,13.7534,14.1757
2026-06-20,Middle Africa,Chad,Lac,Violence against civilians,Abduction/forced disappearance,1,0,1690,Political violence,539,13.7534,14.1757
2026-06-27,Middle Africa,Chad,Lac,Violence against civilians,Abduction/forced disappearance,1,0,1758,Political violence,539,13.7534,14.1757
2026-07-04,Middle Africa,Chad,Lac,Violence against civilians,Abduction/forced disappearance,2,0,1943,Political violence,539,13.7534,14.1757
2026-07-11,Middle Africa,Chad,Lac,Violence against civilians,Abduction/forced disappearance,3,0,2978,Political violence,539,13.7534,14.1757
2026-07-18,Middle Africa,Chad,Lac,Violence against civilians,Abduction/forced disappearance,2,0,2665,Political violence,539,13.7534,14.1757
2026-07-25,Middle Africa,Chad,Lac,Violence against civilians,Abduction/forced disappearance,2,0,228,Political violence,539,13.7534,14.1757
2020-01-11,Middle Africa,Chad,Lac,Violence against civilians,Attack,1,4,2207,Political violence,539,13.7534,14.1757
2020-03-07,Middle Africa,Chad,Lac,Violence against civilians,Attack,1,1,1599,Political violence,539,13.7534,14.1757
2020-04-25,Middle Africa,Chad,Lac,Violence against civilians,Attack,2,5,1458,Political violence,539,13.7534,14.1757
2020-05-16,Middle Africa,Chad,Lac,Violence against civilians,Attack,1,2,802,Political violence,539,13.7534,14.1757
2020-06-20,Middle Africa,Chad,Lac,Violence against civilians,Attack,1,2,740,Political violence,539,13.7534,14.1757
2020-07-25,Middle Africa,Chad,Lac,Violence against civilians,Attack,1,10,2178,Political violence,539,13.7534,14.1757
2020-08-08,Middle Africa,Chad,Lac,Violence against civilians,Attack,1,0,107,Political violence,539,13.7534,14.1757
2020-09-05,Middle Africa,Chad,Lac,Violence against civilians,Attack,1,2,833,Political violence,539,13.7534,14.1757
2020-09-12,Middle Africa,Chad,Lac,Violence against civilians,Attack,1,0,1147,Political violence,539,13.7534,14.1757
2020-10-31,Middle Africa,Chad,Lac,Violence against civilians,Attack,1,2,880,Political violence,539,13.7534,14.1757
2020-11-28,Middle Africa,Chad,Lac,Violence against civilians,Attack,1,2,1972,Political violence,539,13.7534,14.1757
2021-02-13,Middle Africa,Chad,Lac,Violence against civilians,Attack,1,0,1227,Political violence,539,13.7534,14.1757
2021-07-10,Middle Africa,Chad,Lac,Violence against civilians,Attack,1,3,2076,Political violence,539,13.7534,14.1757
2021-08-07,Middle Africa,Chad,Lac,Violence against civilians,Attack,1,0,1198,Political violence,539,13.7534,14.1757
2021-09-18,Middle Africa,Chad,Lac,Violence against civilians,Attack,2,10,37008,Political violence,539,13.7534,14.1757
2021-11-06,Middle Africa,Chad,Lac,Violence against civilians,Attack,1,3,4312,Political violence,539,13.7534,14.1757
2021-11-20,Middle Africa,Chad,Lac,Violence against civilians,Attack,2,4,4055,Political violence,539,13.7534,14.1757
2021-12-11,Middle Africa,Chad,Lac,Violence against civilians,Attack,1,5,2711,Political violence,539,13.7534,14.1757
2022-01-22,Middle Africa,Chad,Lac,Violence against civilians,Attack,1,1,2341,Political violence,539,13.7534,14.1757
2022-02-12,Middle Africa,Chad,Lac,Violence against civilians,Attack,2,10,6723,Political violence,539,13.7534,14.1757
2022-04-16,Middle Africa,Chad,Lac,Violence against civilians,Attack,2,11,8953,Political violence,539,13.7534,14.1757
2022-07-30,Middle Africa,Chad,Lac,Violence against civilians,Attack,1,6,4963,Political violence,539,13.7534,14.1757
2022-08-27,Middle Africa,Chad,Lac,Violence against civilians,Attack,1,1,1877,Political violence,539,13.7534,14.1757
2022-09-03,Middle Africa,Chad,Lac,Violence against civilians,Attack,1,5,1481,Political violence,539,13.7534,14.1757
2022-09-10,Middle Africa,Chad,Lac,Violence against civilians,Attack,1,0,1459,Political violence,539,13.7534,14.1757
2022-09-17,Middle Africa,Chad,Lac,Violence against civilians,Attack,1,1,31949,Political violence,539,13.7534,14.1757
2022-09-24,Middle Africa,Chad,Lac,Violence against civilians,Attack,1,1,1877,Political violence,539,13.7534,14.1757
2022-11-19,Middle Africa,Chad,Lac,Violence against civilians,Attack,1,1,31949,Political violence,539,13.7534,14.1757
2023-01-21,Middle Africa,Chad,Lac,Violence against civilians,Attack,1,11,993,Political violence,539,13.7534,14.1757
2023-02-25,Middle Africa,Chad,Lac,Violence against civilians,Attack,1,2,2917,Political violence,539,13.7534,14.1757
2023-08-05,Middle Africa,Chad,Lac,Violence against civilians,Attack,1,4,33145,Political violence,539,13.7534,14.1757
2024-01-20,Middle Africa,Chad,Lac,Violence against civilians,Attack,1,2,35237,Political violence,539,13.7534,14.1757
2024-04-06,Middle Africa,Chad,Lac,Violence against civilians,Attack,1,3,6933,Political violence,539,13.7534,14.1757
2024-07-06,Middle Africa,Chad,Lac,Violence against civilians,Attack,1,4,672,Political violence,539,13.7534,14.1757
2024-07-13,Middle Africa,Chad,Lac,Violence against civilians,Attack,5,0,637,Political violence,539,13.7534,14.1757
2024-08-03,Middle Africa,Chad,Lac,Violence against civilians,Attack,1,12,1449,Political violence,539,13.7534,14.1757
2024-08-10,Middle Africa,Chad,Lac,Violence against civilians,Attack,2,0,366,Political violence,539,13.7534,14.1757
2024-09-07,Middle Africa,Chad,Lac,Violence against civilians,Attack,2,3,2353,Political violence,539,13.7534,14.1757
2024-09-14,Middle Africa,Chad,Lac,Violence against civilians,Attack,2,0,117,Political violence,539,13.7534,14.1757
2024-09-21,Middle Africa,Chad,Lac,Violence against civilians,Attack,1,3,964,Political violence,539,13.7534,14.1757
2024-10-12,Middle Africa,Chad,Lac,Violence against civilians,Attack,1,0,905,Political violence,539,13.7534,14.1757
2024-12-14,Middle Africa,Chad,Lac,Violence against civilians,Attack,2,8,2679,Political violence,539,13.7534,14.1757
2025-01-11,Middle Africa,Chad,Lac,Violence against civilians,Attack,3,0,755,Political violence,539,13.7534,14.1757
2025-03-01,Middle Africa,Chad,Lac,Violence against civilians,Attack,1,7,7252,Political violence,539,13.7534,14.1757
2025-03-15,Middle Africa,Chad,Lac,Violence against civilians,Attack,2,0,286,Political violence,539,13.7534,14.1757
2025-06-07,Middle Africa,Chad,Lac,Violence against civilians,Attack,2,0,206,Political violence,539,13.7534,14.1757
2025-06-21,Middle Africa,Chad,Lac,Violence against civilians,Attack,1,0,570,Political violence,539,13.7534,14.1757
2025-06-28,Middle Africa,Chad,Lac,Violence against civilians,Attack,3,0,2004,Political violence,539,13.7534,14.1757
2025-07-05,Middle Africa,Chad,Lac,Violence against civilians,Attack,3,0,1428,Political violence,539,13.7534,14.1757
2025-07-12,Middle Africa,Chad,Lac,Violence against civilians,Attack,1,12,3356,Political violence,539,13.7534,14.1757
2025-10-18,Middle Africa,Chad,Lac,Violence against civilians,Attack,4,0,904,Political violence,539,13.7534,14.1757
2025-10-25,Middle Africa,Chad,Lac,Violence against civilians,Attack,1,0,570,Political violence,539,13.7534,14.1757
2025-11-15,Middle Africa,Chad,Lac,Violence against civilians,Attack,1,0,,Political violence,539,13.7534,14.1757
2025-11-22,Middle Africa,Chad,Lac,Violence against civilians,Attack,2,1,4781,Political violence,539,13.7534,14.1757
2025-11-29,Middle Africa,Chad,Lac,Violence against civilians,Attack,3,0,1313,Political violence,539,13.7534,14.1757
2025-12-13,Middle Africa,Chad,Lac,Violence against civilians,Attack,1,0,570,Political violence,539,13.7534,14.1757
2026-01-31,Middle Africa,Chad,Lac,Violence against civilians,Attack,1,0,1150,Political violence,539,13.7534,14.1757
2026-02-14,Middle Africa,Chad,Lac,Violence against civilians,Attack,1,2,1531,Political violence,539,13.7534,14.1757
2026-04-11,Middle Africa,Chad,Lac,Violence against civilians,Attack,1,0,910,Political violence,539,13.7534,14.1757
2026-04-18,Middle Africa,Chad,Lac,Violence against civilians,Attack,1,5,521,Political violence,539,13.7534,14.1757
2026-05-02,Middle Africa,Chad,Lac,Violence against civilians,Attack,1,0,441,Political violence,539,13.7534,14.1757
2026-05-09,Middle Africa,Chad,Lac,Violence against civilians,Attack,1,0,3522,Political violence,539,13.7534,14.1757
2026-05-16,Middle Africa,Chad,Lac,Violence against civilians,Attack,1,1,37946,Political violence,539,13.7534,14.1757
2026-06-06,Middle Africa,Chad,Lac,Violence against civilians,Attack,2,0,1724,Political violence,539,13.7534,14.1757
2026-06-13,Middle Africa,Chad,Lac,Violence against civilians,Attack,1,0,989,Political violence,539,13.7534,14.1757
2026-06-20,Middle Africa,Chad,Lac,Violence against civilians,Attack,1,0,192,Political violence,539,13.7534,14.1757
2026-07-04,Middle Africa,Chad,Lac,Violence against civilians,Attack,2,1,379,Political violence,539,13.7534,14.1757
2026-07-25,Middle Africa,Chad,Lac,Violence against civilians,Attack,1,0,907,Political violence,539,13.7534,14.1757
2026-08-08,Middle Africa,Chad,Lac,Violence against civilians,Attack,1,1,,Political violence,539,13.7534,14.1757
2025-11-08,Middle Africa,Chad,Lac,Violence against civilians,Sexual violence,1,0,470,Political violence,539,13.7534,14.1757
2021-06-05,Middle Africa,Chad,Logone Occidental,Battles,Armed clash,1,1,8266,Political violence,540,8.7691,15.9364
2021-06-12,Middle Africa,Chad,Logone Occidental,Battles,Armed clash,1,1,9430,Political violence,540,8.7691,15.9364
2021-10-02,Middle Africa,Chad,Logone Occidental,Battles,Armed clash,1,1,201573,Political violence,540,8.7691,15.9364
2021-11-06,Middle Africa,Chad,Logone Occidental,Battles,Armed clash,1,0,10445,Political violence,540,8.7691,15.9364
2021-11-20,Middle Africa,Chad,Logone Occidental,Battles,Armed clash,2,9,58675,Political violence,540,8.7691,15.9364
2022-09-17,Middle Africa,Chad,Logone Occidental,Battles,Armed clash,1,1,6607,Political violence,540,8.7691,15.9364
2022-10-15,Middle Africa,Chad,Logone Occidental,Battles,Armed clash,2,6,8582,Political violence,540,8.7691,15.9364
2025-08-30,Middle Africa,Chad,Logone Occidental,Battles,Armed clash,1,0,13184,Political violence,540,8.7691,15.9364
2021-04-24,Middle Africa,Chad,Logone Occidental,Protests,Excessive force against protesters,1,1,26944,Political violence; Demonstrations,540,8.7691,15.9364
2021-08-14,Middle Africa,Chad,Logone Occidental,Protests,Peaceful protest,1,0,26944,Demonstrations,540,8.7691,15.9364
2023-12-02,Middle Africa,Chad,Logone Occidental,Protests,Peaceful protest,1,0,28928,Demonstrations,540,8.7691,15.9364
2024-10-05,Middle Africa,Chad,Logone Occidental,Protests,Peaceful protest,1,0,30737,Demonstrations,540,8.7691,15.9364
2025-05-10,Middle Africa,Chad,Logone Occidental,Protests,Peaceful protest,1,0,32086,Demonstrations,540,8.7691,15.9364
2021-05-08,Middle Africa,Chad,Logone Occidental,Protests,Protest with intervention,1,0,26944,Demonstrations,540,8.7691,15.9364
2021-05-15,Middle Africa,Chad,Logone Occidental,Protests,Protest with intervention,1,0,26944,Demonstrations,540,8.7691,15.9364
2022-08-20,Middle Africa,Chad,Logone Occidental,Protests,Protest with intervention,1,0,27917,Demonstrations,540,8.7691,15.9364
2020-08-22,Middle Africa,Chad,Logone Occidental,Riots,Mob violence,1,1,2244,Political violence,540,8.7691,15.9364
2022-11-12,Middle Africa,Chad,Logone Occidental,Riots,Mob violence,1,0,1090,Political violence,540,8.7691,15.9364
2023-07-01,Middle Africa,Chad,Logone Occidental,Riots,Mob violence,1,0,88228,Political violence,540,8.7691,15.9364
2023-09-30,Middle Africa,Chad,Logone Occidental,Riots,Mob violence,1,0,5893,Political violence,540,8.7691,15.9364
2023-11-04,Middle Africa,Chad,Logone Occidental,Riots,Mob violence,1,0,88228,Political violence,540,8.7691,15.9364
2024-05-04,Middle Africa,Chad,Logone Occidental,Riots,Mob violence,1,1,93733,Political violence,540,8.7691,15.9364
2024-06-29,Middle Africa,Chad,Logone Occidental,Riots,Mob violence,1,4,1845,Political violence,540,8.7691,15.9364
2024-08-24,Middle Africa,Chad,Logone Occidental,Riots,Mob violence,1,5,1327,Political violence,540,8.7691,15.9364
2025-03-29,Middle Africa,Chad,Logone Occidental,Riots,Mob violence,1,0,97920,Political violence,540,8.7691,15.9364
2025-10-11,Middle Africa,Chad,Logone Occidental,Riots,Mob violence,1,2,5177,Political violence,540,8.7691,15.9364
2026-03-21,Middle Africa,Chad,Logone Occidental,Riots,Mob violence,2,1,2787,Political violence,540,8.7691,15.9364
2026-07-18,Middle Africa,Chad,Logone Occidental,Riots,Mob violence,1,4,5308,Political violence,540,8.7691,15.9364
2020-05-23,Middle Africa,Chad,Logone Occidental,Riots,Violent demonstration,1,0,79185,Demonstrations,540,8.7691,15.9364
2021-05-29,Middle Africa,Chad,Logone Occidental,Riots,Violent demonstration,1,0,82012,Demonstrations,540,8.7691,15.9364
2022-10-15,Middle Africa,Chad,Logone Occidental,Riots,Violent demonstration,1,23,85106,Demonstrations,540,8.7691,15.9364
2022-11-19,Middle Africa,Chad,Logone Occidental,Riots,Violent demonstration,1,8,13073,Demonstrations,540,8.7691,15.9364
2025-07-05,Middle Africa,Chad,Logone Occidental,Strategic developments,Agreement,1,0,,Strategic developments,540,8.7691,15.9364
2022-10-15,Middle Africa,Chad,Logone Occidental,Strategic developments,Arrests,1,0,,Strategic developments,540,8.7691,15.9364
2025-05-10,Middle Africa,Chad,Logone Occidental,Strategic developments,Arrests,1,0,,Strategic developments,540,8.7691,15.9364
2022-10-15,Middle Africa,Chad,Logone Occidental,Strategic developments,Change to group/activity,1,0,,Strategic developments,540,8.7691,15.9364
2026-07-25,Middle Africa,Chad,Logone Occidental,Strategic developments,Change to group/activity,1,0,,Strategic developments,540,8.7691,15.9364
2023-04-29,Middle Africa,Chad,Logone Occidental,Strategic developments,Headquarters or base established,1,0,,Strategic developments,540,8.7691,15.9364
2023-05-06,Middle Africa,Chad,Logone Occidental,Strategic developments,Other,1,0,,Strategic developments,540,8.7691,15.9364
2020-08-22,Middle Africa,Chad,Logone Occidental,Violence against civilians,Attack,1,9,16238,Political violence,540,8.7691,15.9364
2021-10-09,Middle Africa,Chad,Logone Occidental,Violence against civilians,Attack,1,0,1590,Political violence,540,8.7691,15.9364
2023-04-29,Middle Africa,Chad,Logone Occidental,Violence against civilians,Attack,2,3,1725,Political violence,540,8.7691,15.9364
2023-05-06,Middle Africa,Chad,Logone Occidental,Violence against civilians,Attack,2,5,8900,Political violence,540,8.7691,15.9364
2023-08-12,Middle Africa,Chad,Logone Occidental,Violence against civilians,Attack,2,3,8900,Political violence,540,8.7691,15.9364
2025-05-10,Middle Africa,Chad,Logone Occidental,Violence against civilians,Attack,1,42,2697,Political violence,540,8.7691,15.9364
2025-05-17,Middle Africa,Chad,Logone Occidental,Violence against civilians,Attack,1,4,1324,Political violence,540,8.7691,15.9364
2025-06-14,Middle Africa,Chad,Logone Occidental,Violence against civilians,Attack,1,19,2697,Political violence,540,8.7691,15.9364
2025-10-04,Middle Africa,Chad,Logone Occidental,Violence against civilians,Attack,1,2,13001,Political violence,540,8.7691,15.9364
2026-06-13,Middle Africa,Chad,Logone Occidental,Violence against civilians,Attack,1,1,9486,Political violence,540,8.7691,15.9364
2021-05-29,Middle Africa,Chad,Logone Oriental,Battles,Armed clash,2,9,12277,Political violence,541,8.3,16.4621
2021-09-11,Middle Africa,Chad,Logone Oriental,Battles,Armed clash,1,0,84819,Political violence,541,8.3,16.4621
2021-11-13,Middle Africa,Chad,Logone Oriental,Battles,Armed clash,1,1,9822,Political violence,541,8.3,16.4621
2022-01-29,Middle Africa,Chad,Logone Oriental,Battles,Armed clash,1,1,87951,Political violence,541,8.3,16.4621
2022-08-13,Middle Africa,Chad,Logone Oriental,Battles,Armed clash,1,9,87951,Political violence,541,8.3,16.4621
2023-04-15,Middle Africa,Chad,Logone Oriental,Battles,Armed clash,1,3,717,Political violence,541,8.3,16.4621
2023-05-13,Middle Africa,Chad,Logone Oriental,Battles,Armed clash,1,7,3355,Political violence,541,8.3,16.4621
2023-09-23,Middle Africa,Chad,Logone Oriental,Battles,Armed clash,1,7,2488,Political violence,541,8.3,16.4621
2023-11-18,Middle Africa,Chad,Logone Oriental,Battles,Armed clash,1,2,17617,Political violence,541,8.3,16.4621
2025-07-05,Middle Africa,Chad,Logone Oriental,Battles,Armed clash,1,1,3889,Political violence,541,8.3,16.4621
2025-08-23,Middle Africa,Chad,Logone Oriental,Battles,Armed clash,1,1,251,Political violence,541,8.3,16.4621
2026-08-29,Middle Africa,Chad,Logone Oriental,Battles,Armed clash,1,0,,Political violence,541,8.3,16.4621
2021-04-24,Middle Africa,Chad,Logone Oriental,Protests,Excessive force against protesters,1,0,11627,Political violence; Demonstrations,541,8.3,16.4621
2021-05-15,Middle Africa,Chad,Logone Oriental,Protests,Excessive force against protesters,1,0,11627,Political violence; Demonstrations,541,8.3,16.4621
2024-03-30,Middle Africa,Chad,Logone Oriental,Protests,Excessive force against protesters,1,0,9855,Political violence; Demonstrations,541,8.3,16.4621
2025-01-11,Middle Africa,Chad,Logone Oriental,Protests,Excessive force against protesters,1,4,5568,Political violence; Demonstrations,541,8.3,16.4621
2023-09-30,Middle Africa,Chad,Logone Oriental,Protests,Peaceful protest,1,0,9318,Demonstrations,541,8.3,16.4621
2025-01-11,Middle Africa,Chad,Logone Oriental,Protests,Peaceful protest,1,0,2222,Demonstrations,541,8.3,16.4621
2026-05-02,Middle Africa,Chad,Logone Oriental,Protests,Peaceful protest,1,0,14147,Demonstrations,541,8.3,16.4621
2022-04-16,Middle Africa,Chad,Logone Oriental,Protests,Protest with intervention,1,0,5613,Demonstrations,541,8.3,16.4621
2023-03-04,Middle Africa,Chad,Logone Oriental,Riots,Mob violence,1,4,2588,Political violence,541,8.3,16.4621
2023-12-09,Middle Africa,Chad,Logone Oriental,Riots,Mob violence,1,1,52108,Political violence,541,8.3,16.4621
2024-06-22,Middle Africa,Chad,Logone Oriental,Riots,Mob violence,1,2,4299,Political violence,541,8.3,16.4621
2025-01-04,Middle Africa,Chad,Logone Oriental,Riots,Mob violence,2,2,4320,Political violence,541,8.3,16.4621
2025-05-03,Middle Africa,Chad,Logone Oriental,Riots,Mob violence,1,0,7308,Political violence,541,8.3,16.4621
2025-08-30,Middle Africa,Chad,Logone Oriental,Riots,Mob violence,2,0,59491,Political violence,541,8.3,16.4621
2025-09-20,Middle Africa,Chad,Logone Oriental,Riots,Mob violence,1,8,6266,Political violence,541,8.3,16.4621
2025-10-18,Middle Africa,Chad,Logone Oriental,Riots,Mob violence,2,0,5432,Political violence,541,8.3,16.4621
2025-11-22,Middle Africa,Chad,Logone Oriental,Riots,Mob violence,1,1,4438,Political violence,541,8.3,16.4621
2025-12-06,Middle Africa,Chad,Logone Oriental,Riots,Mob violence,1,0,6266,Political violence,541,8.3,16.4621
2026-02-21,Middle Africa,Chad,Logone Oriental,Riots,Mob violence,2,3,2300,Political violence,541,8.3,16.4621
2026-04-11,Middle Africa,Chad,Logone Oriental,Riots,Mob violence,1,0,15162,Political violence,541,8.3,16.4621
2026-04-18,Middle Africa,Chad,Logone Oriental,Riots,Mob violence,1,0,6699,Political violence,541,8.3,16.4621
2026-05-30,Middle Africa,Chad,Logone Oriental,Riots,Mob violence,1,6,6095,Political violence,541,8.3,16.4621
2026-06-20,Middle Africa,Chad,Logone Oriental,Riots,Mob violence,2,0,3457,Political violence,541,8.3,16.4621
2026-08-15,Middle Africa,Chad,Logone Oriental,Riots,Mob violence,1,1,,Political violence,541,8.3,16.4621
2026-08-29,Middle Africa,Chad,Logone Oriental,Riots,Mob violence,1,1,,Political violence,541,8.3,16.4621
2024-04-20,Middle Africa,Chad,Logone Oriental,Riots,Violent demonstration,1,0,55113,Demonstrations,541,8.3,16.4621
2022-10-15,Middle Africa,Chad,Logone Oriental,Strategic developments,Change to group/activity,1,0,,Strategic developments,541,8.3,16.4621
2026-03-28,Middle Africa,Chad,Logone Oriental,Strategic developments,Change to group/activity,1,0,,Strategic developments,541,8.3,16.4621
2026-04-25,Middle Africa,Chad,Logone Oriental,Strategic developments,Change to group/activity,1,0,,Strategic developments,541,8.3,16.4621
2026-05-09,Middle Africa,Chad,Logone Oriental,Strategic developments,Looting/property destruction,1,0,,Strategic developments,541,8.3,16.4621
2021-07-17,Middle Africa,Chad,Logone Oriental,Strategic developments,Other,1,0,,Strategic developments,541,8.3,16.4621
2022-07-09,Middle Africa,Chad,Logone Oriental,Violence against civilians,Abduction/forced disappearance,1,0,2097,Political violence,541,8.3,16.4621
2025-01-04,Middle Africa,Chad,Logone Oriental,Violence against civilians,Abduction/forced disappearance,1,0,1304,Political violence,541,8.3,16.4621
2020-06-06,Middle Africa,Chad,Logone Oriental,Violence against civilians,Attack,1,0,1688,Political violence,541,8.3,16.4621
2021-08-07,Middle Africa,Chad,Logone Oriental,Violence against civilians,Attack,1,2,84819,Political violence,541,8.3,16.4621
2021-10-09,Middle Africa,Chad,Logone Oriental,Violence against civilians,Attack,1,0,515,Political violence,541,8.3,16.4621
2023-04-15,Middle Africa,Chad,Logone Oriental,Violence against civilians,Attack,6,23,5435,Political violence,541,8.3,16.4621
2023-04-29,Middle Africa,Chad,Logone Oriental,Violence against civilians,Attack,2,6,8446,Political violence,541,8.3,16.4621
2023-05-06,Middle Africa,Chad,Logone Oriental,Violence against civilians,Attack,2,23,4893,Political violence,541,8.3,16.4621
2023-05-13,Middle Africa,Chad,Logone Oriental,Violence against civilians,Attack,1,18,768,Political violence,541,8.3,16.4621
2023-08-05,Middle Africa,Chad,Logone Oriental,Violence against civilians,Attack,1,1,17617,Political violence,541,8.3,16.4621
2023-09-23,Middle Africa,Chad,Logone Oriental,Violence against civilians,Attack,1,1,2488,Political violence,541,8.3,16.4621
2024-05-04,Middle Africa,Chad,Logone Oriental,Violence against civilians,Attack,1,0,25578,Political violence,541,8.3,16.4621
2024-06-08,Middle Africa,Chad,Logone Oriental,Violence against civilians,Attack,1,5,983,Political violence,541,8.3,16.4621
2024-12-07,Middle Africa,Chad,Logone Oriental,Violence against civilians,Attack,2,22,143487,Political violence,541,8.3,16.4621
2025-01-04,Middle Africa,Chad,Logone Oriental,Violence against civilians,Attack,1,1,4167,Political violence,541,8.3,16.4621
2025-01-11,Middle Africa,Chad,Logone Oriental,Violence against civilians,Attack,1,1,5577,Political violence,541,8.3,16.4621
2025-01-25,Middle Africa,Chad,Logone Oriental,Violence against civilians,Attack,1,1,3599,Political violence,541,8.3,16.4621
2025-03-15,Middle Africa,Chad,Logone Oriental,Violence against civilians,Attack,2,1,4219,Political violence,541,8.3,16.4621
2025-06-28,Middle Africa,Chad,Logone Oriental,Violence against civilians,Attack,1,1,8870,Political violence,541,8.3,16.4621
2025-08-09,Middle Africa,Chad,Logone Oriental,Violence against civilians,Attack,1,5,6806,Political violence,541,8.3,16.4621
2025-08-23,Middle Africa,Chad,Logone Oriental,Violence against civilians,Attack,2,0,4802,Political violence,541,8.3,16.4621
2026-05-16,Middle Africa,Chad,Logone Oriental,Violence against civilians,Attack,1,1,4288,Political violence,541,8.3,16.4621
2021-11-13,Middle Africa,Chad,Mandoul,Battles,Armed clash,1,0,25875,Political violence,542,8.7112,17.5787
2021-11-20,Middle Africa,Chad,Mandoul,Battles,Armed clash,2,8,84426,Political violence,542,8.7112,17.5787
2021-12-04,Middle Africa,Chad,Mandoul,Battles,Armed clash,1,1,30960,Political violence,542,8.7112,17.5787
2021-12-18,Middle Africa,Chad,Mandoul,Battles,Armed clash,1,2,30960,Political violence,542,8.7112,17.5787
2022-01-01,Middle Africa,Chad,Mandoul,Battles,Armed clash,2,7,1132,Political violence,542,8.7112,17.5787
2022-08-13,Middle Africa,Chad,Mandoul,Battles,Armed clash,1,0,996,Political violence,542,8.7112,17.5787
2022-11-12,Middle Africa,Chad,Mandoul,Battles,Armed clash,1,1,32138,Political violence,542,8.7112,17.5787
2023-08-19,Middle Africa,Chad,Mandoul,Battles,Armed clash,1,1,33274,Political violence,542,8.7112,17.5787
2024-08-10,Middle Africa,Chad,Mandoul,Battles,Armed clash,1,0,11367,Political violence,542,8.7112,17.5787
2025-01-18,Middle Africa,Chad,Mandoul,Explosions/Remote violence,Remote explosive/landmine/IED,1,2,7330,Political violence,542,8.7112,17.5787
2021-05-01,Middle Africa,Chad,Mandoul,Protests,Excessive force against protesters,1,0,13083,Political violence; Demonstrations,542,8.7112,17.5787
2022-10-15,Middle Africa,Chad,Mandoul,Protests,Excessive force against protesters,1,1,13657,Political violence; Demonstrations,542,8.7112,17.5787
2025-03-08,Middle Africa,Chad,Mandoul,Protests,Excessive force against protesters,1,0,3535,Political violence; Demonstrations,542,8.7112,17.5787
2021-05-15,Middle Africa,Chad,Mandoul,Protests,Peaceful protest,1,0,8162,Demonstrations,542,8.7112,17.5787
2022-02-12,Middle Africa,Chad,Mandoul,Protests,Peaceful protest,1,0,13657,Demonstrations,542,8.7112,17.5787
2023-10-28,Middle Africa,Chad,Mandoul,Protests,Peaceful protest,1,0,10736,Demonstrations,542,8.7112,17.5787
2024-09-07,Middle Africa,Chad,Mandoul,Protests,Protest with intervention,1,0,15150,Demonstrations,542,8.7112,17.5787
2021-08-14,Middle Africa,Chad,Mandoul,Riots,Mob violence,1,2,45423,Political violence,542,8.7112,17.5787
2022-04-02,Middle Africa,Chad,Mandoul,Riots,Mob violence,1,0,1517,Political violence,542,8.7112,17.5787
2023-05-20,Middle Africa,Chad,Mandoul,Riots,Mob violence,1,1,8110,Political violence,542,8.7112,17.5787
2023-07-29,Middle Africa,Chad,Mandoul,Riots,Mob violence,1,0,3456,Political violence,542,8.7112,17.5787
2023-08-05,Middle Africa,Chad,Mandoul,Riots,Mob violence,1,4,3456,Political violence,542,8.7112,17.5787
2024-09-07,Middle Africa,Chad,Mandoul,Riots,Mob violence,1,0,3182,Political violence,542,8.7112,17.5787
2025-10-04,Middle Africa,Chad,Mandoul,Riots,Mob violence,1,4,4353,Political violence,542,8.7112,17.5787
2025-11-01,Middle Africa,Chad,Mandoul,Riots,Mob violence,1,0,5264,Political violence,542,8.7112,17.5787
2025-11-08,Middle Africa,Chad,Mandoul,Riots,Mob violence,1,1,2951,Political violence,542,8.7112,17.5787
2026-05-09,Middle Africa,Chad,Mandoul,Riots,Mob violence,1,1,4917,Political violence,542,8.7112,17.5787
2026-07-25,Middle Africa,Chad,Mandoul,Riots,Mob violence,1,0,3153,Political violence,542,8.7112,17.5787
2026-08-29,Middle Africa,Chad,Mandoul,Riots,Mob violence,1,1,,Political violence,542,8.7112,17.5787
2022-10-15,Middle Africa,Chad,Mandoul,Strategic developments,Change to group/activity,1,0,,Strategic developments,542,8.7112,17.5787
2025-06-28,Middle Africa,Chad,Mandoul,Strategic developments,Looting/property destruction,1,0,,Strategic developments,542,8.7112,17.5787
2026-01-31,Middle Africa,Chad,Mandoul,Strategic developments,Looting/property destruction,6,0,,Strategic developments,542,8.7112,17.5787
2021-05-29,Middle Africa,Chad,Mandoul,Violence against civilians,Attack,1,5,75045,Political violence,542,8.7112,17.5787
2021-09-11,Middle Africa,Chad,Mandoul,Violence against civilians,Attack,1,0,20963,Political violence,542,8.7112,17.5787
2022-01-15,Middle Africa,Chad,Mandoul,Violence against civilians,Attack,1,5,78167,Political violence,542,8.7112,17.5787
2023-05-20,Middle Africa,Chad,Mandoul,Violence against civilians,Attack,1,12,9757,Political violence,542,8.7112,17.5787
2024-05-04,Middle Africa,Chad,Mandoul,Violence against civilians,Attack,1,0,52622,Political violence,542,8.7112,17.5787
2025-07-12,Middle Africa,Chad,Mandoul,Violence against civilians,Attack,1,1,36821,Political violence,542,8.7112,17.5787
2026-08-22,Middle Africa,Chad,Mandoul,Violence against civilians,Attack,1,3,,Political violence,542,8.7112,17.5787
2020-04-18,Middle Africa,Chad,Mayo Kebbi Est,Battles,Armed clash,1,1,2606,Political violence,543,10.2098,15.8059
2020-04-25,Middle Africa,Chad,Mayo Kebbi Est,Battles,Armed clash,1,4,4479,Political violence,543,10.2098,15.8059
2020-11-21,Middle Africa,Chad,Mayo Kebbi Est,Battles,Armed clash,3,33,49228,Political violence,543,10.2098,15.8059
2021-01-02,Middle Africa,Chad,Mayo Kebbi Est,Battles,Armed clash,1,3,3157,Political violence,543,10.2098,15.8059
2022-03-12,Middle Africa,Chad,Mayo Kebbi Est,Battles,Armed clash,1,3,11379,Political violence,543,10.2098,15.8059
2022-05-21,Middle Africa,Chad,Mayo Kebbi Est,Battles,Armed clash,1,0,6804,Political violence,543,10.2098,15.8059
2022-06-04,Middle Africa,Chad,Mayo Kebbi Est,Battles,Armed clash,1,11,9526,Political violence,543,10.2098,15.8059
2022-07-09,Middle Africa,Chad,Mayo Kebbi Est,Battles,Armed clash,1,3,30908,Political violence,543,10.2098,15.8059
2022-08-06,Middle Africa,Chad,Mayo Kebbi Est,Battles,Armed clash,1,4,4013,Political violence,543,10.2098,15.8059
2022-05-07,Middle Africa,Chad,Mayo Kebbi Est,Protests,Peaceful protest,1,0,20114,Demonstrations,543,10.2098,15.8059
2022-11-12,Middle Africa,Chad,Mayo Kebbi Est,Protests,Peaceful protest,1,0,20114,Demonstrations,543,10.2098,15.8059
2023-07-01,Middle Africa,Chad,Mayo Kebbi Est,Protests,Peaceful protest,1,0,9978,Demonstrations,543,10.2098,15.8059
2025-08-23,Middle Africa,Chad,Mayo Kebbi Est,Protests,Peaceful protest,1,0,1464,Demonstrations,543,10.2098,15.8059
2024-03-23,Middle Africa,Chad,Mayo Kebbi Est,Riots,Mob violence,1,1,52639,Political violence,543,10.2098,15.8059
2024-06-08,Middle Africa,Chad,Mayo Kebbi Est,Riots,Mob violence,1,1,52639,Political violence,543,10.2098,15.8059
2024-10-12,Middle Africa,Chad,Mayo Kebbi Est,Riots,Mob violence,1,0,2072,Political violence,543,10.2098,15.8059
2026-02-21,Middle Africa,Chad,Mayo Kebbi Est,Riots,Mob violence,1,1,56398,Political violence,543,10.2098,15.8059
2026-04-25,Middle Africa,Chad,Mayo Kebbi Est,Riots,Mob violence,2,2,56398,Political violence,543,10.2098,15.8059
2026-05-30,Middle Africa,Chad,Mayo Kebbi Est,Riots,Mob violence,2,10,3731,Political violence,543,10.2098,15.8059
2026-06-06,Middle Africa,Chad,Mayo Kebbi Est,Riots,Mob violence,2,0,7425,Political violence,543,10.2098,15.8059
2020-04-25,Middle Africa,Chad,Mayo Kebbi Est,Riots,Violent demonstration,1,2,44519,Demonstrations,543,10.2098,15.8059
2020-11-21,Middle Africa,Chad,Mayo Kebbi Est,Strategic developments,Arrests,1,0,,Strategic developments,543,10.2098,15.8059
2020-05-23,Middle Africa,Chad,Mayo Kebbi Est,Violence against civilians,Abduction/forced disappearance,1,0,168,Political violence,543,10.2098,15.8059
2020-03-14,Middle Africa,Chad,Mayo Kebbi Est,Violence against civilians,Attack,1,4,11610,Political violence,543,10.2098,15.8059
2020-03-28,Middle Africa,Chad,Mayo Kebbi Est,Violence against civilians,Attack,1,1,28851,Political violence,543,10.2098,15.8059
2022-05-28,Middle Africa,Chad,Mayo Kebbi Est,Violence against civilians,Attack,1,0,47952,Political violence,543,10.2098,15.8059
2024-03-23,Middle Africa,Chad,Mayo Kebbi Est,Violence against civilians,Attack,1,2,85269,Political violence,543,10.2098,15.8059
2020-06-27,Middle Africa,Chad,Mayo Kebbi Ouest,Battles,Armed clash,1,5,2933,Political violence,544,9.2323,14.8601
2020-08-15,Middle Africa,Chad,Mayo Kebbi Ouest,Battles,Armed clash,1,1,18751,Political violence,544,9.2323,14.8601
2020-10-17,Middle Africa,Chad,Mayo Kebbi Ouest,Battles,Armed clash,1,0,18751,Political violence,544,9.2323,14.8601
2020-12-19,Middle Africa,Chad,Mayo Kebbi Ouest,Battles,Armed clash,1,2,7258,Political violence,544,9.2323,14.8601
2021-05-08,Middle Africa,Chad,Mayo Kebbi Ouest,Battles,Armed clash,1,7,8844,Political violence,544,9.2323,14.8601
2021-06-12,Middle Africa,Chad,Mayo Kebbi Ouest,Battles,Armed clash,1,0,19434,Political violence,544,9.2323,14.8601
2021-10-09,Middle Africa,Chad,Mayo Kebbi Ouest,Battles,Armed clash,1,1,10621,Political violence,544,9.2323,14.8601
2021-11-20,Middle Africa,Chad,Mayo Kebbi Ouest,Battles,Armed clash,1,2,19434,Political violence,544,9.2323,14.8601
2021-12-11,Middle Africa,Chad,Mayo Kebbi Ouest,Battles,Armed clash,1,0,15713,Political violence,544,9.2323,14.8601
2023-03-04,Middle Africa,Chad,Mayo Kebbi Ouest,Battles,Armed clash,1,1,2716,Political violence,544,9.2323,14.8601
2024-03-23,Middle Africa,Chad,Mayo Kebbi Ouest,Battles,Armed clash,1,3,8746,Political violence,544,9.2323,14.8601
2024-10-05,Middle Africa,Chad,Mayo Kebbi Ouest,Battles,Armed clash,1,0,1,Political violence,544,9.2323,14.8601
2026-04-18,Middle Africa,Chad,Mayo Kebbi Ouest,Battles,Armed clash,1,0,2986,Political violence,544,9.2323,14.8601
2020-05-09,Middle Africa,Chad,Mayo Kebbi Ouest,Protests,Excessive force against protesters,1,0,1212,Political violence; Demonstrations,544,9.2323,14.8601
2022-09-17,Middle Africa,Chad,Mayo Kebbi Ouest,Protests,Peaceful protest,1,0,4644,Demonstrations,544,9.2323,14.8601
2023-02-25,Middle Africa,Chad,Mayo Kebbi Ouest,Protests,Peaceful protest,1,0,4390,Demonstrations,544,9.2323,14.8601
2023-04-01,Middle Africa,Chad,Mayo Kebbi Ouest,Protests,Peaceful protest,1,0,2456,Demonstrations,544,9.2323,14.8601
2023-07-22,Middle Africa,Chad,Mayo Kebbi Ouest,Protests,Peaceful protest,1,0,1361,Demonstrations,544,9.2323,14.8601
2022-05-14,Middle Africa,Chad,Mayo Kebbi Ouest,Protests,Protest with intervention,1,0,1308,Demonstrations,544,9.2323,14.8601
2022-10-15,Middle Africa,Chad,Mayo Kebbi Ouest,Protests,Protest with intervention,1,0,1308,Demonstrations,544,9.2323,14.8601
2020-10-03,Middle Africa,Chad,Mayo Kebbi Ouest,Riots,Mob violence,1,1,3424,Political violence,544,9.2323,14.8601
2025-11-01,Middle Africa,Chad,Mayo Kebbi Ouest,Riots,Mob violence,2,4,1754,Political violence,544,9.2323,14.8601
2025-11-22,Middle Africa,Chad,Mayo Kebbi Ouest,Riots,Mob violence,2,1,2161,Political violence,544,9.2323,14.8601
2026-08-08,Middle Africa,Chad,Mayo Kebbi Ouest,Riots,Mob violence,1,0,,Political violence,544,9.2323,14.8601
2021-02-13,Middle Africa,Chad,Mayo Kebbi Ouest,Riots,Violent demonstration,1,0,3547,Demonstrations,544,9.2323,14.8601
2022-01-08,Middle Africa,Chad,Mayo Kebbi Ouest,Riots,Violent demonstration,1,0,3683,Demonstrations,544,9.2323,14.8601
2026-01-31,Middle Africa,Chad,Mayo Kebbi Ouest,Strategic developments,Looting/property destruction,1,0,,Strategic developments,544,9.2323,14.8601
2026-07-04,Middle Africa,Chad,Mayo Kebbi Ouest,Strategic developments,Looting/property destruction,1,0,,Strategic developments,544,9.2323,14.8601
2020-03-07,Middle Africa,Chad,Mayo Kebbi Ouest,Violence against civilians,Abduction/forced disappearance,1,0,3829,Political violence,544,9.2323,14.8601
2020-05-23,Middle Africa,Chad,Mayo Kebbi Ouest,Violence against civilians,Abduction/forced disappearance,1,0,3829,Political violence,544,9.2323,14.8601
2020-07-04,Middle Africa,Chad,Mayo Kebbi Ouest,Violence against civilians,Abduction/forced disappearance,1,0,993,Political violence,544,9.2323,14.8601
2020-08-15,Middle Africa,Chad,Mayo Kebbi Ouest,Violence against civilians,Abduction/forced disappearance,1,0,12732,Political violence,544,9.2323,14.8601
2021-08-28,Middle Africa,Chad,Mayo Kebbi Ouest,Violence against civilians,Abduction/forced disappearance,1,0,3931,Political violence,544,9.2323,14.8601
2023-08-19,Middle Africa,Chad,Mayo Kebbi Ouest,Violence against civilians,Abduction/forced disappearance,1,0,4157,Political violence,544,9.2323,14.8601
2023-09-23,Middle Africa,Chad,Mayo Kebbi Ouest,Violence against civilians,Abduction/forced disappearance,1,0,8002,Political violence,544,9.2323,14.8601
2026-04-11,Middle Africa,Chad,Mayo Kebbi Ouest,Violence against civilians,Abduction/forced disappearance,1,0,9267,Political violence,544,9.2323,14.8601
2020-03-07,Middle Africa,Chad,Mayo Kebbi Ouest,Violence against civilians,Attack,1,0,7088,Political violence,544,9.2323,14.8601
2020-10-03,Middle Africa,Chad,Mayo Kebbi Ouest,Violence against civilians,Attack,1,1,18751,Political violence,544,9.2323,14.8601
2023-09-02,Middle Africa,Chad,Mayo Kebbi Ouest,Violence against civilians,Attack,2,3,27101,Political violence,544,9.2323,14.8601
2023-09-30,Middle Africa,Chad,Mayo Kebbi Ouest,Violence against civilians,Attack,1,1,16546,Political violence,544,9.2323,14.8601
2023-12-16,Middle Africa,Chad,Mayo Kebbi Ouest,Violence against civilians,Attack,1,0,4157,Political violence,544,9.2323,14.8601
2024-09-07,Middle Africa,Chad,Mayo Kebbi Ouest,Violence against civilians,Attack,1,1,17275,Political violence,544,9.2323,14.8601
2025-04-12,Middle Africa,Chad,Mayo Kebbi Ouest,Violence against civilians,Attack,1,3,11353,Political violence,544,9.2323,14.8601
2025-06-14,Middle Africa,Chad,Mayo Kebbi Ouest,Violence against civilians,Attack,1,19,23417,Political violence,544,9.2323,14.8601
2025-11-22,Middle Africa,Chad,Mayo Kebbi Ouest,Violence against civilians,Attack,1,1,4818,Political violence,544,9.2323,14.8601
2026-03-14,Middle Africa,Chad,Mayo Kebbi Ouest,Violence against civilians,Attack,1,1,24318,Political violence,544,9.2323,14.8601
2026-03-21,Middle Africa,Chad,Mayo Kebbi Ouest,Violence against civilians,Attack,1,1,9472,Political violence,544,9.2323,14.8601
2021-05-08,Middle Africa,Chad,Mayo Kebbi Ouest,Violence against civilians,Sexual violence,1,0,3993,Political violence,544,9.2323,14.8601
2021-09-04,Middle Africa,Chad,Mayo Kebbi Ouest,Violence against civilians,Sexual violence,1,0,3923,Political violence,544,9.2323,14.8601
2024-11-02,Middle Africa,Chad,Mayo Kebbi Ouest,Violence against civilians,Sexual violence,1,0,8553,Political violence,544,9.2323,14.8601
2021-10-09,Middle Africa,Chad,Moyen-Chari,Battles,Armed clash,1,0,1344,Political violence,545,9.3213,18.8631
2022-09-10,Middle Africa,Chad,Moyen-Chari,Battles,Armed clash,3,22,67460,Political violence,545,9.3213,18.8631
2022-12-10,Middle Africa,Chad,Moyen-Chari,Battles,Armed clash,1,3,1545,Political violence,545,9.3213,18.8631
2024-02-10,Middle Africa,Chad,Moyen-Chari,Battles,Armed clash,1,3,1532,Political violence,545,9.3213,18.8631
2024-03-16,Middle Africa,Chad,Moyen-Chari,Battles,Armed clash,2,6,1133,Political violence,545,9.3213,18.8631
2024-03-23,Middle Africa,Chad,Moyen-Chari,Battles,Armed clash,5,17,1133,Political violence,545,9.3213,18.8631
2024-05-04,Middle Africa,Chad,Moyen-Chari,Battles,Armed clash,1,5,74495,Political violence,545,9.3213,18.8631
2026-01-10,Middle Africa,Chad,Moyen-Chari,Battles,Armed clash,2,28,193485,Political violence,545,9.3213,18.8631
2026-01-17,Middle Africa,Chad,Moyen-Chari,Battles,Armed clash,1,3,1647,Political violence,545,9.3213,18.8631
2026-01-31,Middle Africa,Chad,Moyen-Chari,Battles,Armed clash,2,0,37,Political violence,545,9.3213,18.8631
2026-04-18,Middle Africa,Chad,Moyen-Chari,Battles,Armed clash,1,5,1647,Political violence,545,9.3213,18.8631
2026-05-02,Middle Africa,Chad,Moyen-Chari,Battles,Armed clash,1,0,1647,Political violence,545,9.3213,18.8631
2021-04-24,Middle Africa,Chad,Moyen-Chari,Protests,Excessive force against protesters,1,0,15978,Political violence; Demonstrations,545,9.3213,18.8631
2021-05-01,Middle Africa,Chad,Moyen-Chari,Protests,Excessive force against protesters,1,0,15978,Political violence; Demonstrations,545,9.3213,18.8631
2022-01-22,Middle Africa,Chad,Moyen-Chari,Protests,Peaceful protest,1,0,16658,Demonstrations,545,9.3213,18.8631
2022-02-12,Middle Africa,Chad,Moyen-Chari,Protests,Peaceful protest,2,0,16717,Demonstrations,545,9.3213,18.8631
2022-03-05,Middle Africa,Chad,Moyen-Chari,Protests,Peaceful protest,1,0,59,Demonstrations,545,9.3213,18.8631
2022-04-30,Middle Africa,Chad,Moyen-Chari,Protests,Peaceful protest,1,0,16658,Demonstrations,545,9.3213,18.8631
2024-04-06,Middle Africa,Chad,Moyen-Chari,Protests,Peaceful protest,1,0,18476,Demonstrations,545,9.3213,18.8631
2024-04-27,Middle Africa,Chad,Moyen-Chari,Protests,Peaceful protest,1,0,18476,Demonstrations,545,9.3213,18.8631
2026-05-30,Middle Africa,Chad,Moyen-Chari,Protests,Peaceful protest,1,0,24753,Demonstrations,545,9.3213,18.8631
2021-02-13,Middle Africa,Chad,Moyen-Chari,Protests,Protest with intervention,1,0,15978,Demonstrations,545,9.3213,18.8631
2021-03-20,Middle Africa,Chad,Moyen-Chari,Protests,Protest with intervention,1,0,15978,Demonstrations,545,9.3213,18.8631
2022-05-14,Middle Africa,Chad,Moyen-Chari,Riots,Mob violence,1,4,18063,Political violence,545,9.3213,18.8631
2024-07-06,Middle Africa,Chad,Moyen-Chari,Riots,Mob violence,1,0,62988,Political violence,545,9.3213,18.8631
2024-07-13,Middle Africa,Chad,Moyen-Chari,Riots,Mob violence,1,0,62988,Political violence,545,9.3213,18.8631
2024-09-07,Middle Africa,Chad,Moyen-Chari,Riots,Mob violence,2,1,8715,Political violence,545,9.3213,18.8631
2025-09-27,Middle Africa,Chad,Moyen-Chari,Riots,Mob violence,2,4,65981,Political violence,545,9.3213,18.8631
2025-10-18,Middle Africa,Chad,Moyen-Chari,Riots,Mob violence,1,0,1105,Political violence,545,9.3213,18.8631
2022-02-12,Middle Africa,Chad,Moyen-Chari,Riots,Violent demonstration,1,0,56921,Demonstrations,545,9.3213,18.8631
2024-04-20,Middle Africa,Chad,Moyen-Chari,Riots,Violent demonstration,1,0,62988,Demonstrations,545,9.3213,18.8631
2026-07-04,Middle Africa,Chad,Moyen-Chari,Strategic developments,Agreement,1,0,,Strategic developments,545,9.3213,18.8631
2023-05-13,Middle Africa,Chad,Moyen-Chari,Strategic developments,Arrests,1,0,,Strategic developments,545,9.3213,18.8631
2026-01-10,Middle Africa,Chad,Moyen-Chari,Strategic developments,Change to group/activity,1,0,,Strategic developments,545,9.3213,18.8631
2026-02-14,Middle Africa,Chad,Moyen-Chari,Strategic developments,Change to group/activity,1,0,,Strategic developments,545,9.3213,18.8631
2025-07-05,Middle Africa,Chad,Moyen-Chari,Strategic developments,Disrupted weapons use,1,0,,Strategic developments,545,9.3213,18.8631
2021-04-10,Middle Africa,Chad,Moyen-Chari,Strategic developments,Other,1,0,,Strategic developments,545,9.3213,18.8631
2024-05-18,Middle Africa,Chad,Moyen-Chari,Strategic developments,Other,1,0,,Strategic developments,545,9.3213,18.8631
2025-09-27,Middle Africa,Chad,Moyen-Chari,Strategic developments,Other,1,0,,Strategic developments,545,9.3213,18.8631
2022-02-05,Middle Africa,Chad,Moyen-Chari,Violence against civilians,Attack,1,13,3695,Political violence,545,9.3213,18.8631
2024-03-16,Middle Africa,Chad,Moyen-Chari,Violence against civilians,Attack,1,1,1133,Political violence,545,9.3213,18.8631
2024-08-31,Middle Africa,Chad,Moyen-Chari,Violence against civilians,Attack,1,1,6731,Political violence,545,9.3213,18.8631
2025-12-13,Middle Africa,Chad,Moyen-Chari,Violence against civilians,Attack,2,1,37735,Political violence,545,9.3213,18.8631
2026-01-10,Middle Africa,Chad,Moyen-Chari,Violence against civilians,Attack,5,10,488,Political violence,545,9.3213,18.8631
2026-01-17,Middle Africa,Chad,Moyen-Chari,Violence against civilians,Attack,3,9,19518,Political violence,545,9.3213,18.8631
2026-05-09,Middle Africa,Chad,Moyen-Chari,Violence against civilians,Attack,1,1,4659,Political violence,545,9.3213,18.8631
2025-02-15,Middle Africa,Chad,Moyen-Chari,Violence against civilians,Sexual violence,1,0,6328,Political violence,545,9.3213,18.8631
2026-01-31,Middle Africa,Chad,Moyen-Chari,Violence against civilians,Sexual violence,1,3,3,Political violence,545,9.3213,18.8631
2020-04-25,Middle Africa,Chad,Ndjamena,Battles,Armed clash,1,0,417095,Political violence,546,12.1523,15.0196
2020-06-06,Middle Africa,Chad,Ndjamena,Battles,Armed clash,1,0,417095,Political violence,546,12.1523,15.0196
2020-07-11,Middle Africa,Chad,Ndjamena,Battles,Armed clash,1,0,417095,Political violence,546,12.1523,15.0196
2021-02-27,Middle Africa,Chad,Ndjamena,Battles,Armed clash,1,4,567554,Political violence,546,12.1523,15.0196
2021-07-31,Middle Africa,Chad,Ndjamena,Battles,Armed clash,1,0,429907,Political violence,546,12.1523,15.0196
2023-02-11,Middle Africa,Chad,Ndjamena,Battles,Armed clash,1,0,437721,Political violence,546,12.1523,15.0196
2024-02-24,Middle Africa,Chad,Ndjamena,Battles,Armed clash,1,7,480687,Political violence,546,12.1523,15.0196
2025-01-04,Middle Africa,Chad,Ndjamena,Battles,Armed clash,1,20,498832,Political violence,546,12.1523,15.0196
2020-04-11,Middle Africa,Chad,Ndjamena,Explosions/Remote violence,Air/drone strike,1,5,417095,Political violence,546,12.1523,15.0196
2022-10-15,Middle Africa,Chad,Ndjamena,Explosions/Remote violence,Remote explosive/landmine/IED,1,0,424730,Political violence,546,12.1523,15.0196
2020-03-14,Middle Africa,Chad,Ndjamena,Protests,Excessive force against protesters,1,5,33636,Political violence; Demonstrations,546,12.1523,15.0196
2021-02-13,Middle Africa,Chad,Ndjamena,Protests,Excessive force against protesters,1,2,34691,Political violence; Demonstrations,546,12.1523,15.0196
2021-05-08,Middle Africa,Chad,Ndjamena,Protests,Excessive force against protesters,1,1,34691,Political violence; Demonstrations,546,12.1523,15.0196
2021-07-24,Middle Africa,Chad,Ndjamena,Protests,Excessive force against protesters,1,0,34691,Political violence; Demonstrations,546,12.1523,15.0196
2020-01-25,Middle Africa,Chad,Ndjamena,Protests,Peaceful protest,2,0,33636,Demonstrations,546,12.1523,15.0196
2020-02-15,Middle Africa,Chad,Ndjamena,Protests,Peaceful protest,1,0,33636,Demonstrations,546,12.1523,15.0196
2020-04-11,Middle Africa,Chad,Ndjamena,Protests,Peaceful protest,1,0,33636,Demonstrations,546,12.1523,15.0196
2020-07-25,Middle Africa,Chad,Ndjamena,Protests,Peaceful protest,1,0,,Demonstrations,546,12.1523,15.0196
2020-10-24,Middle Africa,Chad,Ndjamena,Protests,Peaceful protest,1,0,33636,Demonstrations,546,12.1523,15.0196
2020-11-21,Middle Africa,Chad,Ndjamena,Protests,Peaceful protest,1,0,33636,Demonstrations,546,12.1523,15.0196
2021-01-23,Middle Africa,Chad,Ndjamena,Protests,Peaceful protest,1,0,34691,Demonstrations,546,12.1523,15.0196
2021-01-30,Middle Africa,Chad,Ndjamena,Protests,Peaceful protest,1,0,34691,Demonstrations,546,12.1523,15.0196
2021-02-06,Middle Africa,Chad,Ndjamena,Protests,Peaceful protest,1,0,34691,Demonstrations,546,12.1523,15.0196
2021-05-08,Middle Africa,Chad,Ndjamena,Protests,Peaceful protest,1,0,34691,Demonstrations,546,12.1523,15.0196
2021-05-15,Middle Africa,Chad,Ndjamena,Protests,Peaceful protest,4,0,34691,Demonstrations,546,12.1523,15.0196
2021-05-22,Middle Africa,Chad,Ndjamena,Protests,Peaceful protest,1,0,34691,Demonstrations,546,12.1523,15.0196
2021-06-05,Middle Africa,Chad,Ndjamena,Protests,Peaceful protest,1,0,34691,Demonstrations,546,12.1523,15.0196
2021-06-12,Middle Africa,Chad,Ndjamena,Protests,Peaceful protest,1,0,34691,Demonstrations,546,12.1523,15.0196
2021-06-19,Middle Africa,Chad,Ndjamena,Protests,Peaceful protest,2,0,34691,Demonstrations,546,12.1523,15.0196
2021-06-26,Middle Africa,Chad,Ndjamena,Protests,Peaceful protest,1,0,34691,Demonstrations,546,12.1523,15.0196
2021-07-03,Middle Africa,Chad,Ndjamena,Protests,Peaceful protest,2,0,34691,Demonstrations,546,12.1523,15.0196
2021-07-10,Middle Africa,Chad,Ndjamena,Protests,Peaceful protest,1,0,34691,Demonstrations,546,12.1523,15.0196
2021-07-24,Middle Africa,Chad,Ndjamena,Protests,Peaceful protest,4,0,34691,Demonstrations,546,12.1523,15.0196
2021-08-07,Middle Africa,Chad,Ndjamena,Protests,Peaceful protest,1,0,34691,Demonstrations,546,12.1523,15.0196
2021-09-04,Middle Africa,Chad,Ndjamena,Protests,Peaceful protest,1,0,34691,Demonstrations,546,12.1523,15.0196
2021-09-11,Middle Africa,Chad,Ndjamena,Protests,Peaceful protest,2,0,34691,Demonstrations,546,12.1523,15.0196
2021-09-18,Middle Africa,Chad,Ndjamena,Protests,Peaceful protest,1,0,34691,Demonstrations,546,12.1523,15.0196
2021-09-25,Middle Africa,Chad,Ndjamena,Protests,Peaceful protest,1,0,34691,Demonstrations,546,12.1523,15.0196
2021-10-09,Middle Africa,Chad,Ndjamena,Protests,Peaceful protest,1,0,34691,Demonstrations,546,12.1523,15.0196
2021-10-16,Middle Africa,Chad,Ndjamena,Protests,Peaceful protest,1,0,34691,Demonstrations,546,12.1523,15.0196
2021-10-23,Middle Africa,Chad,Ndjamena,Protests,Peaceful protest,1,0,34691,Demonstrations,546,12.1523,15.0196
2021-10-30,Middle Africa,Chad,Ndjamena,Protests,Peaceful protest,1,0,34691,Demonstrations,546,12.1523,15.0196
2021-11-06,Middle Africa,Chad,Ndjamena,Protests,Peaceful protest,1,0,34691,Demonstrations,546,12.1523,15.0196
2021-12-04,Middle Africa,Chad,Ndjamena,Protests,Peaceful protest,1,0,34691,Demonstrations,546,12.1523,15.0196
2021-12-11,Middle Africa,Chad,Ndjamena,Protests,Peaceful protest,2,0,34691,Demonstrations,546,12.1523,15.0196
2021-12-18,Middle Africa,Chad,Ndjamena,Protests,Peaceful protest,2,0,34691,Demonstrations,546,12.1523,15.0196
2022-01-01,Middle Africa,Chad,Ndjamena,Protests,Peaceful protest,1,0,35826,Demonstrations,546,12.1523,15.0196
2022-01-08,Middle Africa,Chad,Ndjamena,Protests,Peaceful protest,1,0,35826,Demonstrations,546,12.1523,15.0196
2022-01-22,Middle Africa,Chad,Ndjamena,Protests,Peaceful protest,1,0,35826,Demonstrations,546,12.1523,15.0196
2022-01-29,Middle Africa,Chad,Ndjamena,Protests,Peaceful protest,1,0,35826,Demonstrations,546,12.1523,15.0196
2022-02-05,Middle Africa,Chad,Ndjamena,Protests,Peaceful protest,1,0,35826,Demonstrations,546,12.1523,15.0196
2022-02-12,Middle Africa,Chad,Ndjamena,Protests,Peaceful protest,1,0,35826,Demonstrations,546,12.1523,15.0196
2022-02-19,Middle Africa,Chad,Ndjamena,Protests,Peaceful protest,2,0,35826,Demonstrations,546,12.1523,15.0196
2022-02-26,Middle Africa,Chad,Ndjamena,Protests,Peaceful protest,1,0,35826,Demonstrations,546,12.1523,15.0196
2022-03-05,Middle Africa,Chad,Ndjamena,Protests,Peaceful protest,4,0,35826,Demonstrations,546,12.1523,15.0196
2022-03-12,Middle Africa,Chad,Ndjamena,Protests,Peaceful protest,1,0,35826,Demonstrations,546,12.1523,15.0196
2022-03-19,Middle Africa,Chad,Ndjamena,Protests,Peaceful protest,5,0,35826,Demonstrations,546,12.1523,15.0196
2022-03-26,Middle Africa,Chad,Ndjamena,Protests,Peaceful protest,1,0,35826,Demonstrations,546,12.1523,15.0196
2022-04-02,Middle Africa,Chad,Ndjamena,Protests,Peaceful protest,1,0,35826,Demonstrations,546,12.1523,15.0196
2022-04-09,Middle Africa,Chad,Ndjamena,Protests,Peaceful protest,1,0,35826,Demonstrations,546,12.1523,15.0196
2022-04-23,Middle Africa,Chad,Ndjamena,Protests,Peaceful protest,1,0,35826,Demonstrations,546,12.1523,15.0196
2022-04-30,Middle Africa,Chad,Ndjamena,Protests,Peaceful protest,1,0,35826,Demonstrations,546,12.1523,15.0196
2022-05-14,Middle Africa,Chad,Ndjamena,Protests,Peaceful protest,1,0,35826,Demonstrations,546,12.1523,15.0196
2022-06-11,Middle Africa,Chad,Ndjamena,Protests,Peaceful protest,3,0,35826,Demonstrations,546,12.1523,15.0196
2022-06-25,Middle Africa,Chad,Ndjamena,Protests,Peaceful protest,2,0,35826,Demonstrations,546,12.1523,15.0196
2022-07-16,Middle Africa,Chad,Ndjamena,Protests,Peaceful protest,2,0,35826,Demonstrations,546,12.1523,15.0196
2022-07-23,Middle Africa,Chad,Ndjamena,Protests,Peaceful protest,2,0,35826,Demonstrations,546,12.1523,15.0196
2022-08-20,Middle Africa,Chad,Ndjamena,Protests,Peaceful protest,1,0,35826,Demonstrations,546,12.1523,15.0196
2022-08-27,Middle Africa,Chad,Ndjamena,Protests,Peaceful protest,1,0,35826,Demonstrations,546,12.1523,15.0196
2022-09-10,Middle Africa,Chad,Ndjamena,Protests,Peaceful protest,2,0,35826,Demonstrations,546,12.1523,15.0196
2022-10-01,Middle Africa,Chad,Ndjamena,Protests,Peaceful protest,1,0,35826,Demonstrations,546,12.1523,15.0196
2022-10-29,Middle Africa,Chad,Ndjamena,Protests,Peaceful protest,1,0,35826,Demonstrations,546,12.1523,15.0196
2022-12-31,Middle Africa,Chad,Ndjamena,Protests,Peaceful protest,3,0,36923,Demonstrations,546,12.1523,15.0196
2023-01-07,Middle Africa,Chad,Ndjamena,Protests,Peaceful protest,2,0,36923,Demonstrations,546,12.1523,15.0196
2023-01-28,Middle Africa,Chad,Ndjamena,Protests,Peaceful protest,1,0,36923,Demonstrations,546,12.1523,15.0196
2023-02-04,Middle Africa,Chad,Ndjamena,Protests,Peaceful protest,1,0,36923,Demonstrations,546,12.1523,15.0196
2023-02-18,Middle Africa,Chad,Ndjamena,Protests,Peaceful protest,2,0,36923,Demonstrations,546,12.1523,15.0196
2023-02-25,Middle Africa,Chad,Ndjamena,Protests,Peaceful protest,2,0,36923,Demonstrations,546,12.1523,15.0196
2023-04-29,Middle Africa,Chad,Ndjamena,Protests,Peaceful protest,1,0,36923,Demonstrations,546,12.1523,15.0196
2023-05-06,Middle Africa,Chad,Ndjamena,Protests,Peaceful protest,2,0,36923,Demonstrations,546,12.1523,15.0196
2023-06-10,Middle Africa,Chad,Ndjamena,Protests,Peaceful protest,1,0,36923,Demonstrations,546,12.1523,15.0196
2023-06-17,Middle Africa,Chad,Ndjamena,Protests,Peaceful protest,1,0,36923,Demonstrations,546,12.1523,15.0196
2023-07-15,Middle Africa,Chad,Ndjamena,Protests,Peaceful protest,1,0,36923,Demonstrations,546,12.1523,15.0196
2023-07-29,Middle Africa,Chad,Ndjamena,Protests,Peaceful protest,1,0,36923,Demonstrations,546,12.1523,15.0196
2023-08-26,Middle Africa,Chad,Ndjamena,Protests,Peaceful protest,2,0,36923,Demonstrations,546,12.1523,15.0196
2023-09-09,Middle Africa,Chad,Ndjamena,Protests,Peaceful protest,3,0,36923,Demonstrations,546,12.1523,15.0196
2023-09-16,Middle Africa,Chad,Ndjamena,Protests,Peaceful protest,1,0,36923,Demonstrations,546,12.1523,15.0196
2023-10-21,Middle Africa,Chad,Ndjamena,Protests,Peaceful protest,1,0,36923,Demonstrations,546,12.1523,15.0196
2024-03-16,Middle Africa,Chad,Ndjamena,Protests,Peaceful protest,1,0,38883,Demonstrations,546,12.1523,15.0196
2024-03-30,Middle Africa,Chad,Ndjamena,Protests,Peaceful protest,1,0,38883,Demonstrations,546,12.1523,15.0196
2024-04-27,Middle Africa,Chad,Ndjamena,Protests,Peaceful protest,1,0,38883,Demonstrations,546,12.1523,15.0196
2024-06-08,Middle Africa,Chad,Ndjamena,Protests,Peaceful protest,1,0,38883,Demonstrations,546,12.1523,15.0196
2024-07-06,Middle Africa,Chad,Ndjamena,Protests,Peaceful protest,1,0,38883,Demonstrations,546,12.1523,15.0196
2024-09-21,Middle Africa,Chad,Ndjamena,Protests,Peaceful protest,1,0,38883,Demonstrations,546,12.1523,15.0196
2024-11-30,Middle Africa,Chad,Ndjamena,Protests,Peaceful protest,1,0,38883,Demonstrations,546,12.1523,15.0196
2025-01-04,Middle Africa,Chad,Ndjamena,Protests,Peaceful protest,1,0,40386,Demonstrations,546,12.1523,15.0196
2025-02-22,Middle Africa,Chad,Ndjamena,Protests,Peaceful protest,1,0,40386,Demonstrations,546,12.1523,15.0196
2025-03-08,Middle Africa,Chad,Ndjamena,Protests,Peaceful protest,2,0,40386,Demonstrations,546,12.1523,15.0196
2025-04-12,Middle Africa,Chad,Ndjamena,Protests,Peaceful protest,1,0,40386,Demonstrations,546,12.1523,15.0196
2025-04-26,Middle Africa,Chad,Ndjamena,Protests,Peaceful protest,1,0,40386,Demonstrations,546,12.1523,15.0196
2025-05-03,Middle Africa,Chad,Ndjamena,Protests,Peaceful protest,1,0,40386,Demonstrations,546,12.1523,15.0196
2025-06-28,Middle Africa,Chad,Ndjamena,Protests,Peaceful protest,3,0,40386,Demonstrations,546,12.1523,15.0196
2025-08-02,Middle Africa,Chad,Ndjamena,Protests,Peaceful protest,1,0,40386,Demonstrations,546,12.1523,15.0196
2025-11-22,Middle Africa,Chad,Ndjamena,Protests,Peaceful protest,1,0,40386,Demonstrations,546,12.1523,15.0196
2026-03-28,Middle Africa,Chad,Ndjamena,Protests,Peaceful protest,1,0,41358,Demonstrations,546,12.1523,15.0196
2026-04-25,Middle Africa,Chad,Ndjamena,Protests,Peaceful protest,1,0,41358,Demonstrations,546,12.1523,15.0196
2020-01-04,Middle Africa,Chad,Ndjamena,Protests,Protest with intervention,1,0,33636,Demonstrations,546,12.1523,15.0196
2020-02-08,Middle Africa,Chad,Ndjamena,Protests,Protest with intervention,1,0,33636,Demonstrations,546,12.1523,15.0196
2020-03-07,Middle Africa,Chad,Ndjamena,Protests,Protest with intervention,1,0,33636,Demonstrations,546,12.1523,15.0196
2020-08-15,Middle Africa,Chad,Ndjamena,Protests,Protest with intervention,1,0,33636,Demonstrations,546,12.1523,15.0196
2020-10-31,Middle Africa,Chad,Ndjamena,Protests,Protest with intervention,1,0,33636,Demonstrations,546,12.1523,15.0196
2020-11-07,Middle Africa,Chad,Ndjamena,Protests,Protest with intervention,1,0,33636,Demonstrations,546,12.1523,15.0196
2020-12-05,Middle Africa,Chad,Ndjamena,Protests,Protest with intervention,1,0,33636,Demonstrations,546,12.1523,15.0196
2020-12-19,Middle Africa,Chad,Ndjamena,Protests,Protest with intervention,1,0,33636,Demonstrations,546,12.1523,15.0196
2021-02-06,Middle Africa,Chad,Ndjamena,Protests,Protest with intervention,2,0,34691,Demonstrations,546,12.1523,15.0196
2021-03-13,Middle Africa,Chad,Ndjamena,Protests,Protest with intervention,1,0,34691,Demonstrations,546,12.1523,15.0196
2021-03-20,Middle Africa,Chad,Ndjamena,Protests,Protest with intervention,2,0,34691,Demonstrations,546,12.1523,15.0196
2021-03-27,Middle Africa,Chad,Ndjamena,Protests,Protest with intervention,1,0,34691,Demonstrations,546,12.1523,15.0196
2021-04-24,Middle Africa,Chad,Ndjamena,Protests,Protest with intervention,2,0,34691,Demonstrations,546,12.1523,15.0196
2021-05-15,Middle Africa,Chad,Ndjamena,Protests,Protest with intervention,1,0,34691,Demonstrations,546,12.1523,15.0196
2021-06-05,Middle Africa,Chad,Ndjamena,Protests,Protest with intervention,2,0,34691,Demonstrations,546,12.1523,15.0196
2021-06-19,Middle Africa,Chad,Ndjamena,Protests,Protest with intervention,1,0,34691,Demonstrations,546,12.1523,15.0196
2021-07-03,Middle Africa,Chad,Ndjamena,Protests,Protest with intervention,1,0,34691,Demonstrations,546,12.1523,15.0196
2021-07-17,Middle Africa,Chad,Ndjamena,Protests,Protest with intervention,1,0,34691,Demonstrations,546,12.1523,15.0196
2021-10-09,Middle Africa,Chad,Ndjamena,Protests,Protest with intervention,2,0,34691,Demonstrations,546,12.1523,15.0196
2021-11-20,Middle Africa,Chad,Ndjamena,Protests,Protest with intervention,1,0,34691,Demonstrations,546,12.1523,15.0196
2022-01-01,Middle Africa,Chad,Ndjamena,Protests,Protest with intervention,1,0,35826,Demonstrations,546,12.1523,15.0196
2022-01-15,Middle Africa,Chad,Ndjamena,Protests,Protest with intervention,2,0,35826,Demonstrations,546,12.1523,15.0196
2022-01-22,Middle Africa,Chad,Ndjamena,Protests,Protest with intervention,3,0,35826,Demonstrations,546,12.1523,15.0196
2022-01-29,Middle Africa,Chad,Ndjamena,Protests,Protest with intervention,1,0,35826,Demonstrations,546,12.1523,15.0196
2022-02-12,Middle Africa,Chad,Ndjamena,Protests,Protest with intervention,1,0,35826,Demonstrations,546,12.1523,15.0196
2022-02-19,Middle Africa,Chad,Ndjamena,Protests,Protest with intervention,1,0,35826,Demonstrations,546,12.1523,15.0196
2022-03-12,Middle Africa,Chad,Ndjamena,Protests,Protest with intervention,1,0,35826,Demonstrations,546,12.1523,15.0196
2022-04-02,Middle Africa,Chad,Ndjamena,Protests,Protest with intervention,1,0,35826,Demonstrations,546,12.1523,15.0196
2022-04-09,Middle Africa,Chad,Ndjamena,Protests,Protest with intervention,1,0,35826,Demonstrations,546,12.1523,15.0196
2022-06-25,Middle Africa,Chad,Ndjamena,Protests,Protest with intervention,1,0,35826,Demonstrations,546,12.1523,15.0196
2022-07-23,Middle Africa,Chad,Ndjamena,Protests,Protest with intervention,1,0,35826,Demonstrations,546,12.1523,15.0196
2022-08-27,Middle Africa,Chad,Ndjamena,Protests,Protest with intervention,1,0,35826,Demonstrations,546,12.1523,15.0196
2022-09-03,Middle Africa,Chad,Ndjamena,Protests,Protest with intervention,1,0,35826,Demonstrations,546,12.1523,15.0196
2022-10-15,Middle Africa,Chad,Ndjamena,Protests,Protest with intervention,1,0,35826,Demonstrations,546,12.1523,15.0196
2023-01-07,Middle Africa,Chad,Ndjamena,Protests,Protest with intervention,1,0,36923,Demonstrations,546,12.1523,15.0196
2023-06-24,Middle Africa,Chad,Ndjamena,Protests,Protest with intervention,1,0,36923,Demonstrations,546,12.1523,15.0196
2024-01-27,Middle Africa,Chad,Ndjamena,Protests,Protest with intervention,2,0,38883,Demonstrations,546,12.1523,15.0196
2024-02-17,Middle Africa,Chad,Ndjamena,Protests,Protest with intervention,1,0,38883,Demonstrations,546,12.1523,15.0196
2024-06-15,Middle Africa,Chad,Ndjamena,Protests,Protest with intervention,1,0,38883,Demonstrations,546,12.1523,15.0196
2024-08-17,Middle Africa,Chad,Ndjamena,Protests,Protest with intervention,1,0,38883,Demonstrations,546,12.1523,15.0196
2025-10-25,Middle Africa,Chad,Ndjamena,Protests,Protest with intervention,1,0,40386,Demonstrations,546,12.1523,15.0196
2020-06-13,Middle Africa,Chad,Ndjamena,Riots,Mob violence,1,1,94885,Political violence,546,12.1523,15.0196
2020-07-11,Middle Africa,Chad,Ndjamena,Riots,Mob violence,1,0,94885,Political violence,546,12.1523,15.0196
2021-04-03,Middle Africa,Chad,Ndjamena,Riots,Mob violence,1,0,97859,Political violence,546,12.1523,15.0196
2021-06-12,Middle Africa,Chad,Ndjamena,Riots,Mob violence,1,0,97859,Political violence,546,12.1523,15.0196
2021-07-24,Middle Africa,Chad,Ndjamena,Riots,Mob violence,1,0,97859,Political violence,546,12.1523,15.0196
2022-01-15,Middle Africa,Chad,Ndjamena,Riots,Mob violence,1,0,101062,Political violence,546,12.1523,15.0196
2022-03-05,Middle Africa,Chad,Ndjamena,Riots,Mob violence,1,0,101062,Political violence,546,12.1523,15.0196
2022-04-16,Middle Africa,Chad,Ndjamena,Riots,Mob violence,1,0,101062,Political violence,546,12.1523,15.0196
2022-08-20,Middle Africa,Chad,Ndjamena,Riots,Mob violence,1,1,101062,Political violence,546,12.1523,15.0196
2022-09-24,Middle Africa,Chad,Ndjamena,Riots,Mob violence,1,0,101062,Political violence,546,12.1523,15.0196
2022-10-15,Middle Africa,Chad,Ndjamena,Riots,Mob violence,1,0,101062,Political violence,546,12.1523,15.0196
2023-02-18,Middle Africa,Chad,Ndjamena,Riots,Mob violence,1,0,104162,Political violence,546,12.1523,15.0196
2023-04-29,Middle Africa,Chad,Ndjamena,Riots,Mob violence,1,0,104162,Political violence,546,12.1523,15.0196
2023-07-01,Middle Africa,Chad,Ndjamena,Riots,Mob violence,2,0,104162,Political violence,546,12.1523,15.0196
2023-07-15,Middle Africa,Chad,Ndjamena,Riots,Mob violence,1,0,104162,Political violence,546,12.1523,15.0196
2024-01-20,Middle Africa,Chad,Ndjamena,Riots,Mob violence,1,0,109664,Political violence,546,12.1523,15.0196
2024-03-16,Middle Africa,Chad,Ndjamena,Riots,Mob violence,1,0,109664,Political violence,546,12.1523,15.0196
2025-04-12,Middle Africa,Chad,Ndjamena,Riots,Mob violence,1,0,113891,Political violence,546,12.1523,15.0196
2025-04-19,Middle Africa,Chad,Ndjamena,Riots,Mob violence,1,0,113891,Political violence,546,12.1523,15.0196
2026-01-31,Middle Africa,Chad,Ndjamena,Riots,Mob violence,1,2,116638,Political violence,546,12.1523,15.0196
2026-02-28,Middle Africa,Chad,Ndjamena,Riots,Mob violence,1,0,116638,Political violence,546,12.1523,15.0196
2026-05-09,Middle Africa,Chad,Ndjamena,Riots,Mob violence,1,1,116638,Political violence,546,12.1523,15.0196
2026-05-16,Middle Africa,Chad,Ndjamena,Riots,Mob violence,1,0,116638,Political violence,546,12.1523,15.0196
2026-07-11,Middle Africa,Chad,Ndjamena,Riots,Mob violence,2,0,116638,Political violence,546,12.1523,15.0196
2020-01-04,Middle Africa,Chad,Ndjamena,Riots,Violent demonstration,1,0,94885,Demonstrations,546,12.1523,15.0196
2020-01-18,Middle Africa,Chad,Ndjamena,Riots,Violent demonstration,1,0,94885,Demonstrations,546,12.1523,15.0196
2020-03-07,Middle Africa,Chad,Ndjamena,Riots,Violent demonstration,1,0,94885,Demonstrations,546,12.1523,15.0196
2021-01-23,Middle Africa,Chad,Ndjamena,Riots,Violent demonstration,1,0,97859,Demonstrations,546,12.1523,15.0196
2021-02-13,Middle Africa,Chad,Ndjamena,Riots,Violent demonstration,2,0,97859,Demonstrations,546,12.1523,15.0196
2021-03-06,Middle Africa,Chad,Ndjamena,Riots,Violent demonstration,1,0,97859,Demonstrations,546,12.1523,15.0196
2021-03-27,Middle Africa,Chad,Ndjamena,Riots,Violent demonstration,2,0,97859,Demonstrations,546,12.1523,15.0196
2021-04-24,Middle Africa,Chad,Ndjamena,Riots,Violent demonstration,1,6,97859,Demonstrations,546,12.1523,15.0196
2021-05-15,Middle Africa,Chad,Ndjamena,Riots,Violent demonstration,1,0,97859,Demonstrations,546,12.1523,15.0196
2021-05-22,Middle Africa,Chad,Ndjamena,Riots,Violent demonstration,1,0,97859,Demonstrations,546,12.1523,15.0196
2021-10-02,Middle Africa,Chad,Ndjamena,Riots,Violent demonstration,1,1,97859,Demonstrations,546,12.1523,15.0196
2021-11-20,Middle Africa,Chad,Ndjamena,Riots,Violent demonstration,1,0,97859,Demonstrations,546,12.1523,15.0196
2021-11-27,Middle Africa,Chad,Ndjamena,Riots,Violent demonstration,1,0,97859,Demonstrations,546,12.1523,15.0196
2021-12-04,Middle Africa,Chad,Ndjamena,Riots,Violent demonstration,1,0,97859,Demonstrations,546,12.1523,15.0196
2022-01-15,Middle Africa,Chad,Ndjamena,Riots,Violent demonstration,1,0,101062,Demonstrations,546,12.1523,15.0196
2022-01-22,Middle Africa,Chad,Ndjamena,Riots,Violent demonstration,1,0,101062,Demonstrations,546,12.1523,15.0196
2022-03-19,Middle Africa,Chad,Ndjamena,Riots,Violent demonstration,1,0,101062,Demonstrations,546,12.1523,15.0196
2022-04-02,Middle Africa,Chad,Ndjamena,Riots,Violent demonstration,2,0,101062,Demonstrations,546,12.1523,15.0196
2022-05-14,Middle Africa,Chad,Ndjamena,Riots,Violent demonstration,3,0,101062,Demonstrations,546,12.1523,15.0196
2022-06-04,Middle Africa,Chad,Ndjamena,Riots,Violent demonstration,1,0,101062,Demonstrations,546,12.1523,15.0196
2022-07-09,Middle Africa,Chad,Ndjamena,Riots,Violent demonstration,1,0,101062,Demonstrations,546,12.1523,15.0196
2022-08-13,Middle Africa,Chad,Ndjamena,Riots,Violent demonstration,1,0,101062,Demonstrations,546,12.1523,15.0196
2022-08-20,Middle Africa,Chad,Ndjamena,Riots,Violent demonstration,1,0,101062,Demonstrations,546,12.1523,15.0196
2022-09-03,Middle Africa,Chad,Ndjamena,Riots,Violent demonstration,1,0,101062,Demonstrations,546,12.1523,15.0196
2022-10-15,Middle Africa,Chad,Ndjamena,Riots,Violent demonstration,1,73,101062,Demonstrations,546,12.1523,15.0196
2024-02-24,Middle Africa,Chad,Ndjamena,Riots,Violent demonstration,1,9,109664,Demonstrations,546,12.1523,15.0196
2022-08-06,Middle Africa,Chad,Ndjamena,Strategic developments,Agreement,1,0,,Strategic developments,546,12.1523,15.0196
2023-03-25,Middle Africa,Chad,Ndjamena,Strategic developments,Agreement,1,0,,Strategic developments,546,12.1523,15.0196
2025-04-19,Middle Africa,Chad,Ndjamena,Strategic developments,Agreement,1,0,,Strategic developments,546,12.1523,15.0196
2025-10-25,Middle Africa,Chad,Ndjamena,Strategic developments,Agreement,1,0,,Strategic developments,546,12.1523,15.0196
2025-11-15,Middle Africa,Chad,Ndjamena,Strategic developments,Agreement,1,0,,Strategic developments,546,12.1523,15.0196
2022-08-27,Middle Africa,Chad,Ndjamena,Strategic developments,Arrests,1,0,,Strategic developments,546,12.1523,15.0196
2022-10-15,Middle Africa,Chad,Ndjamena,Strategic developments,Arrests,1,0,,Strategic developments,546,12.1523,15.0196
2022-12-03,Middle Africa,Chad,Ndjamena,Strategic developments,Arrests,1,0,,Strategic developments,546,12.1523,15.0196
2022-12-24,Middle Africa,Chad,Ndjamena,Strategic developments,Arrests,1,0,,Strategic developments,546,12.1523,15.0196
2023-03-18,Middle Africa,Chad,Ndjamena,Strategic developments,Arrests,1,0,,Strategic developments,546,12.1523,15.0196
2023-10-07,Middle Africa,Chad,Ndjamena,Strategic developments,Arrests,1,0,,Strategic developments,546,12.1523,15.0196
2024-01-13,Middle Africa,Chad,Ndjamena,Strategic developments,Arrests,1,0,,Strategic developments,546,12.1523,15.0196
2024-03-23,Middle Africa,Chad,Ndjamena,Strategic developments,Arrests,1,0,,Strategic developments,546,12.1523,15.0196
2024-04-06,Middle Africa,Chad,Ndjamena,Strategic developments,Arrests,1,0,,Strategic developments,546,12.1523,15.0196
2024-08-03,Middle Africa,Chad,Ndjamena,Strategic developments,Arrests,1,0,,Strategic developments,546,12.1523,15.0196
2024-09-14,Middle Africa,Chad,Ndjamena,Strategic developments,Arrests,2,0,,Strategic developments,546,12.1523,15.0196
2025-03-01,Middle Africa,Chad,Ndjamena,Strategic developments,Arrests,1,0,,Strategic developments,546,12.1523,15.0196
2025-03-08,Middle Africa,Chad,Ndjamena,Strategic developments,Arrests,1,0,,Strategic developments,546,12.1523,15.0196
2025-05-10,Middle Africa,Chad,Ndjamena,Strategic developments,Arrests,1,0,,Strategic developments,546,12.1523,15.0196
2025-07-19,Middle Africa,Chad,Ndjamena,Strategic developments,Arrests,1,0,,Strategic developments,546,12.1523,15.0196
2026-01-03,Middle Africa,Chad,Ndjamena,Strategic developments,Arrests,2,0,,Strategic developments,546,12.1523,15.0196
2026-04-04,Middle Africa,Chad,Ndjamena,Strategic developments,Arrests,1,0,,Strategic developments,546,12.1523,15.0196
2026-04-25,Middle Africa,Chad,Ndjamena,Strategic developments,Arrests,1,0,,Strategic developments,546,12.1523,15.0196
2026-06-13,Middle Africa,Chad,Ndjamena,Strategic developments,Arrests,1,0,,Strategic developments,546,12.1523,15.0196
2026-08-22,Middle Africa,Chad,Ndjamena,Strategic developments,Arrests,1,0,,Strategic developments,546,12.1523,15.0196
2020-03-28,Middle Africa,Chad,Ndjamena,Strategic developments,Change to group/activity,1,0,,Strategic developments,546,12.1523,15.0196
2020-04-18,Middle Africa,Chad,Ndjamena,Strategic developments,Change to group/activity,1,0,,Strategic developments,546,12.1523,15.0196
2020-05-02,Middle Africa,Chad,Ndjamena,Strategic developments,Change to group/activity,1,0,,Strategic developments,546,12.1523,15.0196
2021-02-13,Middle Africa,Chad,Ndjamena,Strategic developments,Change to group/activity,1,0,,Strategic developments,546,12.1523,15.0196
2021-03-27,Middle Africa,Chad,Ndjamena,Strategic developments,Change to group/activity,1,0,,Strategic developments,546,12.1523,15.0196
2022-10-15,Middle Africa,Chad,Ndjamena,Strategic developments,Change to group/activity,1,0,,Strategic developments,546,12.1523,15.0196
2025-02-08,Middle Africa,Chad,Ndjamena,Strategic developments,Change to group/activity,1,0,,Strategic developments,546,12.1523,15.0196
2025-09-20,Middle Africa,Chad,Ndjamena,Strategic developments,Change to group/activity,1,0,,Strategic developments,546,12.1523,15.0196
2025-10-18,Middle Africa,Chad,Ndjamena,Strategic developments,Change to group/activity,1,0,,Strategic developments,546,12.1523,15.0196
2026-01-10,Middle Africa,Chad,Ndjamena,Strategic developments,Change to group/activity,1,0,,Strategic developments,546,12.1523,15.0196
2026-02-21,Middle Africa,Chad,Ndjamena,Strategic developments,Change to group/activity,1,0,,Strategic developments,546,12.1523,15.0196
2026-03-21,Middle Africa,Chad,Ndjamena,Strategic developments,Change to group/activity,1,0,,Strategic developments,546,12.1523,15.0196
2026-04-18,Middle Africa,Chad,Ndjamena,Strategic developments,Change to group/activity,1,0,,Strategic developments,546,12.1523,15.0196
2026-04-25,Middle Africa,Chad,Ndjamena,Strategic developments,Change to group/activity,1,0,,Strategic developments,546,12.1523,15.0196
2021-08-28,Middle Africa,Chad,Ndjamena,Strategic developments,Disrupted weapons use,1,0,,Strategic developments,546,12.1523,15.0196
2022-10-22,Middle Africa,Chad,Ndjamena,Strategic developments,Disrupted weapons use,1,0,,Strategic developments,546,12.1523,15.0196
2026-01-17,Middle Africa,Chad,Ndjamena,Strategic developments,Disrupted weapons use,1,0,,Strategic developments,546,12.1523,15.0196
2026-07-25,Middle Africa,Chad,Ndjamena,Strategic developments,Disrupted weapons use,1,0,,Strategic developments,546,12.1523,15.0196
2025-01-25,Middle Africa,Chad,Ndjamena,Strategic developments,Headquarters or base established,1,0,,Strategic developments,546,12.1523,15.0196
2021-12-04,Middle Africa,Chad,Ndjamena,Strategic developments,Looting/property destruction,1,0,,Strategic developments,546,12.1523,15.0196
2025-10-25,Middle Africa,Chad,Ndjamena,Strategic developments,Looting/property destruction,1,0,,Strategic developments,546,12.1523,15.0196
2020-03-21,Middle Africa,Chad,Ndjamena,Strategic developments,Other,1,0,,Strategic developments,546,12.1523,15.0196
2021-04-17,Middle Africa,Chad,Ndjamena,Strategic developments,Other,2,0,,Strategic developments,546,12.1523,15.0196
2021-09-18,Middle Africa,Chad,Ndjamena,Strategic developments,Other,1,0,,Strategic developments,546,12.1523,15.0196
2022-01-15,Middle Africa,Chad,Ndjamena,Strategic developments,Other,1,0,,Strategic developments,546,12.1523,15.0196
2022-05-21,Middle Africa,Chad,Ndjamena,Strategic developments,Other,1,0,,Strategic developments,546,12.1523,15.0196
2022-09-03,Middle Africa,Chad,Ndjamena,Strategic developments,Other,1,0,,Strategic developments,546,12.1523,15.0196
2022-10-08,Middle Africa,Chad,Ndjamena,Strategic developments,Other,1,0,,Strategic developments,546,12.1523,15.0196
2022-11-05,Middle Africa,Chad,Ndjamena,Strategic developments,Other,1,0,,Strategic developments,546,12.1523,15.0196
2023-01-07,Middle Africa,Chad,Ndjamena,Strategic developments,Other,1,0,,Strategic developments,546,12.1523,15.0196
2023-03-18,Middle Africa,Chad,Ndjamena,Strategic developments,Other,1,0,,Strategic developments,546,12.1523,15.0196
2023-03-25,Middle Africa,Chad,Ndjamena,Strategic developments,Other,1,0,,Strategic developments,546,12.1523,15.0196
2023-05-06,Middle Africa,Chad,Ndjamena,Strategic developments,Other,1,0,,Strategic developments,546,12.1523,15.0196
2023-07-15,Middle Africa,Chad,Ndjamena,Strategic developments,Other,1,0,,Strategic developments,546,12.1523,15.0196
2023-09-30,Middle Africa,Chad,Ndjamena,Strategic developments,Other,1,0,,Strategic developments,546,12.1523,15.0196
2023-12-16,Middle Africa,Chad,Ndjamena,Strategic developments,Other,1,0,,Strategic developments,546,12.1523,15.0196
2024-05-04,Middle Africa,Chad,Ndjamena,Strategic developments,Other,1,0,,Strategic developments,546,12.1523,15.0196
2024-11-23,Middle Africa,Chad,Ndjamena,Strategic developments,Other,1,0,,Strategic developments,546,12.1523,15.0196
2024-12-21,Middle Africa,Chad,Ndjamena,Strategic developments,Other,1,0,,Strategic developments,546,12.1523,15.0196
2024-12-28,Middle Africa,Chad,Ndjamena,Strategic developments,Other,2,0,,Strategic developments,546,12.1523,15.0196
2025-02-15,Middle Africa,Chad,Ndjamena,Strategic developments,Other,1,0,,Strategic developments,546,12.1523,15.0196
2025-08-09,Middle Africa,Chad,Ndjamena,Strategic developments,Other,1,0,,Strategic developments,546,12.1523,15.0196
2025-09-13,Middle Africa,Chad,Ndjamena,Strategic developments,Other,2,0,,Strategic developments,546,12.1523,15.0196
2025-09-27,Middle Africa,Chad,Ndjamena,Strategic developments,Other,1,0,,Strategic developments,546,12.1523,15.0196
2025-10-04,Middle Africa,Chad,Ndjamena,Strategic developments,Other,1,0,,Strategic developments,546,12.1523,15.0196
2025-10-25,Middle Africa,Chad,Ndjamena,Strategic developments,Other,2,0,,Strategic developments,546,12.1523,15.0196
2025-11-08,Middle Africa,Chad,Ndjamena,Strategic developments,Other,2,0,,Strategic developments,546,12.1523,15.0196
2025-11-22,Middle Africa,Chad,Ndjamena,Strategic developments,Other,1,0,,Strategic developments,546,12.1523,15.0196
2025-12-13,Middle Africa,Chad,Ndjamena,Strategic developments,Other,1,0,,Strategic developments,546,12.1523,15.0196
2025-12-20,Middle Africa,Chad,Ndjamena,Strategic developments,Other,1,0,,Strategic developments,546,12.1523,15.0196
2026-01-03,Middle Africa,Chad,Ndjamena,Strategic developments,Other,2,0,,Strategic developments,546,12.1523,15.0196
2026-01-24,Middle Africa,Chad,Ndjamena,Strategic developments,Other,1,0,,Strategic developments,546,12.1523,15.0196
2026-01-31,Middle Africa,Chad,Ndjamena,Strategic developments,Other,2,0,,Strategic developments,546,12.1523,15.0196
2026-03-07,Middle Africa,Chad,Ndjamena,Strategic developments,Other,1,0,,Strategic developments,546,12.1523,15.0196
2026-03-28,Middle Africa,Chad,Ndjamena,Strategic developments,Other,1,0,,Strategic developments,546,12.1523,15.0196
2026-04-18,Middle Africa,Chad,Ndjamena,Strategic developments,Other,1,0,,Strategic developments,546,12.1523,15.0196
2026-05-02,Middle Africa,Chad,Ndjamena,Strategic developments,Other,1,0,,Strategic developments,546,12.1523,15.0196
2026-07-25,Middle Africa,Chad,Ndjamena,Strategic developments,Other,1,0,,Strategic developments,546,12.1523,15.0196
2026-08-01,Middle Africa,Chad,Ndjamena,Strategic developments,Other,1,0,,Strategic developments,546,12.1523,15.0196
2023-12-02,Middle Africa,Chad,Ndjamena,Violence against civilians,Abduction/forced disappearance,1,0,104162,Political violence,546,12.1523,15.0196
2024-09-14,Middle Africa,Chad,Ndjamena,Violence against civilians,Abduction/forced disappearance,1,0,109664,Political violence,546,12.1523,15.0196
2026-02-14,Middle Africa,Chad,Ndjamena,Violence against civilians,Abduction/forced disappearance,1,0,116638,Political violence,546,12.1523,15.0196
2020-01-18,Middle Africa,Chad,Ndjamena,Violence against civilians,Attack,2,2,417095,Political violence,546,12.1523,15.0196
2020-03-21,Middle Africa,Chad,Ndjamena,Violence against civilians,Attack,1,0,94885,Political violence,546,12.1523,15.0196
2020-04-25,Middle Africa,Chad,Ndjamena,Violence against civilians,Attack,1,1,417095,Political violence,546,12.1523,15.0196
2020-07-25,Middle Africa,Chad,Ndjamena,Violence against civilians,Attack,1,1,417095,Political violence,546,12.1523,15.0196
2021-03-06,Middle Africa,Chad,Ndjamena,Violence against civilians,Attack,2,0,97859,Political violence,546,12.1523,15.0196
2021-03-20,Middle Africa,Chad,Ndjamena,Violence against civilians,Attack,1,0,97859,Political violence,546,12.1523,15.0196
2021-06-26,Middle Africa,Chad,Ndjamena,Violence against civilians,Attack,1,0,97859,Political violence,546,12.1523,15.0196
2021-07-24,Middle Africa,Chad,Ndjamena,Violence against civilians,Attack,1,1,429907,Political violence,546,12.1523,15.0196
2021-08-21,Middle Africa,Chad,Ndjamena,Violence against civilians,Attack,1,0,97859,Political violence,546,12.1523,15.0196
2021-10-09,Middle Africa,Chad,Ndjamena,Violence against civilians,Attack,1,0,97859,Political violence,546,12.1523,15.0196
2021-10-30,Middle Africa,Chad,Ndjamena,Violence against civilians,Attack,1,0,97859,Political violence,546,12.1523,15.0196
2021-11-27,Middle Africa,Chad,Ndjamena,Violence against civilians,Attack,1,1,429907,Political violence,546,12.1523,15.0196
2022-04-09,Middle Africa,Chad,Ndjamena,Violence against civilians,Attack,1,0,101062,Political violence,546,12.1523,15.0196
2022-04-30,Middle Africa,Chad,Ndjamena,Violence against civilians,Attack,1,1,443693,Political violence,546,12.1523,15.0196
2022-05-28,Middle Africa,Chad,Ndjamena,Violence against civilians,Attack,1,0,101062,Political violence,546,12.1523,15.0196
2022-06-18,Middle Africa,Chad,Ndjamena,Violence against civilians,Attack,1,1,424730,Political violence,546,12.1523,15.0196
2022-08-06,Middle Africa,Chad,Ndjamena,Violence against civilians,Attack,1,0,101062,Political violence,546,12.1523,15.0196
2022-11-12,Middle Africa,Chad,Ndjamena,Violence against civilians,Attack,1,0,101062,Political violence,546,12.1523,15.0196
2023-01-07,Middle Africa,Chad,Ndjamena,Violence against civilians,Attack,1,0,104162,Political violence,546,12.1523,15.0196
2023-02-18,Middle Africa,Chad,Ndjamena,Violence against civilians,Attack,1,1,437721,Political violence,546,12.1523,15.0196
2023-04-29,Middle Africa,Chad,Ndjamena,Violence against civilians,Attack,1,0,104162,Political violence,546,12.1523,15.0196
2023-06-10,Middle Africa,Chad,Ndjamena,Violence against civilians,Attack,1,0,104162,Political violence,546,12.1523,15.0196
2023-11-11,Middle Africa,Chad,Ndjamena,Violence against civilians,Attack,1,0,104162,Political violence,546,12.1523,15.0196
2024-01-06,Middle Africa,Chad,Ndjamena,Violence against civilians,Attack,1,1,480687,Political violence,546,12.1523,15.0196
2024-02-17,Middle Africa,Chad,Ndjamena,Violence against civilians,Attack,1,0,109664,Political violence,546,12.1523,15.0196
2024-02-24,Middle Africa,Chad,Ndjamena,Violence against civilians,Attack,1,1,480687,Political violence,546,12.1523,15.0196
2024-04-06,Middle Africa,Chad,Ndjamena,Violence against civilians,Attack,1,1,480687,Political violence,546,12.1523,15.0196
2024-05-18,Middle Africa,Chad,Ndjamena,Violence against civilians,Attack,1,1,480687,Political violence,546,12.1523,15.0196
2024-05-25,Middle Africa,Chad,Ndjamena,Violence against civilians,Attack,1,0,109664,Political violence,546,12.1523,15.0196
2024-09-14,Middle Africa,Chad,Ndjamena,Violence against civilians,Attack,1,1,480687,Political violence,546,12.1523,15.0196
2024-11-09,Middle Africa,Chad,Ndjamena,Violence against civilians,Attack,1,0,109664,Political violence,546,12.1523,15.0196
2025-02-22,Middle Africa,Chad,Ndjamena,Violence against civilians,Attack,1,0,113891,Political violence,546,12.1523,15.0196
2025-03-15,Middle Africa,Chad,Ndjamena,Violence against civilians,Attack,1,1,498832,Political violence,546,12.1523,15.0196
2025-05-17,Middle Africa,Chad,Ndjamena,Violence against civilians,Attack,1,1,498832,Political violence,546,12.1523,15.0196
2025-08-02,Middle Africa,Chad,Ndjamena,Violence against civilians,Attack,1,1,498832,Political violence,546,12.1523,15.0196
2025-08-16,Middle Africa,Chad,Ndjamena,Violence against civilians,Attack,1,0,113891,Political violence,546,12.1523,15.0196
2025-09-13,Middle Africa,Chad,Ndjamena,Violence against civilians,Attack,1,1,498712,Political violence,546,12.1523,15.0196
2025-10-11,Middle Africa,Chad,Ndjamena,Violence against civilians,Attack,1,0,113891,Political violence,546,12.1523,15.0196
2026-02-07,Middle Africa,Chad,Ndjamena,Violence against civilians,Attack,1,1,510705,Political violence,546,12.1523,15.0196
2026-02-21,Middle Africa,Chad,Ndjamena,Violence against civilians,Attack,1,4,510705,Political violence,546,12.1523,15.0196
2026-04-25,Middle Africa,Chad,Ndjamena,Violence against civilians,Attack,1,1,510705,Political violence,546,12.1523,15.0196
2026-07-11,Middle Africa,Chad,Ndjamena,Violence against civilians,Attack,1,0,116638,Political violence,546,12.1523,15.0196
2026-08-08,Middle Africa,Chad,Ndjamena,Violence against civilians,Attack,1,0,116638,Political violence,546,12.1523,15.0196
2025-01-11,Middle Africa,Chad,Ndjamena,Violence against civilians,Sexual violence,1,0,113891,Political violence,546,12.1523,15.0196
2026-01-24,Middle Africa,Chad,Ndjamena,Violence against civilians,Sexual violence,1,0,116638,Political violence,546,12.1523,15.0196
2020-05-30,Middle Africa,Chad,Ouaddai,Battles,Armed clash,1,0,13464,Political violence,547,13.5147,21.2678
2020-12-05,Middle Africa,Chad,Ouaddai,Battles,Armed clash,1,12,173096,Political violence,547,13.5147,21.2678
2021-08-14,Middle Africa,Chad,Ouaddai,Battles,Armed clash,1,6,179850,Political violence,547,13.5147,21.2678
2021-09-18,Middle Africa,Chad,Ouaddai,Battles,Armed clash,1,27,179850,Political violence,547,13.5147,21.2678
2022-01-29,Middle Africa,Chad,Ouaddai,Battles,Armed clash,2,1,21568,Political violence,547,13.5147,21.2678
2022-02-26,Middle Africa,Chad,Ouaddai,Battles,Armed clash,1,3,38586,Political violence,547,13.5147,21.2678
2022-10-22,Middle Africa,Chad,Ouaddai,Battles,Armed clash,1,0,19622,Political violence,547,13.5147,21.2678
2022-12-31,Middle Africa,Chad,Ouaddai,Battles,Armed clash,1,9,15,Political violence,547,13.5147,21.2678
2024-03-09,Middle Africa,Chad,Ouaddai,Battles,Armed clash,1,1,21089,Political violence,547,13.5147,21.2678
2024-05-04,Middle Africa,Chad,Ouaddai,Battles,Armed clash,1,1,207691,Political violence,547,13.5147,21.2678
2026-01-31,Middle Africa,Chad,Ouaddai,Battles,Armed clash,1,0,2204,Political violence,547,13.5147,21.2678
2025-11-29,Middle Africa,Chad,Ouaddai,Explosions/Remote violence,Air/drone strike,1,3,37011,Political violence,547,13.5147,21.2678
2025-05-10,Middle Africa,Chad,Ouaddai,Explosions/Remote violence,Grenade,1,0,44827,Political violence,547,13.5147,21.2678
2026-07-25,Middle Africa,Chad,Ouaddai,Explosions/Remote violence,Remote explosive/landmine/IED,1,1,223973,Political violence,547,13.5147,21.2678
2020-02-29,Middle Africa,Chad,Ouaddai,Protests,Excessive force against protesters,1,2,16857,Political violence; Demonstrations,547,13.5147,21.2678
2022-01-22,Middle Africa,Chad,Ouaddai,Protests,Excessive force against protesters,1,7,18190,Political violence; Demonstrations,547,13.5147,21.2678
2022-05-14,Middle Africa,Chad,Ouaddai,Protests,Excessive force against protesters,1,1,18190,Political violence; Demonstrations,547,13.5147,21.2678
2024-11-02,Middle Africa,Chad,Ouaddai,Protests,Excessive force against protesters,1,0,10,Political violence; Demonstrations,547,13.5147,21.2678
2020-01-04,Middle Africa,Chad,Ouaddai,Protests,Peaceful protest,1,0,16857,Demonstrations,547,13.5147,21.2678
2020-02-15,Middle Africa,Chad,Ouaddai,Protests,Peaceful protest,1,0,16857,Demonstrations,547,13.5147,21.2678
2020-02-29,Middle Africa,Chad,Ouaddai,Protests,Peaceful protest,1,0,16857,Demonstrations,547,13.5147,21.2678
2021-10-30,Middle Africa,Chad,Ouaddai,Protests,Peaceful protest,1,0,156,Demonstrations,547,13.5147,21.2678
2021-11-13,Middle Africa,Chad,Ouaddai,Protests,Peaceful protest,2,0,17638,Demonstrations,547,13.5147,21.2678
2021-12-04,Middle Africa,Chad,Ouaddai,Protests,Peaceful protest,1,0,17482,Demonstrations,547,13.5147,21.2678
2022-02-19,Middle Africa,Chad,Ouaddai,Protests,Peaceful protest,2,0,18190,Demonstrations,547,13.5147,21.2678
2022-10-01,Middle Africa,Chad,Ouaddai,Protests,Peaceful protest,1,0,18190,Demonstrations,547,13.5147,21.2678
2022-10-08,Middle Africa,Chad,Ouaddai,Protests,Peaceful protest,1,0,18190,Demonstrations,547,13.5147,21.2678
2022-10-15,Middle Africa,Chad,Ouaddai,Protests,Peaceful protest,2,0,18190,Demonstrations,547,13.5147,21.2678
2023-09-23,Middle Africa,Chad,Ouaddai,Protests,Peaceful protest,1,0,3831,Demonstrations,547,13.5147,21.2678
2023-09-30,Middle Africa,Chad,Ouaddai,Protests,Peaceful protest,1,0,3831,Demonstrations,547,13.5147,21.2678
2024-11-30,Middle Africa,Chad,Ouaddai,Protests,Peaceful protest,1,0,20023,Demonstrations,547,13.5147,21.2678
2025-05-10,Middle Africa,Chad,Ouaddai,Protests,Peaceful protest,1,0,20897,Demonstrations,547,13.5147,21.2678
2025-12-13,Middle Africa,Chad,Ouaddai,Protests,Peaceful protest,1,0,1626,Demonstrations,547,13.5147,21.2678
2026-07-25,Middle Africa,Chad,Ouaddai,Protests,Peaceful protest,1,0,23854,Demonstrations,547,13.5147,21.2678
2020-03-21,Middle Africa,Chad,Ouaddai,Protests,Protest with intervention,1,0,16857,Demonstrations,547,13.5147,21.2678
2020-10-31,Middle Africa,Chad,Ouaddai,Protests,Protest with intervention,1,0,16857,Demonstrations,547,13.5147,21.2678
2021-08-14,Middle Africa,Chad,Ouaddai,Protests,Protest with intervention,1,0,17482,Demonstrations,547,13.5147,21.2678
2021-11-13,Middle Africa,Chad,Ouaddai,Protests,Protest with intervention,1,0,17482,Demonstrations,547,13.5147,21.2678
2022-10-15,Middle Africa,Chad,Ouaddai,Protests,Protest with intervention,1,0,18190,Demonstrations,547,13.5147,21.2678
2023-04-29,Middle Africa,Chad,Ouaddai,Protests,Protest with intervention,1,0,18841,Demonstrations,547,13.5147,21.2678
2023-06-03,Middle Africa,Chad,Ouaddai,Protests,Protest with intervention,1,0,18841,Demonstrations,547,13.5147,21.2678
2022-12-31,Middle Africa,Chad,Ouaddai,Riots,Mob violence,1,1,81120,Political violence,547,13.5147,21.2678
2024-08-24,Middle Africa,Chad,Ouaddai,Riots,Mob violence,1,1,665,Political violence,547,13.5147,21.2678
2024-10-26,Middle Africa,Chad,Ouaddai,Riots,Mob violence,1,0,129,Political violence,547,13.5147,21.2678
2025-05-03,Middle Africa,Chad,Ouaddai,Riots,Mob violence,1,1,90320,Political violence,547,13.5147,21.2678
2025-06-07,Middle Africa,Chad,Ouaddai,Riots,Mob violence,1,4,2254,Political violence,547,13.5147,21.2678
2025-11-22,Middle Africa,Chad,Ouaddai,Riots,Mob violence,1,2,3262,Political violence,547,13.5147,21.2678
2026-03-28,Middle Africa,Chad,Ouaddai,Riots,Mob violence,1,0,7084,Political violence,547,13.5147,21.2678
2026-05-16,Middle Africa,Chad,Ouaddai,Riots,Mob violence,2,1,129856,Political violence,547,13.5147,21.2678
2026-06-06,Middle Africa,Chad,Ouaddai,Riots,Mob violence,1,0,1975,Political violence,547,13.5147,21.2678
2026-06-13,Middle Africa,Chad,Ouaddai,Riots,Mob violence,1,1,36942,Political violence,547,13.5147,21.2678
2026-06-20,Middle Africa,Chad,Ouaddai,Riots,Mob violence,1,0,92914,Political violence,547,13.5147,21.2678
2026-07-04,Middle Africa,Chad,Ouaddai,Riots,Mob violence,1,0,36942,Political violence,547,13.5147,21.2678
2022-01-22,Middle Africa,Chad,Ouaddai,Riots,Violent demonstration,1,7,78198,Demonstrations,547,13.5147,21.2678
2022-05-14,Middle Africa,Chad,Ouaddai,Riots,Violent demonstration,1,0,78198,Demonstrations,547,13.5147,21.2678
2024-04-20,Middle Africa,Chad,Ouaddai,Riots,Violent demonstration,1,0,86375,Demonstrations,547,13.5147,21.2678
2026-07-25,Middle Africa,Chad,Ouaddai,Riots,Violent demonstration,1,0,36942,Demonstrations,547,13.5147,21.2678
2023-04-15,Middle Africa,Chad,Ouaddai,Strategic developments,Arrests,1,0,,Strategic developments,547,13.5147,21.2678
2023-04-15,Middle Africa,Chad,Ouaddai,Strategic developments,Change to group/activity,1,0,,Strategic developments,547,13.5147,21.2678
2024-02-17,Middle Africa,Chad,Ouaddai,Strategic developments,Change to group/activity,1,0,,Strategic developments,547,13.5147,21.2678
2024-09-14,Middle Africa,Chad,Ouaddai,Strategic developments,Change to group/activity,1,0,,Strategic developments,547,13.5147,21.2678
2025-01-25,Middle Africa,Chad,Ouaddai,Strategic developments,Change to group/activity,1,0,,Strategic developments,547,13.5147,21.2678
2025-10-25,Middle Africa,Chad,Ouaddai,Strategic developments,Change to group/activity,1,0,,Strategic developments,547,13.5147,21.2678
2025-11-15,Middle Africa,Chad,Ouaddai,Strategic developments,Change to group/activity,1,0,,Strategic developments,547,13.5147,21.2678
2026-04-04,Middle Africa,Chad,Ouaddai,Strategic developments,Change to group/activity,1,0,,Strategic developments,547,13.5147,21.2678
2026-08-29,Middle Africa,Chad,Ouaddai,Strategic developments,Change to group/activity,1,0,,Strategic developments,547,13.5147,21.2678
2023-09-23,Middle Africa,Chad,Ouaddai,Strategic developments,Disrupted weapons use,1,0,,Strategic developments,547,13.5147,21.2678
2026-07-04,Middle Africa,Chad,Ouaddai,Strategic developments,Disrupted weapons use,1,0,,Strategic developments,547,13.5147,21.2678
2026-07-25,Middle Africa,Chad,Ouaddai,Strategic developments,Disrupted weapons use,2,0,,Strategic developments,547,13.5147,21.2678
2025-01-11,Middle Africa,Chad,Ouaddai,Strategic developments,Headquarters or base established,1,0,,Strategic developments,547,13.5147,21.2678
2022-06-04,Middle Africa,Chad,Ouaddai,Strategic developments,Looting/property destruction,1,0,,Strategic developments,547,13.5147,21.2678
2025-01-04,Middle Africa,Chad,Ouaddai,Strategic developments,Looting/property destruction,1,0,,Strategic developments,547,13.5147,21.2678
2026-05-23,Middle Africa,Chad,Ouaddai,Strategic developments,Looting/property destruction,1,0,,Strategic developments,547,13.5147,21.2678
2023-04-15,Middle Africa,Chad,Ouaddai,Strategic developments,Other,1,0,,Strategic developments,547,13.5147,21.2678
2023-05-20,Middle Africa,Chad,Ouaddai,Strategic developments,Other,1,0,,Strategic developments,547,13.5147,21.2678
2023-07-29,Middle Africa,Chad,Ouaddai,Strategic developments,Other,1,0,,Strategic developments,547,13.5147,21.2678
2023-08-19,Middle Africa,Chad,Ouaddai,Strategic developments,Other,1,0,,Strategic developments,547,13.5147,21.2678
2024-09-28,Middle Africa,Chad,Ouaddai,Strategic developments,Other,1,0,,Strategic developments,547,13.5147,21.2678
2025-03-08,Middle Africa,Chad,Ouaddai,Strategic developments,Other,1,0,,Strategic developments,547,13.5147,21.2678
2026-07-25,Middle Africa,Chad,Ouaddai,Violence against civilians,Abduction/forced disappearance,2,0,36942,Political violence,547,13.5147,21.2678
2020-02-01,Middle Africa,Chad,Ouaddai,Violence against civilians,Attack,1,1,567,Political violence,547,13.5147,21.2678
2020-05-30,Middle Africa,Chad,Ouaddai,Violence against civilians,Attack,1,1,35771,Political violence,547,13.5147,21.2678
2020-10-31,Middle Africa,Chad,Ouaddai,Violence against civilians,Attack,1,1,35771,Political violence,547,13.5147,21.2678
2021-02-13,Middle Africa,Chad,Ouaddai,Violence against civilians,Attack,1,0,75074,Political violence,547,13.5147,21.2678
2021-09-04,Middle Africa,Chad,Ouaddai,Violence against civilians,Attack,1,1,8196,Political violence,547,13.5147,21.2678
2021-11-27,Middle Africa,Chad,Ouaddai,Violence against civilians,Attack,1,1,8196,Political violence,547,13.5147,21.2678
2022-04-30,Middle Africa,Chad,Ouaddai,Violence against civilians,Attack,1,1,38586,Political violence,547,13.5147,21.2678
2022-07-30,Middle Africa,Chad,Ouaddai,Violence against civilians,Attack,2,2,8535,Political violence,547,13.5147,21.2678
2022-09-03,Middle Africa,Chad,Ouaddai,Violence against civilians,Attack,1,1,1919,Political violence,547,13.5147,21.2678
2022-10-22,Middle Africa,Chad,Ouaddai,Violence against civilians,Attack,1,0,6529,Political violence,547,13.5147,21.2678
2022-11-12,Middle Africa,Chad,Ouaddai,Violence against civilians,Attack,1,1,8535,Political violence,547,13.5147,21.2678
2023-01-28,Middle Africa,Chad,Ouaddai,Violence against civilians,Attack,1,0,21023,Political violence,547,13.5147,21.2678
2023-05-06,Middle Africa,Chad,Ouaddai,Violence against civilians,Attack,1,1,194769,Political violence,547,13.5147,21.2678
2023-08-05,Middle Africa,Chad,Ouaddai,Violence against civilians,Attack,1,0,6113,Political violence,547,13.5147,21.2678
2023-08-19,Middle Africa,Chad,Ouaddai,Violence against civilians,Attack,1,0,6113,Political violence,547,13.5147,21.2678
2023-09-23,Middle Africa,Chad,Ouaddai,Violence against civilians,Attack,1,1,8853,Political violence,547,13.5147,21.2678
2024-03-16,Middle Africa,Chad,Ouaddai,Violence against civilians,Attack,1,27,43320,Political violence,547,13.5147,21.2678
2024-04-27,Middle Africa,Chad,Ouaddai,Violence against civilians,Attack,1,0,86375,Political violence,547,13.5147,21.2678
2024-08-17,Middle Africa,Chad,Ouaddai,Violence against civilians,Attack,1,0,6538,Political violence,547,13.5147,21.2678
2024-08-24,Middle Africa,Chad,Ouaddai,Violence against civilians,Attack,1,0,37446,Political violence,547,13.5147,21.2678
2024-11-30,Middle Africa,Chad,Ouaddai,Violence against civilians,Attack,1,1,42637,Political violence,547,13.5147,21.2678
2025-04-12,Middle Africa,Chad,Ouaddai,Violence against civilians,Attack,1,0,6876,Political violence,547,13.5147,21.2678
2025-04-19,Middle Africa,Chad,Ouaddai,Violence against civilians,Attack,1,1,9871,Political violence,547,13.5147,21.2678
2025-06-07,Middle Africa,Chad,Ouaddai,Violence against civilians,Attack,2,14,7827,Political violence,547,13.5147,21.2678
2025-06-14,Middle Africa,Chad,Ouaddai,Violence against civilians,Attack,1,10,7827,Political violence,547,13.5147,21.2678
2025-07-19,Middle Africa,Chad,Ouaddai,Violence against civilians,Attack,1,0,895,Political violence,547,13.5147,21.2678
2025-10-11,Middle Africa,Chad,Ouaddai,Violence against civilians,Attack,2,2,29877,Political violence,547,13.5147,21.2678
2025-11-22,Middle Africa,Chad,Ouaddai,Violence against civilians,Attack,1,0,6972,Political violence,547,13.5147,21.2678
2025-12-06,Middle Africa,Chad,Ouaddai,Violence against civilians,Attack,1,0,895,Political violence,547,13.5147,21.2678
2025-12-13,Middle Africa,Chad,Ouaddai,Violence against civilians,Attack,2,0,15804,Political violence,547,13.5147,21.2678
2026-01-31,Middle Africa,Chad,Ouaddai,Violence against civilians,Attack,1,0,130,Political violence,547,13.5147,21.2678
2026-03-07,Middle Africa,Chad,Ouaddai,Violence against civilians,Attack,1,0,36942,Political violence,547,13.5147,21.2678
2026-04-25,Middle Africa,Chad,Ouaddai,Violence against civilians,Attack,4,6,291894,Political violence,547,13.5147,21.2678
2026-05-09,Middle Africa,Chad,Ouaddai,Violence against civilians,Attack,1,0,36942,Political violence,547,13.5147,21.2678
2026-05-23,Middle Africa,Chad,Ouaddai,Violence against civilians,Attack,1,1,38072,Political violence,547,13.5147,21.2678
2026-06-13,Middle Africa,Chad,Ouaddai,Violence against civilians,Attack,1,0,4294,Political violence,547,13.5147,21.2678
2026-07-11,Middle Africa,Chad,Ouaddai,Violence against civilians,Attack,2,1,130986,Political violence,547,13.5147,21.2678
2023-09-09,Middle Africa,Chad,Ouaddai,Violence against civilians,Sexual violence,1,0,6113,Political violence,547,13.5147,21.2678
2023-09-23,Middle Africa,Chad,Ouaddai,Violence against civilians,Sexual violence,1,0,6113,Political violence,547,13.5147,21.2678
2024-08-24,Middle Africa,Chad,Ouaddai,Violence against civilians,Sexual violence,1,0,37446,Political violence,547,13.5147,21.2678
2024-09-21,Middle Africa,Chad,Ouaddai,Violence against civilians,Sexual violence,1,0,37446,Political violence,547,13.5147,21.2678
2025-10-18,Middle Africa,Chad,Ouaddai,Violence against civilians,Sexual violence,1,1,10618,Political violence,547,13.5147,21.2678
2025-12-27,Middle Africa,Chad,Ouaddai,Violence against civilians,Sexual violence,1,0,6876,Political violence,547,13.5147,21.2678
2020-12-26,Middle Africa,Chad,Salamat,Battles,Armed clash,1,4,1587,Political violence,548,10.6118,20.7096
2021-01-02,Middle Africa,Chad,Salamat,Battles,Armed clash,1,3,1587,Political violence,548,10.6118,20.7096
2021-02-13,Middle Africa,Chad,Salamat,Battles,Armed clash,1,35,1587,Political violence,548,10.6118,20.7096
2021-04-10,Middle Africa,Chad,Salamat,Battles,Armed clash,4,64,9028,Political violence,548,10.6118,20.7096
2024-05-18,Middle Africa,Chad,Salamat,Battles,Armed clash,1,1,20,Political violence,548,10.6118,20.7096
2025-06-14,Middle Africa,Chad,Salamat,Battles,Armed clash,2,8,9516,Political violence,548,10.6118,20.7096
2025-06-21,Middle Africa,Chad,Salamat,Battles,Armed clash,1,19,1702,Political violence,548,10.6118,20.7096
2026-01-31,Middle Africa,Chad,Salamat,Battles,Armed clash,1,0,3355,Political violence,548,10.6118,20.7096
2021-08-07,Middle Africa,Chad,Salamat,Protests,Peaceful protest,1,0,32915,Demonstrations,548,10.6118,20.7096
2022-05-14,Middle Africa,Chad,Salamat,Protests,Protest with intervention,2,0,34457,Demonstrations,548,10.6118,20.7096
2020-04-25,Middle Africa,Chad,Salamat,Riots,Mob violence,1,0,69342,Political violence,548,10.6118,20.7096
2023-03-25,Middle Africa,Chad,Salamat,Riots,Mob violence,1,0,6200,Political violence,548,10.6118,20.7096
2023-11-04,Middle Africa,Chad,Salamat,Riots,Mob violence,1,0,78920,Political violence,548,10.6118,20.7096
2025-08-30,Middle Africa,Chad,Salamat,Riots,Mob violence,1,5,88992,Political violence,548,10.6118,20.7096
2025-12-13,Middle Africa,Chad,Salamat,Strategic developments,Change to group/activity,1,0,,Strategic developments,548,10.6118,20.7096
2026-01-31,Middle Africa,Chad,Salamat,Strategic developments,Change to group/activity,1,0,,Strategic developments,548,10.6118,20.7096
2021-02-13,Middle Africa,Chad,Salamat,Violence against civilians,Attack,1,1,1587,Political violence,548,10.6118,20.7096
2021-04-10,Middle Africa,Chad,Salamat,Violence against civilians,Attack,1,1,140763,Political violence,548,10.6118,20.7096
2024-04-06,Middle Africa,Chad,Salamat,Violence against civilians,Attack,1,0,84580,Political violence,548,10.6118,20.7096
2024-05-04,Middle Africa,Chad,Salamat,Violence against civilians,Attack,1,1,163863,Political violence,548,10.6118,20.7096
2024-06-01,Middle Africa,Chad,Salamat,Violence against civilians,Attack,1,1,163863,Political violence,548,10.6118,20.7096
2024-06-08,Middle Africa,Chad,Salamat,Violence against civilians,Attack,1,1,20,Political violence,548,10.6118,20.7096
2020-06-20,Middle Africa,Chad,Sila,Battles,Armed clash,1,1,18829,Political violence,549,11.996,21.4824
2020-12-19,Middle Africa,Chad,Sila,Battles,Armed clash,1,2,8074,Political violence,549,11.996,21.4824
2023-06-03,Middle Africa,Chad,Sila,Battles,Armed clash,1,2,10497,Political violence,549,11.996,21.4824
2023-06-10,Middle Africa,Chad,Sila,Battles,Armed clash,1,2,7475,Political violence,549,11.996,21.4824
2024-03-16,Middle Africa,Chad,Sila,Battles,Armed clash,3,42,8176,Political violence,549,11.996,21.4824
2025-01-25,Middle Africa,Chad,Sila,Battles,Armed clash,1,4,13984,Political violence,549,11.996,21.4824
2026-02-21,Middle Africa,Chad,Sila,Battles,Armed clash,1,0,6535,Political violence,549,11.996,21.4824
2026-03-21,Middle Africa,Chad,Sila,Battles,Armed clash,1,3,2515,Political violence,549,11.996,21.4824
2024-07-06,Middle Africa,Chad,Sila,Explosions/Remote violence,Grenade,1,1,24114,Political violence,549,11.996,21.4824
2022-07-30,Middle Africa,Chad,Sila,Protests,Peaceful protest,1,0,4333,Demonstrations,549,11.996,21.4824
2024-07-13,Middle Africa,Chad,Sila,Protests,Peaceful protest,1,0,2945,Demonstrations,549,11.996,21.4824
2022-04-02,Middle Africa,Chad,Sila,Riots,Mob violence,1,0,12774,Political violence,549,11.996,21.4824
2022-06-04,Middle Africa,Chad,Sila,Riots,Mob violence,1,2,4918,Political violence,549,11.996,21.4824
2023-07-01,Middle Africa,Chad,Sila,Riots,Mob violence,1,0,5747,Political violence,549,11.996,21.4824
2025-01-04,Middle Africa,Chad,Sila,Riots,Mob violence,1,2,17157,Political violence,549,11.996,21.4824
2025-07-12,Middle Africa,Chad,Sila,Riots,Mob violence,1,8,17157,Political violence,549,11.996,21.4824
2025-11-22,Middle Africa,Chad,Sila,Riots,Mob violence,1,0,7300,Political violence,549,11.996,21.4824
2026-03-28,Middle Africa,Chad,Sila,Riots,Mob violence,2,0,23857,Political violence,549,11.996,21.4824
2022-04-30,Middle Africa,Chad,Sila,Strategic developments,Looting/property destruction,1,0,,Strategic developments,549,11.996,21.4824
2026-05-16,Middle Africa,Chad,Sila,Strategic developments,Looting/property destruction,1,0,,Strategic developments,549,11.996,21.4824
2023-05-27,Middle Africa,Chad,Sila,Strategic developments,Other,1,0,,Strategic developments,549,11.996,21.4824
2020-02-29,Middle Africa,Chad,Sila,Violence against civilians,Attack,1,6,2927,Political violence,549,11.996,21.4824
2020-05-16,Middle Africa,Chad,Sila,Violence against civilians,Attack,1,2,9126,Political violence,549,11.996,21.4824
2020-05-23,Middle Africa,Chad,Sila,Violence against civilians,Attack,1,1,9126,Political violence,549,11.996,21.4824
2022-01-01,Middle Africa,Chad,Sila,Violence against civilians,Attack,1,1,3527,Political violence,549,11.996,21.4824
2022-04-30,Middle Africa,Chad,Sila,Violence against civilians,Attack,1,0,4323,Political violence,549,11.996,21.4824
2023-10-21,Middle Africa,Chad,Sila,Violence against civilians,Attack,1,2,7475,Political violence,549,11.996,21.4824
2023-11-18,Middle Africa,Chad,Sila,Violence against civilians,Attack,2,2,17972,Political violence,549,11.996,21.4824
2024-01-27,Middle Africa,Chad,Sila,Violence against civilians,Attack,1,1,22300,Political violence,549,11.996,21.4824
2024-04-20,Middle Africa,Chad,Sila,Violence against civilians,Attack,1,1,3078,Political violence,549,11.996,21.4824
2024-11-02,Middle Africa,Chad,Sila,Violence against civilians,Attack,1,1,18732,Political violence,549,11.996,21.4824
2025-10-11,Middle Africa,Chad,Sila,Violence against civilians,Attack,1,3,1959,Political violence,549,11.996,21.4824
2026-05-16,Middle Africa,Chad,Sila,Violence against civilians,Attack,1,0,17753,Political violence,549,11.996,21.4824
2026-05-23,Middle Africa,Chad,Sila,Violence against civilians,Attack,2,0,19699,Political violence,549,11.996,21.4824
2026-06-13,Middle Africa,Chad,Sila,Violence against civilians,Attack,1,1,7227,Political violence,549,11.996,21.4824
2020-03-07,Middle Africa,Chad,Tandjile,Battles,Armed clash,1,1,51026,Political violence,550,9.6484,16.6525
2020-06-06,Middle Africa,Chad,Tandjile,Battles,Armed clash,1,2,10079,Political violence,550,9.6484,16.6525
2020-08-08,Middle Africa,Chad,Tandjile,Battles,Armed clash,1,4,51026,Political violence,550,9.6484,16.6525
2020-12-12,Middle Africa,Chad,Tandjile,Battles,Armed clash,1,7,21236,Political violence,550,9.6484,16.6525
2022-05-28,Middle Africa,Chad,Tandjile,Battles,Armed clash,1,1,97381,Political violence,550,9.6484,16.6525
2024-01-13,Middle Africa,Chad,Tandjile,Battles,Armed clash,1,3,29120,Political violence,550,9.6484,16.6525
2021-11-06,Middle Africa,Chad,Tandjile,Protests,Peaceful protest,2,0,25684,Demonstrations,550,9.6484,16.6525
2023-04-29,Middle Africa,Chad,Tandjile,Protests,Peaceful protest,1,0,12673,Demonstrations,550,9.6484,16.6525
2020-12-12,Middle Africa,Chad,Tandjile,Riots,Mob violence,1,0,41118,Political violence,550,9.6484,16.6525
2021-03-13,Middle Africa,Chad,Tandjile,Riots,Mob violence,1,1,42729,Political violence,550,9.6484,16.6525
2022-04-30,Middle Africa,Chad,Tandjile,Riots,Mob violence,1,2,34211,Political violence,550,9.6484,16.6525
2026-05-16,Middle Africa,Chad,Tandjile,Riots,Mob violence,1,4,31892,Political violence,550,9.6484,16.6525
2026-06-20,Middle Africa,Chad,Tandjile,Riots,Mob violence,1,2,1552,Political violence,550,9.6484,16.6525
2021-01-23,Middle Africa,Chad,Tandjile,Riots,Violent demonstration,1,0,7290,Demonstrations,550,9.6484,16.6525
2022-07-16,Middle Africa,Chad,Tandjile,Riots,Violent demonstration,1,0,27102,Demonstrations,550,9.6484,16.6525
2020-08-29,Middle Africa,Chad,Tandjile,Strategic developments,Arrests,1,0,,Strategic developments,550,9.6484,16.6525
2022-08-13,Middle Africa,Chad,Tandjile,Strategic developments,Other,1,0,,Strategic developments,550,9.6484,16.6525
2024-02-03,Middle Africa,Chad,Tandjile,Violence against civilians,Abduction/forced disappearance,1,0,9543,Political violence,550,9.6484,16.6525
2025-11-29,Middle Africa,Chad,Tandjile,Violence against civilians,Abduction/forced disappearance,1,0,544,Political violence,550,9.6484,16.6525
2020-06-06,Middle Africa,Chad,Tandjile,Violence against civilians,Attack,1,1,9882,Political violence,550,9.6484,16.6525
2022-03-26,Middle Africa,Chad,Tandjile,Violence against civilians,Attack,1,0,34211,Political violence,550,9.6484,16.6525
2024-06-22,Middle Africa,Chad,Tandjile,Violence against civilians,Attack,1,1,10417,Political violence,550,9.6484,16.6525
2025-04-26,Middle Africa,Chad,Tandjile,Violence against civilians,Sexual violence,1,0,39250,Political violence,550,9.6484,16.6525
2020-01-11,Middle Africa,Chad,Tibesti,Battles,Armed clash,1,13,,Political violence,551,20.2226,18.2624
2020-02-15,Middle Africa,Chad,Tibesti,Battles,Armed clash,1,43,,Political violence,551,20.2226,18.2624
2020-06-13,Middle Africa,Chad,Tibesti,Battles,Armed clash,2,24,3442,Political violence,551,20.2226,18.2624
2020-06-20,Middle Africa,Chad,Tibesti,Battles,Armed clash,1,6,,Political violence,551,20.2226,18.2624
2020-06-27,Middle Africa,Chad,Tibesti,Battles,Armed clash,1,0,1064,Political violence,551,20.2226,18.2624
2020-07-18,Middle Africa,Chad,Tibesti,Battles,Armed clash,2,3,3436,Political violence,551,20.2226,18.2624
2020-08-29,Middle Africa,Chad,Tibesti,Battles,Armed clash,1,3,,Political violence,551,20.2226,18.2624
2020-09-05,Middle Africa,Chad,Tibesti,Battles,Armed clash,1,1,,Political violence,551,20.2226,18.2624
2021-01-23,Middle Africa,Chad,Tibesti,Battles,Armed clash,1,0,,Political violence,551,20.2226,18.2624
2021-04-17,Middle Africa,Chad,Tibesti,Battles,Armed clash,1,0,,Political violence,551,20.2226,18.2624
2022-05-21,Middle Africa,Chad,Tibesti,Battles,Armed clash,4,300,,Political violence,551,20.2226,18.2624
2022-05-28,Middle Africa,Chad,Tibesti,Battles,Armed clash,1,0,,Political violence,551,20.2226,18.2624
2022-08-20,Middle Africa,Chad,Tibesti,Battles,Armed clash,1,6,774,Political violence,551,20.2226,18.2624
2022-10-29,Middle Africa,Chad,Tibesti,Battles,Armed clash,2,0,2,Political violence,551,20.2226,18.2624
2022-12-24,Middle Africa,Chad,Tibesti,Battles,Armed clash,1,3,774,Political violence,551,20.2226,18.2624
2023-01-28,Middle Africa,Chad,Tibesti,Battles,Armed clash,1,3,,Political violence,551,20.2226,18.2624
2023-02-18,Middle Africa,Chad,Tibesti,Battles,Armed clash,1,1,1207,Political violence,551,20.2226,18.2624
2023-02-25,Middle Africa,Chad,Tibesti,Battles,Armed clash,1,0,799,Political violence,551,20.2226,18.2624
2023-03-25,Middle Africa,Chad,Tibesti,Battles,Armed clash,2,32,1207,Political violence,551,20.2226,18.2624
2023-05-27,Middle Africa,Chad,Tibesti,Battles,Armed clash,5,24,799,Political violence,551,20.2226,18.2624
2023-06-03,Middle Africa,Chad,Tibesti,Battles,Armed clash,3,15,,Political violence,551,20.2226,18.2624
2023-08-05,Middle Africa,Chad,Tibesti,Battles,Armed clash,1,0,,Political violence,551,20.2226,18.2624
2024-03-30,Middle Africa,Chad,Tibesti,Battles,Armed clash,1,3,,Political violence,551,20.2226,18.2624
2026-06-13,Middle Africa,Chad,Tibesti,Battles,Armed clash,1,2,703,Political violence,551,20.2226,18.2624
2021-04-17,Middle Africa,Chad,Tibesti,Battles,Government regains territory,1,0,6,Political violence,551,20.2226,18.2624
2020-02-08,Middle Africa,Chad,Tibesti,Battles,Non-state actor overtakes territory,1,0,,Political violence,551,20.2226,18.2624
2021-04-10,Middle Africa,Chad,Tibesti,Battles,Non-state actor overtakes territory,1,0,,Political violence,551,20.2226,18.2624
2021-04-10,Middle Africa,Chad,Tibesti,Explosions/Remote violence,Air/drone strike,1,0,6,Political violence,551,20.2226,18.2624
2020-04-04,Middle Africa,Chad,Tibesti,Explosions/Remote violence,Remote explosive/landmine/IED,1,0,,Political violence,551,20.2226,18.2624
2021-06-12,Middle Africa,Chad,Tibesti,Explosions/Remote violence,Remote explosive/landmine/IED,1,8,,Political violence,551,20.2226,18.2624
2023-01-07,Middle Africa,Chad,Tibesti,Protests,Peaceful protest,1,0,,Demonstrations,551,20.2226,18.2624
2023-12-02,Middle Africa,Chad,Tibesti,Protests,Peaceful protest,1,0,2353,Demonstrations,551,20.2226,18.2624
2023-12-09,Middle Africa,Chad,Tibesti,Protests,Peaceful protest,1,0,388,Demonstrations,551,20.2226,18.2624
2025-04-12,Middle Africa,Chad,Tibesti,Riots,Mob violence,1,0,1365,Political violence,551,20.2226,18.2624
2020-08-29,Middle Africa,Chad,Tibesti,Riots,Violent demonstration,1,0,,Demonstrations,551,20.2226,18.2624
2025-04-19,Middle Africa,Chad,Tibesti,Strategic developments,Agreement,1,0,,Strategic developments,551,20.2226,18.2624
2025-08-30,Middle Africa,Chad,Tibesti,Strategic developments,Agreement,1,0,,Strategic developments,551,20.2226,18.2624
2025-09-20,Middle Africa,Chad,Tibesti,Strategic developments,Agreement,2,0,,Strategic developments,551,20.2226,18.2624
2025-09-27,Middle Africa,Chad,Tibesti,Strategic developments,Agreement,1,0,,Strategic developments,551,20.2226,18.2624
2023-11-11,Middle Africa,Chad,Tibesti,Strategic developments,Change to group/activity,1,0,,Strategic developments,551,20.2226,18.2624
2025-09-20,Middle Africa,Chad,Tibesti,Strategic developments,Change to group/activity,1,0,,Strategic developments,551,20.2226,18.2624
2025-09-20,Middle Africa,Chad,Tibesti,Strategic developments,Headquarters or base established,1,0,,Strategic developments,551,20.2226,18.2624
2021-04-10,Middle Africa,Chad,Tibesti,Strategic developments,Non-violent transfer of territory,2,0,,Strategic developments,551,20.2226,18.2624
2021-03-20,Middle Africa,Chad,Tibesti,Strategic developments,Other,1,0,,Strategic developments,551,20.2226,18.2624
2020-05-09,Middle Africa,Chad,Tibesti,Violence against civilians,Attack,1,27,177,Political violence,551,20.2226,18.2624
2021-08-14,Middle Africa,Chad,Tibesti,Violence against civilians,Attack,1,0,48,Political violence,551,20.2226,18.2624
2021-09-04,Middle Africa,Chad,Tibesti,Violence against civilians,Attack,1,1,6,Political violence,551,20.2226,18.2624
2021-10-16,Middle Africa,Chad,Tibesti,Violence against civilians,Attack,1,0,2617,Political violence,551,20.2226,18.2624
2022-12-03,Middle Africa,Chad,Tibesti,Violence against civilians,Attack,1,2,3718,Political violence,551,20.2226,18.2624
2025-05-10,Middle Africa,Chad,Tibesti,Violence against civilians,Attack,1,2,,Political violence,551,20.2226,18.2624
2020-02-08,Middle Africa,Chad,Wadi Fira,Battles,Armed clash,4,0,52329,Political violence,552,14.9451,21.4027
2020-12-26,Middle Africa,Chad,Wadi Fira,Battles,Armed clash,1,10,9620,Political violence,552,14.9451,21.4027
2021-11-13,Middle Africa,Chad,Wadi Fira,Battles,Armed clash,1,4,10060,Political violence,552,14.9451,21.4027
2026-01-10,Middle Africa,Chad,Wadi Fira,Battles,Armed clash,1,7,23189,Political violence,552,14.9451,21.4027
2026-02-21,Middle Africa,Chad,Wadi Fira,Battles,Armed clash,1,5,4508,Political violence,552,14.9451,21.4027
2026-07-04,Middle Africa,Chad,Wadi Fira,Battles,Armed clash,1,0,2457,Political violence,552,14.9451,21.4027
2025-12-20,Middle Africa,Chad,Wadi Fira,Explosions/Remote violence,Air/drone strike,1,2,16887,Political violence,552,14.9451,21.4027
2026-02-07,Middle Africa,Chad,Wadi Fira,Explosions/Remote violence,Air/drone strike,2,3,23189,Political violence,552,14.9451,21.4027
2026-03-14,Middle Africa,Chad,Wadi Fira,Explosions/Remote violence,Air/drone strike,1,17,23189,Political violence,552,14.9451,21.4027
2026-07-18,Middle Africa,Chad,Wadi Fira,Explosions/Remote violence,Air/drone strike,2,3,24876,Political violence,552,14.9451,21.4027
2026-02-21,Middle Africa,Chad,Wadi Fira,Explosions/Remote violence,Shelling/artillery/missile attack,1,0,23189,Political violence,552,14.9451,21.4027
2021-06-05,Middle Africa,Chad,Wadi Fira,Protests,Peaceful protest,1,0,5376,Demonstrations,552,14.9451,21.4027
2021-12-18,Middle Africa,Chad,Wadi Fira,Protests,Peaceful protest,1,0,122,Demonstrations,552,14.9451,21.4027
2023-10-28,Middle Africa,Chad,Wadi Fira,Protests,Peaceful protest,3,0,4441,Demonstrations,552,14.9451,21.4027
2024-01-20,Middle Africa,Chad,Wadi Fira,Protests,Peaceful protest,1,0,4747,Demonstrations,552,14.9451,21.4027
2024-08-10,Middle Africa,Chad,Wadi Fira,Protests,Peaceful protest,4,0,4094,Demonstrations,552,14.9451,21.4027
2024-08-17,Middle Africa,Chad,Wadi Fira,Protests,Peaceful protest,1,0,3874,Demonstrations,552,14.9451,21.4027
2025-03-15,Middle Africa,Chad,Wadi Fira,Protests,Peaceful protest,1,0,4070,Demonstrations,552,14.9451,21.4027
2025-12-13,Middle Africa,Chad,Wadi Fira,Protests,Peaceful protest,1,0,6682,Demonstrations,552,14.9451,21.4027
2026-04-25,Middle Africa,Chad,Wadi Fira,Protests,Peaceful protest,1,0,9115,Demonstrations,552,14.9451,21.4027
2026-07-25,Middle Africa,Chad,Wadi Fira,Protests,Peaceful protest,1,0,6864,Demonstrations,552,14.9451,21.4027
2026-08-01,Middle Africa,Chad,Wadi Fira,Protests,Peaceful protest,1,0,,Demonstrations,552,14.9451,21.4027
2026-04-25,Middle Africa,Chad,Wadi Fira,Riots,Mob violence,6,66,23606,Political violence,552,14.9451,21.4027
2026-05-23,Middle Africa,Chad,Wadi Fira,Riots,Mob violence,2,1,4882,Political violence,552,14.9451,21.4027
2026-07-04,Middle Africa,Chad,Wadi Fira,Riots,Mob violence,2,12,23474,Political violence,552,14.9451,21.4027
2021-10-23,Middle Africa,Chad,Wadi Fira,Riots,Violent demonstration,1,0,45,Demonstrations,552,14.9451,21.4027
2026-06-13,Middle Africa,Chad,Wadi Fira,Riots,Violent demonstration,1,0,18846,Demonstrations,552,14.9451,21.4027
2026-01-10,Middle Africa,Chad,Wadi Fira,Strategic developments,Change to group/activity,1,0,,Strategic developments,552,14.9451,21.4027
2026-02-21,Middle Africa,Chad,Wadi Fira,Strategic developments,Change to group/activity,2,0,,Strategic developments,552,14.9451,21.4027
2026-03-07,Middle Africa,Chad,Wadi Fira,Strategic developments,Change to group/activity,1,0,,Strategic developments,552,14.9451,21.4027
2026-03-14,Middle Africa,Chad,Wadi Fira,Strategic developments,Change to group/activity,1,0,,Strategic developments,552,14.9451,21.4027
2026-03-21,Middle Africa,Chad,Wadi Fira,Strategic developments,Change to group/activity,1,0,,Strategic developments,552,14.9451,21.4027
2026-08-29,Middle Africa,Chad,Wadi Fira,Strategic developments,Disrupted weapons use,1,0,,Strategic developments,552,14.9451,21.4027
2024-11-09,Middle Africa,Chad,Wadi Fira,Strategic developments,Looting/property destruction,1,0,,Strategic developments,552,14.9451,21.4027
2025-10-11,Middle Africa,Chad,Wadi Fira,Strategic developments,Looting/property destruction,1,0,,Strategic developments,552,14.9451,21.4027
2025-12-13,Middle Africa,Chad,Wadi Fira,Strategic developments,Looting/property destruction,1,0,,Strategic developments,552,14.9451,21.4027
2026-05-09,Middle Africa,Chad,Wadi Fira,Strategic developments,Looting/property destruction,1,0,,Strategic developments,552,14.9451,21.4027
2026-05-23,Middle Africa,Chad,Wadi Fira,Strategic developments,Looting/property destruction,1,0,,Strategic developments,552,14.9451,21.4027
2026-04-25,Middle Africa,Chad,Wadi Fira,Strategic developments,Other,1,0,,Strategic developments,552,14.9451,21.4027
2022-10-22,Middle Africa,Chad,Wadi Fira,Violence against civilians,Abduction/forced disappearance,1,0,19595,Political violence,552,14.9451,21.4027
2026-01-10,Middle Africa,Chad,Wadi Fira,Violence against civilians,Abduction/forced disappearance,1,0,22415,Political violence,552,14.9451,21.4027
2022-01-15,Middle Africa,Chad,Wadi Fira,Violence against civilians,Attack,1,0,1304,Political violence,552,14.9451,21.4027
2023-11-25,Middle Africa,Chad,Wadi Fira,Violence against civilians,Attack,1,1,4984,Political violence,552,14.9451,21.4027
2025-07-12,Middle Africa,Chad,Wadi Fira,Violence against civilians,Attack,1,0,9973,Political violence,552,14.9451,21.4027
2025-10-25,Middle Africa,Chad,Wadi Fira,Violence against civilians,Attack,1,0,6269,Political violence,552,14.9451,21.4027
2026-01-03,Middle Africa,Chad,Wadi Fira,Violence against civilians,Attack,1,0,22415,Political violence,552,14.9451,21.4027
2026-03-28,Middle Africa,Chad,Wadi Fira,Violence against civilians,Attack,1,1,2457,Political violence,552,14.9451,21.4027
2026-06-06,Middle Africa,Chad,Wadi Fira,Violence against civilians,Attack,1,0,1697,Political violence,552,14.9451,21.4027
2026-07-04,Middle Africa,Chad,Wadi Fira,Violence against civilians,Attack,2,2,31848,Political violence,552,14.9451,21.4027
2021-10-02,Middle Africa,Chad,Wadi Fira,Violence against civilians,Sexual violence,2,0,11286,Political violence,552,14.9451,21.4027
2024-03-02,Middle Africa,Chad,Wadi Fira,Violence against civilians,Sexual violence,1,0,2313,Political violence,552,14.9451,21.4027
2026-01-10,Middle Africa,Chad,Wadi Fira,Violence against civilians,Sexual violence,1,0,5259,Political violence,552,14.9451,21.4027
